[2026-05-26T06:04:11.255Z] [INFO] ╔════════════════════════════════════════╗
[2026-05-26T06:04:11.256Z] [INFO] ║  MRSI Native WhatsApp Transport        ║
[2026-05-26T06:04:11.256Z] [INFO] ║  Starting MOOSA-owned WhatsApp client ║
[2026-05-26T06:04:11.256Z] [INFO] ╚════════════════════════════════════════╝
[2026-05-26T06:04:11.256Z] [INFO] Auth dir: /home/node/.openclaw/workspace/moosa-worker/state/whatsapp-auth
[2026-05-26T06:04:11.256Z] [INFO] Health file: /home/node/.openclaw/workspace/state/moosa-whatsapp-auth-health.json
[2026-05-26T06:04:11.256Z] [INFO] PID file: /home/node/.openclaw/workspace/state/moosa-whatsapp-auth-manager.pid
[2026-05-26T06:04:11.256Z] [INFO] Log file: /home/node/.openclaw/workspace/state/moosa-whatsapp-auth-manager.log
[2026-05-26T06:04:11.257Z] [INFO] Process PID: 2955675
[2026-05-26T06:04:11.453Z] [INFO] Baileys loaded successfully
[2026-05-26T06:04:11.453Z] [INFO] Loading auth state from: /home/node/.openclaw/workspace/moosa-worker/state/whatsapp-auth
[2026-05-26T06:04:11.456Z] [INFO] Auth state loaded — me: 923215139934:23@s.whatsapp.net
[2026-05-26T06:04:11.474Z] [INFO] [RIM-1] Real inference mode ENABLED
[2026-05-26T06:04:11.474Z] [INFO] [RIM-1] Real inference callback registered — waiting for self-chat
[2026-05-26T06:04:11.474Z] [INFO] Native MOOSA WhatsApp transport started successfully.
[2026-05-26T06:04:11.474Z] [INFO] Ready to send/receive messages independently of OpenClaw.
[2026-05-26T06:04:11.476Z] [EVENT] connection_update {"connection":"connecting","hasQR":false}
[2026-05-26T06:04:11.476Z] [INFO] ⏳ WhatsApp connecting...
[2026-05-26T06:04:12.217Z] [EVENT] creds_update ["noiseKey","pairingEphemeralKeyPair","signedIdentityKey","signedPreKey","registrationId","advSecretKey","processedHistoryMessages","nextPreKeyId","firstUnuploadedPreKeyId","accountSyncCounter","accountSettings","registered","account","me","signalIdentities","platform","routingInfo","lastAccountSyncTimestamp","myAppStateKeyId","lastPropHash"]
[2026-05-26T06:04:12.298Z] [EVENT] creds_update ["nextPreKeyId","firstUnuploadedPreKeyId"]
[2026-05-26T06:04:12.694Z] [EVENT] connection_update {"hasQR":false}
[2026-05-26T06:04:12.820Z] [EVENT] creds_update ["me"]
[2026-05-26T06:04:12.830Z] [EVENT] connection_update {"hasQR":false}
[2026-05-26T06:04:12.832Z] [EVENT] connection_update {"connection":"open","hasQR":false}
[2026-05-26T06:04:12.832Z] [INFO] ✅ WhatsApp connection OPEN
[2026-05-26T06:04:12.832Z] [INFO]    Logged in as: 923215139934:23@s.whatsapp.net
[2026-05-26T06:04:12.832Z] [INFO]    Own JID: 923215139934:23@s.whatsapp.net | Own LID: 108289044049964:23@lid
[2026-05-26T06:04:12.832Z] [EVENT] transport_connected {"me":"923215139934:23@s.whatsapp.net","lid":"108289044049964:23@lid"}
[2026-05-26T06:04:31.562Z] [EVENT] inbound_event {"upsertType":"notify","fromMe":true,"remoteJid":"108289044049964@lid","participant":"","messageId":"3EB029564489E57C574F93","timestampMs":1779775471000,"textPreview":"","msgType":"none"}
[2026-05-26T06:04:31.563Z] [INFO] 📩 INBOUND [notify] remoteJid=108289044049964@lid fromMe=true participant= msgId=3EB029564489E57C574F93 text=
[2026-05-26T06:04:31.564Z] [EVENT] privacy_allowed_self_chat_lid {"messageId":"3EB029564489E57C574F93","remoteJid":"108289044049964@lid","fromMe":true}
[2026-05-26T06:04:31.564Z] [EVENT] privacy_self_jid_match {"remoteJid":"108289044049964@lid","matchType":"lid"}
[2026-05-26T06:04:31.564Z] [EVENT] fromMe_self_chat_allowed {"messageId":"3EB029564489E57C574F93","remoteJid":"108289044049964@lid","textPreview":""}
[2026-05-26T06:04:31.564Z] [EVENT] inbound_received {"from":"108289044049964@lid","textPreview":"","messageId":"3EB029564489E57C574F93"}
[2026-05-26T06:04:31.565Z] [EVENT] bridge_invoked {"remoteJid":"108289044049964@lid","messageId":"3EB029564489E57C574F93","type":"notify"}
[2026-05-26T06:04:31.721Z] [EVENT] creds_update ["nextPreKeyId","firstUnuploadedPreKeyId"]
[2026-05-26T06:04:31.982Z] [EVENT] inbound_event {"upsertType":"notify","fromMe":true,"remoteJid":"108289044049964@lid","participant":"","messageId":"3EB029564489E57C574F93","timestampMs":1779775471000,"textPreview":"","msgType":"none"}
[2026-05-26T06:04:31.982Z] [INFO] 📩 INBOUND [notify] remoteJid=108289044049964@lid fromMe=true participant= msgId=3EB029564489E57C574F93 text=
[2026-05-26T06:04:31.982Z] [EVENT] privacy_allowed_self_chat_lid {"messageId":"3EB029564489E57C574F93","remoteJid":"108289044049964@lid","fromMe":true}
[2026-05-26T06:04:31.982Z] [EVENT] privacy_self_jid_match {"remoteJid":"108289044049964@lid","matchType":"lid"}
[2026-05-26T06:04:31.983Z] [EVENT] fromMe_self_chat_allowed {"messageId":"3EB029564489E57C574F93","remoteJid":"108289044049964@lid","textPreview":""}
[2026-05-26T06:04:31.983Z] [EVENT] inbound_received {"from":"108289044049964@lid","textPreview":"","messageId":"3EB029564489E57C574F93"}
[2026-05-26T06:04:31.983Z] [EVENT] bridge_invoked {"remoteJid":"108289044049964@lid","messageId":"3EB029564489E57C574F93","type":"notify"}
[2026-05-26T06:04:32.197Z] [EVENT] inbound_event {"upsertType":"notify","fromMe":true,"remoteJid":"108289044049964@lid","participant":"","messageId":"3EB029564489E57C574F93","timestampMs":1779775472000,"textPreview":"native real inference test","msgType":"conversation"}
[2026-05-26T06:04:32.197Z] [INFO] 📩 INBOUND [notify] remoteJid=108289044049964@lid fromMe=true participant= msgId=3EB029564489E57C574F93 text=native real inference test
[2026-05-26T06:04:32.197Z] [EVENT] privacy_allowed_self_chat_lid {"messageId":"3EB029564489E57C574F93","remoteJid":"108289044049964@lid","fromMe":true}
[2026-05-26T06:04:32.197Z] [EVENT] privacy_self_jid_match {"remoteJid":"108289044049964@lid","matchType":"lid"}
[2026-05-26T06:04:32.197Z] [EVENT] fromMe_self_chat_allowed {"messageId":"3EB029564489E57C574F93","remoteJid":"108289044049964@lid","textPreview":"native real inference test"}
[2026-05-26T06:04:32.197Z] [EVENT] inbound_received {"from":"108289044049964@lid","textPreview":"native real inference test","messageId":"3EB029564489E57C574F93"}
[2026-05-26T06:04:32.197Z] [EVENT] bridge_invoked {"remoteJid":"108289044049964@lid","messageId":"3EB029564489E57C574F93","type":"notify"}
[2026-05-26T06:04:32.197Z] [EVENT] rim_inference_requested {"from":"108289044049964@lid","messageId":"3EB029564489E57C574F93","textPreview":"native real inference test"}
[2026-05-26T06:04:32.197Z] [INFO] [RIM-1] Inference request: native real inference test
[2026-05-26T06:04:32.922Z] [EVENT] rim_inference_completed {"messageId":"3EB029564489E57C574F93","source":"error","latency_ms":725}
[2026-05-26T06:04:32.922Z] [INFO] [RIM-1] Response sent | engine=error | latency=725ms
[2026-05-26T06:04:33.023Z] [EVENT] inbound_event {"upsertType":"append","fromMe":true,"remoteJid":"108289044049964@lid","participant":"","messageId":"3EB0F6D03434280E7C3717","timestampMs":1779775472000,"textPreview":"Thanks for your message! I'll get back to you shortly. 🙏","msgType":"extendedTextMessage,messageContextInfo"}
[2026-05-26T06:04:33.023Z] [INFO] 📩 INBOUND [append] remoteJid=108289044049964@lid fromMe=true participant= msgId=3EB0F6D03434280E7C3717 text=Thanks for your message! I'll get back to you shortly. 🙏
[2026-05-26T06:04:33.023Z] [EVENT] privacy_allowed_self_chat_lid {"messageId":"3EB0F6D03434280E7C3717","remoteJid":"108289044049964@lid","fromMe":true}
[2026-05-26T06:04:33.023Z] [EVENT] privacy_self_jid_match {"remoteJid":"108289044049964@lid","matchType":"lid"}
[2026-05-26T06:04:33.023Z] [EVENT] fromMe_self_chat_allowed {"messageId":"3EB0F6D03434280E7C3717","remoteJid":"108289044049964@lid","textPreview":"Thanks for your message! I'll get back to you shortly. 🙏"}
[2026-05-26T06:04:33.023Z] [EVENT] inbound_received {"from":"108289044049964@lid","textPreview":"Thanks for your message! I'll get back to you shortly. 🙏","messageId":"3EB0F6D03434280E7C3717"}
[2026-05-26T06:04:33.023Z] [EVENT] bridge_invoked {"remoteJid":"108289044049964@lid","messageId":"3EB0F6D03434280E7C3717","type":"append"}
[2026-05-26T06:04:33.024Z] [EVENT] rim_inference_requested {"from":"108289044049964@lid","messageId":"3EB0F6D03434280E7C3717","textPreview":"Thanks for your message! I'll get back to you shortly. 🙏"}
[2026-05-26T06:04:33.024Z] [INFO] [RIM-1] Inference request: Thanks for your message! I'll get back to you shortly. 🙏
[2026-05-26T06:04:33.551Z] [EVENT] rim_inference_completed {"messageId":"3EB0F6D03434280E7C3717","source":"Minimax","latency_ms":527}
[2026-05-26T06:04:33.551Z] [INFO] [RIM-1] Response sent | engine=Minimax | latency=527ms
[2026-05-26T06:04:33.652Z] [EVENT] inbound_event {"upsertType":"append","fromMe":true,"remoteJid":"108289044049964@lid","participant":"","messageId":"3EB062E0D4143024B2B780","timestampMs":1779775473000,"textPreview":"Thanks for your message! I'll get back to you shortly. 🙏","msgType":"extendedTextMessage,messageContextInfo"}
[2026-05-26T06:04:33.653Z] [INFO] 📩 INBOUND [append] remoteJid=108289044049964@lid fromMe=true participant= msgId=3EB062E0D4143024B2B780 text=Thanks for your message! I'll get back to you shortly. 🙏
[2026-05-26T06:04:33.653Z] [EVENT] privacy_allowed_self_chat_lid {"messageId":"3EB062E0D4143024B2B780","remoteJid":"108289044049964@lid","fromMe":true}
[2026-05-26T06:04:33.653Z] [EVENT] privacy_self_jid_match {"remoteJid":"108289044049964@lid","matchType":"lid"}
[2026-05-26T06:04:33.653Z] [EVENT] fromMe_self_chat_allowed {"messageId":"3EB062E0D4143024B2B780","remoteJid":"108289044049964@lid","textPreview":"Thanks for your message! I'll get back to you shortly. 🙏"}
[2026-05-26T06:04:33.653Z] [EVENT] inbound_received {"from":"108289044049964@lid","textPreview":"Thanks for your message! I'll get back to you shortly. 🙏","messageId":"3EB062E0D4143024B2B780"}
[2026-05-26T06:04:33.654Z] [EVENT] bridge_invoked {"remoteJid":"108289044049964@lid","messageId":"3EB062E0D4143024B2B780","type":"append"}
[2026-05-26T06:04:33.654Z] [EVENT] rim_inference_requested {"from":"108289044049964@lid","messageId":"3EB062E0D4143024B2B780","textPreview":"Thanks for your message! I'll get back to you shortly. 🙏"}
[2026-05-26T06:04:33.654Z] [INFO] [RIM-1] Inference request: Thanks for your message! I'll get back to you shortly. 🙏
[2026-05-26T06:04:34.231Z] [EVENT] rim_inference_completed {"messageId":"3EB062E0D4143024B2B780","source":"Minimax","latency_ms":577}
[2026-05-26T06:04:34.231Z] [INFO] [RIM-1] Response sent | engine=Minimax | latency=577ms
[2026-05-26T06:04:34.294Z] [EVENT] inbound_event {"upsertType":"append","fromMe":true,"remoteJid":"108289044049964@lid","participant":"","messageId":"3EB0873529E2E897B86DA7","timestampMs":1779775474000,"textPreview":"Thanks for your message! I'll get back to you shortly. 🙏","msgType":"extendedTextMessage,messageContextInfo"}
[2026-05-26T06:04:34.294Z] [INFO] 📩 INBOUND [append] remoteJid=108289044049964@lid fromMe=true participant= msgId=3EB0873529E2E897B86DA7 text=Thanks for your message! I'll get back to you shortly. 🙏
[2026-05-26T06:04:34.295Z] [EVENT] privacy_allowed_self_chat_lid {"messageId":"3EB0873529E2E897B86DA7","remoteJid":"108289044049964@lid","fromMe":true}
[2026-05-26T06:04:34.295Z] [EVENT] privacy_self_jid_match {"remoteJid":"108289044049964@lid","matchType":"lid"}
[2026-05-26T06:04:34.295Z] [EVENT] fromMe_self_chat_allowed {"messageId":"3EB0873529E2E897B86DA7","remoteJid":"108289044049964@lid","textPreview":"Thanks for your message! I'll get back to you shortly. 🙏"}
[2026-05-26T06:04:34.295Z] [EVENT] inbound_received {"from":"108289044049964@lid","textPreview":"Thanks for your message! I'll get back to you shortly. 🙏","messageId":"3EB0873529E2E897B86DA7"}
[2026-05-26T06:04:34.295Z] [EVENT] bridge_invoked {"remoteJid":"108289044049964@lid","messageId":"3EB0873529E2E897B86DA7","type":"append"}
[2026-05-26T06:04:34.295Z] [EVENT] rim_inference_requested {"from":"108289044049964@lid","messageId":"3EB0873529E2E897B86DA7","textPreview":"Thanks for your message! I'll get back to you shortly. 🙏"}
[2026-05-26T06:04:34.296Z] [INFO] [RIM-1] Inference request: Thanks for your message! I'll get back to you shortly. 🙏
[2026-05-26T06:04:34.345Z] [INFO] SIGTERM — shutting down
[2026-05-26T06:44:07.101Z] [INFO] ╔════════════════════════════════════════╗
[2026-05-26T06:44:07.102Z] [INFO] ║  MRSI Native WhatsApp Transport        ║
[2026-05-26T06:44:07.102Z] [INFO] ║  Starting MOOSA-owned WhatsApp client ║
[2026-05-26T06:44:07.102Z] [INFO] ╚════════════════════════════════════════╝
[2026-05-26T06:44:07.102Z] [INFO] Auth dir: /home/node/.openclaw/workspace/moosa-worker/state/whatsapp-auth
[2026-05-26T06:44:07.102Z] [INFO] Health file: /home/node/.openclaw/workspace/state/moosa-whatsapp-auth-health.json
[2026-05-26T06:44:07.102Z] [INFO] PID file: /home/node/.openclaw/workspace/state/moosa-whatsapp-auth-manager.pid
[2026-05-26T06:44:07.103Z] [INFO] Log file: /home/node/.openclaw/workspace/state/moosa-whatsapp-auth-manager.log
[2026-05-26T06:44:07.103Z] [INFO] Process PID: 2962327
[2026-05-26T06:44:07.299Z] [INFO] Baileys loaded successfully
[2026-05-26T06:44:07.300Z] [INFO] Loading auth state from: /home/node/.openclaw/workspace/moosa-worker/state/whatsapp-auth
[2026-05-26T06:44:07.303Z] [INFO] Auth state loaded — me: 923215139934:23@s.whatsapp.net
[2026-05-26T06:44:07.320Z] [INFO] [RIM-1] Real inference mode ENABLED
[2026-05-26T06:44:07.321Z] [INFO] [RIM-1] Real inference callback registered — waiting for self-chat
[2026-05-26T06:44:07.321Z] [INFO] Native MOOSA WhatsApp transport started successfully.
[2026-05-26T06:44:07.321Z] [INFO] Ready to send/receive messages independently of OpenClaw.
[2026-05-26T06:44:07.322Z] [EVENT] connection_update {"connection":"connecting","hasQR":false}
[2026-05-26T06:44:07.322Z] [INFO] ⏳ WhatsApp connecting...
[2026-05-26T06:44:08.107Z] [EVENT] creds_update ["noiseKey","pairingEphemeralKeyPair","signedIdentityKey","signedPreKey","registrationId","advSecretKey","processedHistoryMessages","nextPreKeyId","firstUnuploadedPreKeyId","accountSyncCounter","accountSettings","registered","account","me","signalIdentities","platform","routingInfo","lastAccountSyncTimestamp","myAppStateKeyId","lastPropHash"]
[2026-05-26T06:44:08.376Z] [EVENT] creds_update ["nextPreKeyId","firstUnuploadedPreKeyId"]
[2026-05-26T06:44:08.976Z] [EVENT] connection_update {"hasQR":false}
[2026-05-26T06:44:09.021Z] [EVENT] creds_update ["me"]
[2026-05-26T06:44:09.032Z] [EVENT] connection_update {"hasQR":false}
[2026-05-26T06:44:09.035Z] [EVENT] connection_update {"connection":"open","hasQR":false}
[2026-05-26T06:44:09.035Z] [INFO] ✅ WhatsApp connection OPEN
[2026-05-26T06:44:09.035Z] [INFO]    Logged in as: 923215139934:23@s.whatsapp.net
[2026-05-26T06:44:09.035Z] [INFO]    Own JID: 923215139934:23@s.whatsapp.net | Own LID: 108289044049964:23@lid
[2026-05-26T06:44:09.035Z] [EVENT] transport_connected {"me":"923215139934:23@s.whatsapp.net","lid":"108289044049964:23@lid"}
[2026-05-26T06:44:20.221Z] [INFO] SIGTERM — shutting down
[2026-05-26T07:03:43.354Z] [INFO] ╔════════════════════════════════════════╗
[2026-05-26T07:03:43.355Z] [INFO] ║  MRSI Native WhatsApp Transport        ║
[2026-05-26T07:03:43.355Z] [INFO] ║  Starting MOOSA-owned WhatsApp client ║
[2026-05-26T07:03:43.355Z] [INFO] ╚════════════════════════════════════════╝
[2026-05-26T07:03:43.355Z] [INFO] Auth dir: /home/node/.openclaw/workspace/moosa-worker/state/whatsapp-auth
[2026-05-26T07:03:43.355Z] [INFO] Health file: /home/node/.openclaw/workspace/state/moosa-whatsapp-auth-health.json
[2026-05-26T07:03:43.355Z] [INFO] PID file: /home/node/.openclaw/workspace/state/moosa-whatsapp-auth-manager.pid
[2026-05-26T07:03:43.355Z] [INFO] Log file: /home/node/.openclaw/workspace/state/moosa-whatsapp-auth-manager.log
[2026-05-26T07:03:43.355Z] [INFO] Process PID: 2965636
[2026-05-26T07:03:43.552Z] [INFO] Baileys loaded successfully
[2026-05-26T07:03:43.552Z] [INFO] Loading auth state from: /home/node/.openclaw/workspace/moosa-worker/state/whatsapp-auth
[2026-05-26T07:03:43.556Z] [INFO] Auth state loaded — me: 923215139934:23@s.whatsapp.net
[2026-05-26T07:03:43.572Z] [INFO] [RIM-1] Real inference mode ENABLED
[2026-05-26T07:03:43.573Z] [INFO] [RIM-1] Real inference callback registered — waiting for self-chat
[2026-05-26T07:03:43.573Z] [INFO] Native MOOSA WhatsApp transport started successfully.
[2026-05-26T07:03:43.573Z] [INFO] Ready to send/receive messages independently of OpenClaw.
[2026-05-26T07:03:43.574Z] [EVENT] connection_update {"connection":"connecting","hasQR":false}
[2026-05-26T07:03:43.575Z] [INFO] ⏳ WhatsApp connecting...
[2026-05-26T07:03:44.281Z] [EVENT] creds_update ["noiseKey","pairingEphemeralKeyPair","signedIdentityKey","signedPreKey","registrationId","advSecretKey","processedHistoryMessages","nextPreKeyId","firstUnuploadedPreKeyId","accountSyncCounter","accountSettings","registered","account","me","signalIdentities","platform","routingInfo","lastAccountSyncTimestamp","myAppStateKeyId","lastPropHash"]
[2026-05-26T07:03:44.557Z] [EVENT] creds_update ["nextPreKeyId","firstUnuploadedPreKeyId"]
[2026-05-26T07:03:45.162Z] [EVENT] connection_update {"hasQR":false}
[2026-05-26T07:03:45.203Z] [EVENT] creds_update ["me"]
[2026-05-26T07:03:45.213Z] [EVENT] connection_update {"hasQR":false}
[2026-05-26T07:03:45.215Z] [EVENT] connection_update {"connection":"open","hasQR":false}
[2026-05-26T07:03:45.215Z] [INFO] ✅ WhatsApp connection OPEN
[2026-05-26T07:03:45.215Z] [INFO]    Logged in as: 923215139934:23@s.whatsapp.net
[2026-05-26T07:03:45.216Z] [INFO]    Own JID: 923215139934:23@s.whatsapp.net | Own LID: 108289044049964:23@lid
[2026-05-26T07:03:45.216Z] [EVENT] transport_connected {"me":"923215139934:23@s.whatsapp.net","lid":"108289044049964:23@lid"}
[2026-05-26T07:04:06.930Z] [EVENT] inbound_event {"upsertType":"notify","fromMe":true,"remoteJid":"108289044049964@lid","participant":"","messageId":"3EB07FAE21FFE7F897A7CF","timestampMs":1779779046000,"textPreview":"","msgType":"none"}
[2026-05-26T07:04:06.930Z] [INFO] 📩 INBOUND [notify] remoteJid=108289044049964@lid fromMe=true participant= msgId=3EB07FAE21FFE7F897A7CF text=
[2026-05-26T07:04:06.931Z] [EVENT] privacy_allowed_self_chat_lid {"messageId":"3EB07FAE21FFE7F897A7CF","remoteJid":"108289044049964@lid","fromMe":true}
[2026-05-26T07:04:06.932Z] [EVENT] privacy_self_jid_match {"remoteJid":"108289044049964@lid","matchType":"lid"}
[2026-05-26T07:04:06.932Z] [EVENT] fromMe_self_chat_allowed {"messageId":"3EB07FAE21FFE7F897A7CF","remoteJid":"108289044049964@lid","textPreview":""}
[2026-05-26T07:04:06.932Z] [EVENT] inbound_received {"from":"108289044049964@lid","textPreview":"","messageId":"3EB07FAE21FFE7F897A7CF"}
[2026-05-26T07:04:06.933Z] [EVENT] bridge_invoked {"remoteJid":"108289044049964@lid","messageId":"3EB07FAE21FFE7F897A7CF","type":"notify"}
[2026-05-26T07:04:07.109Z] [EVENT] creds_update ["nextPreKeyId","firstUnuploadedPreKeyId"]
[2026-05-26T07:04:07.368Z] [EVENT] inbound_event {"upsertType":"notify","fromMe":true,"remoteJid":"108289044049964@lid","participant":"","messageId":"3EB07FAE21FFE7F897A7CF","timestampMs":1779779047000,"textPreview":"","msgType":"none"}
[2026-05-26T07:04:07.368Z] [INFO] 📩 INBOUND [notify] remoteJid=108289044049964@lid fromMe=true participant= msgId=3EB07FAE21FFE7F897A7CF text=
[2026-05-26T07:04:07.369Z] [EVENT] privacy_allowed_self_chat_lid {"messageId":"3EB07FAE21FFE7F897A7CF","remoteJid":"108289044049964@lid","fromMe":true}
[2026-05-26T07:04:07.369Z] [EVENT] privacy_self_jid_match {"remoteJid":"108289044049964@lid","matchType":"lid"}
[2026-05-26T07:04:07.369Z] [EVENT] fromMe_self_chat_allowed {"messageId":"3EB07FAE21FFE7F897A7CF","remoteJid":"108289044049964@lid","textPreview":""}
[2026-05-26T07:04:07.369Z] [EVENT] inbound_received {"from":"108289044049964@lid","textPreview":"","messageId":"3EB07FAE21FFE7F897A7CF"}
[2026-05-26T07:04:07.370Z] [EVENT] bridge_invoked {"remoteJid":"108289044049964@lid","messageId":"3EB07FAE21FFE7F897A7CF","type":"notify"}
[2026-05-26T07:04:07.670Z] [EVENT] inbound_event {"upsertType":"notify","fromMe":true,"remoteJid":"108289044049964@lid","participant":"","messageId":"3EB07FAE21FFE7F897A7CF","timestampMs":1779779047000,"textPreview":"native real inference test","msgType":"conversation"}
[2026-05-26T07:04:07.670Z] [INFO] 📩 INBOUND [notify] remoteJid=108289044049964@lid fromMe=true participant= msgId=3EB07FAE21FFE7F897A7CF text=native real inference test
[2026-05-26T07:04:07.670Z] [EVENT] privacy_allowed_self_chat_lid {"messageId":"3EB07FAE21FFE7F897A7CF","remoteJid":"108289044049964@lid","fromMe":true}
[2026-05-26T07:04:07.670Z] [EVENT] privacy_self_jid_match {"remoteJid":"108289044049964@lid","matchType":"lid"}
[2026-05-26T07:04:07.670Z] [EVENT] fromMe_self_chat_allowed {"messageId":"3EB07FAE21FFE7F897A7CF","remoteJid":"108289044049964@lid","textPreview":"native real inference test"}
[2026-05-26T07:04:07.670Z] [EVENT] inbound_received {"from":"108289044049964@lid","textPreview":"native real inference test","messageId":"3EB07FAE21FFE7F897A7CF"}
[2026-05-26T07:04:07.670Z] [EVENT] bridge_invoked {"remoteJid":"108289044049964@lid","messageId":"3EB07FAE21FFE7F897A7CF","type":"notify"}
[2026-05-26T07:04:07.670Z] [EVENT] rim_inference_requested {"runId":"rim-20260526-090340-2965497","from":"108289044049964@lid","messageId":"3EB07FAE21FFE7F897A7CF","textPreview":"native real inference test"}
[2026-05-26T07:04:07.670Z] [INFO] [RIM-1] Inference request: native real inference test [RUN_ID=rim-20260526-090340-2965497]
[2026-05-26T07:04:08.658Z] [EVENT] rim_inference_no_reply {"runId":"rim-20260526-090340-2965497","messageId":"3EB07FAE21FFE7F897A7CF","reason":"unknown"}
[2026-05-26T07:04:08.658Z] [ERROR] [RIM-1] No reply sent: unknown
[2026-05-26T07:04:08.760Z] [EVENT] inbound_event {"upsertType":"append","fromMe":true,"remoteJid":"108289044049964@lid","participant":"","messageId":"3EB08383809E4D45DFB0AA","timestampMs":1779779048000,"textPreview":"Thanks for your message! I'll get back to you shortly. 🙏","msgType":"extendedTextMessage,messageContextInfo"}
[2026-05-26T07:04:08.761Z] [INFO] 📩 INBOUND [append] remoteJid=108289044049964@lid fromMe=true participant= msgId=3EB08383809E4D45DFB0AA text=Thanks for your message! I'll get back to you shortly. 🙏
[2026-05-26T07:04:08.761Z] [EVENT] privacy_allowed_self_chat_lid {"messageId":"3EB08383809E4D45DFB0AA","remoteJid":"108289044049964@lid","fromMe":true}
[2026-05-26T07:04:08.761Z] [EVENT] privacy_self_jid_match {"remoteJid":"108289044049964@lid","matchType":"lid"}
[2026-05-26T07:04:08.761Z] [EVENT] fromMe_self_chat_allowed {"messageId":"3EB08383809E4D45DFB0AA","remoteJid":"108289044049964@lid","textPreview":"Thanks for your message! I'll get back to you shortly. 🙏"}
[2026-05-26T07:04:08.761Z] [EVENT] inbound_received {"from":"108289044049964@lid","textPreview":"Thanks for your message! I'll get back to you shortly. 🙏","messageId":"3EB08383809E4D45DFB0AA"}
[2026-05-26T07:04:08.762Z] [EVENT] bridge_invoked {"remoteJid":"108289044049964@lid","messageId":"3EB08383809E4D45DFB0AA","type":"append"}
[2026-05-26T07:04:08.762Z] [EVENT] rim_inference_requested {"runId":"rim-20260526-090340-2965497","from":"108289044049964@lid","messageId":"3EB08383809E4D45DFB0AA","textPreview":"Thanks for your message! I'll get back to you shortly. 🙏"}
[2026-05-26T07:04:08.762Z] [INFO] [RIM-1] Inference request: Thanks for your message! I'll get back to you shortly. 🙏 [RUN_ID=rim-20260526-090340-2965497]
[2026-05-26T07:04:09.670Z] [EVENT] rim_inference_no_reply {"runId":"rim-20260526-090340-2965497","messageId":"3EB08383809E4D45DFB0AA","reason":"unknown"}
[2026-05-26T07:04:09.670Z] [ERROR] [RIM-1] No reply sent: unknown
[2026-05-26T07:04:09.770Z] [EVENT] inbound_event {"upsertType":"append","fromMe":true,"remoteJid":"108289044049964@lid","participant":"","messageId":"3EB0E651A33241F3CCFFFF","timestampMs":1779779049000,"textPreview":"Thanks for your message! I'll get back to you shortly. 🙏","msgType":"extendedTextMessage,messageContextInfo"}
[2026-05-26T07:04:09.771Z] [INFO] 📩 INBOUND [append] remoteJid=108289044049964@lid fromMe=true participant= msgId=3EB0E651A33241F3CCFFFF text=Thanks for your message! I'll get back to you shortly. 🙏
[2026-05-26T07:04:09.771Z] [EVENT] privacy_allowed_self_chat_lid {"messageId":"3EB0E651A33241F3CCFFFF","remoteJid":"108289044049964@lid","fromMe":true}
[2026-05-26T07:04:09.771Z] [EVENT] privacy_self_jid_match {"remoteJid":"108289044049964@lid","matchType":"lid"}
[2026-05-26T07:04:09.771Z] [EVENT] fromMe_self_chat_allowed {"messageId":"3EB0E651A33241F3CCFFFF","remoteJid":"108289044049964@lid","textPreview":"Thanks for your message! I'll get back to you shortly. 🙏"}
[2026-05-26T07:04:09.771Z] [EVENT] inbound_received {"from":"108289044049964@lid","textPreview":"Thanks for your message! I'll get back to you shortly. 🙏","messageId":"3EB0E651A33241F3CCFFFF"}
[2026-05-26T07:04:09.772Z] [EVENT] bridge_invoked {"remoteJid":"108289044049964@lid","messageId":"3EB0E651A33241F3CCFFFF","type":"append"}
[2026-05-26T07:04:09.772Z] [EVENT] rim_inference_requested {"runId":"rim-20260526-090340-2965497","from":"108289044049964@lid","messageId":"3EB0E651A33241F3CCFFFF","textPreview":"Thanks for your message! I'll get back to you shortly. 🙏"}
[2026-05-26T07:04:09.772Z] [INFO] [RIM-1] Inference request: Thanks for your message! I'll get back to you shortly. 🙏 [RUN_ID=rim-20260526-090340-2965497]
[2026-05-26T07:04:10.344Z] [EVENT] rim_inference_no_reply {"runId":"rim-20260526-090340-2965497","messageId":"3EB0E651A33241F3CCFFFF","reason":"unknown"}
[2026-05-26T07:04:10.344Z] [ERROR] [RIM-1] No reply sent: unknown
[2026-05-26T07:04:10.445Z] [EVENT] inbound_event {"upsertType":"append","fromMe":true,"remoteJid":"108289044049964@lid","participant":"","messageId":"3EB0499136E075F3A1043E","timestampMs":1779779050000,"textPreview":"Thanks for your message! I'll get back to you shortly. 🙏","msgType":"extendedTextMessage,messageContextInfo"}
[2026-05-26T07:04:10.445Z] [INFO] 📩 INBOUND [append] remoteJid=108289044049964@lid fromMe=true participant= msgId=3EB0499136E075F3A1043E text=Thanks for your message! I'll get back to you shortly. 🙏
[2026-05-26T07:04:10.446Z] [EVENT] privacy_allowed_self_chat_lid {"messageId":"3EB0499136E075F3A1043E","remoteJid":"108289044049964@lid","fromMe":true}
[2026-05-26T07:04:10.446Z] [EVENT] privacy_self_jid_match {"remoteJid":"108289044049964@lid","matchType":"lid"}
[2026-05-26T07:04:10.446Z] [EVENT] fromMe_self_chat_allowed {"messageId":"3EB0499136E075F3A1043E","remoteJid":"108289044049964@lid","textPreview":"Thanks for your message! I'll get back to you shortly. 🙏"}
[2026-05-26T07:04:10.446Z] [EVENT] inbound_received {"from":"108289044049964@lid","textPreview":"Thanks for your message! I'll get back to you shortly. 🙏","messageId":"3EB0499136E075F3A1043E"}
[2026-05-26T07:04:10.446Z] [EVENT] bridge_invoked {"remoteJid":"108289044049964@lid","messageId":"3EB0499136E075F3A1043E","type":"append"}
[2026-05-26T07:04:10.447Z] [EVENT] rim_inference_requested {"runId":"rim-20260526-090340-2965497","from":"108289044049964@lid","messageId":"3EB0499136E075F3A1043E","textPreview":"Thanks for your message! I'll get back to you shortly. 🙏"}
[2026-05-26T07:04:10.447Z] [INFO] [RIM-1] Inference request: Thanks for your message! I'll get back to you shortly. 🙏 [RUN_ID=rim-20260526-090340-2965497]
[2026-05-26T07:04:11.021Z] [EVENT] rim_inference_no_reply {"runId":"rim-20260526-090340-2965497","messageId":"3EB0499136E075F3A1043E","reason":"unknown"}
[2026-05-26T07:04:11.021Z] [ERROR] [RIM-1] No reply sent: unknown
[2026-05-26T07:04:11.121Z] [EVENT] inbound_event {"upsertType":"append","fromMe":true,"remoteJid":"108289044049964@lid","participant":"","messageId":"3EB00562244EB453C5B81C","timestampMs":1779779051000,"textPreview":"Thanks for your message! I'll get back to you shortly. 🙏","msgType":"extendedTextMessage,messageContextInfo"}
[2026-05-26T07:04:11.121Z] [INFO] 📩 INBOUND [append] remoteJid=108289044049964@lid fromMe=true participant= msgId=3EB00562244EB453C5B81C text=Thanks for your message! I'll get back to you shortly. 🙏
[2026-05-26T07:04:11.122Z] [EVENT] privacy_allowed_self_chat_lid {"messageId":"3EB00562244EB453C5B81C","remoteJid":"108289044049964@lid","fromMe":true}
[2026-05-26T07:04:11.122Z] [EVENT] privacy_self_jid_match {"remoteJid":"108289044049964@lid","matchType":"lid"}
[2026-05-26T07:04:11.122Z] [EVENT] fromMe_self_chat_allowed {"messageId":"3EB00562244EB453C5B81C","remoteJid":"108289044049964@lid","textPreview":"Thanks for your message! I'll get back to you shortly. 🙏"}
[2026-05-26T07:04:11.122Z] [EVENT] inbound_received {"from":"108289044049964@lid","textPreview":"Thanks for your message! I'll get back to you shortly. 🙏","messageId":"3EB00562244EB453C5B81C"}
[2026-05-26T07:04:11.122Z] [EVENT] bridge_invoked {"remoteJid":"108289044049964@lid","messageId":"3EB00562244EB453C5B81C","type":"append"}
[2026-05-26T07:04:11.122Z] [EVENT] rim_inference_requested {"runId":"rim-20260526-090340-2965497","from":"108289044049964@lid","messageId":"3EB00562244EB453C5B81C","textPreview":"Thanks for your message! I'll get back to you shortly. 🙏"}
[2026-05-26T07:04:11.123Z] [INFO] [RIM-1] Inference request: Thanks for your message! I'll get back to you shortly. 🙏 [RUN_ID=rim-20260526-090340-2965497]
[2026-05-26T07:04:11.663Z] [EVENT] rim_inference_no_reply {"runId":"rim-20260526-090340-2965497","messageId":"3EB00562244EB453C5B81C","reason":"unknown"}
[2026-05-26T07:04:11.663Z] [ERROR] [RIM-1] No reply sent: unknown
[2026-05-26T07:04:11.764Z] [EVENT] inbound_event {"upsertType":"append","fromMe":true,"remoteJid":"108289044049964@lid","participant":"","messageId":"3EB0E7059AB45B21139B8D","timestampMs":1779779051000,"textPreview":"Thanks for your message! I'll get back to you shortly. 🙏","msgType":"extendedTextMessage,messageContextInfo"}
[2026-05-26T07:04:11.765Z] [INFO] 📩 INBOUND [append] remoteJid=108289044049964@lid fromMe=true participant= msgId=3EB0E7059AB45B21139B8D text=Thanks for your message! I'll get back to you shortly. 🙏
[2026-05-26T07:04:11.765Z] [EVENT] privacy_allowed_self_chat_lid {"messageId":"3EB0E7059AB45B21139B8D","remoteJid":"108289044049964@lid","fromMe":true}
[2026-05-26T07:04:11.765Z] [EVENT] privacy_self_jid_match {"remoteJid":"108289044049964@lid","matchType":"lid"}
[2026-05-26T07:04:11.765Z] [EVENT] fromMe_self_chat_allowed {"messageId":"3EB0E7059AB45B21139B8D","remoteJid":"108289044049964@lid","textPreview":"Thanks for your message! I'll get back to you shortly. 🙏"}
[2026-05-26T07:04:11.765Z] [EVENT] inbound_received {"from":"108289044049964@lid","textPreview":"Thanks for your message! I'll get back to you shortly. 🙏","messageId":"3EB0E7059AB45B21139B8D"}
[2026-05-26T07:04:11.765Z] [EVENT] bridge_invoked {"remoteJid":"108289044049964@lid","messageId":"3EB0E7059AB45B21139B8D","type":"append"}
[2026-05-26T07:04:11.766Z] [EVENT] rim_inference_requested {"runId":"rim-20260526-090340-2965497","from":"108289044049964@lid","messageId":"3EB0E7059AB45B21139B8D","textPreview":"Thanks for your message! I'll get back to you shortly. 🙏"}
[2026-05-26T07:04:11.766Z] [INFO] [RIM-1] Inference request: Thanks for your message! I'll get back to you shortly. 🙏 [RUN_ID=rim-20260526-090340-2965497]
[2026-05-26T07:04:12.330Z] [EVENT] rim_inference_no_reply {"runId":"rim-20260526-090340-2965497","messageId":"3EB0E7059AB45B21139B8D","reason":"unknown"}
[2026-05-26T07:04:12.330Z] [ERROR] [RIM-1] No reply sent: unknown
[2026-05-26T07:04:12.431Z] [EVENT] inbound_event {"upsertType":"append","fromMe":true,"remoteJid":"108289044049964@lid","participant":"","messageId":"3EB09AA70D5CA1CB34DD75","timestampMs":1779779052000,"textPreview":"Thanks for your message! I'll get back to you shortly. 🙏","msgType":"extendedTextMessage,messageContextInfo"}
[2026-05-26T07:04:12.431Z] [INFO] 📩 INBOUND [append] remoteJid=108289044049964@lid fromMe=true participant= msgId=3EB09AA70D5CA1CB34DD75 text=Thanks for your message! I'll get back to you shortly. 🙏
[2026-05-26T07:04:12.431Z] [EVENT] privacy_allowed_self_chat_lid {"messageId":"3EB09AA70D5CA1CB34DD75","remoteJid":"108289044049964@lid","fromMe":true}
[2026-05-26T07:04:12.432Z] [EVENT] privacy_self_jid_match {"remoteJid":"108289044049964@lid","matchType":"lid"}
[2026-05-26T07:04:12.432Z] [EVENT] fromMe_self_chat_allowed {"messageId":"3EB09AA70D5CA1CB34DD75","remoteJid":"108289044049964@lid","textPreview":"Thanks for your message! I'll get back to you shortly. 🙏"}
[2026-05-26T07:04:12.432Z] [EVENT] inbound_received {"from":"108289044049964@lid","textPreview":"Thanks for your message! I'll get back to you shortly. 🙏","messageId":"3EB09AA70D5CA1CB34DD75"}
[2026-05-26T07:04:12.432Z] [EVENT] bridge_invoked {"remoteJid":"108289044049964@lid","messageId":"3EB09AA70D5CA1CB34DD75","type":"append"}
[2026-05-26T07:04:12.432Z] [EVENT] rim_inference_requested {"runId":"rim-20260526-090340-2965497","from":"108289044049964@lid","messageId":"3EB09AA70D5CA1CB34DD75","textPreview":"Thanks for your message! I'll get back to you shortly. 🙏"}
[2026-05-26T07:04:12.433Z] [INFO] [RIM-1] Inference request: Thanks for your message! I'll get back to you shortly. 🙏 [RUN_ID=rim-20260526-090340-2965497]
[2026-05-26T07:04:13.008Z] [EVENT] rim_inference_no_reply {"runId":"rim-20260526-090340-2965497","messageId":"3EB09AA70D5CA1CB34DD75","reason":"unknown"}
[2026-05-26T07:04:13.008Z] [ERROR] [RIM-1] No reply sent: unknown
[2026-05-26T07:04:13.035Z] [EVENT] inbound_event {"upsertType":"append","fromMe":true,"remoteJid":"108289044049964@lid","participant":"","messageId":"3EB030571647B4CED00BAC","timestampMs":1779779052000,"textPreview":"Thanks for your message! I'll get back to you shortly. 🙏","msgType":"extendedTextMessage,messageContextInfo"}
[2026-05-26T07:04:13.035Z] [INFO] 📩 INBOUND [append] remoteJid=108289044049964@lid fromMe=true participant= msgId=3EB030571647B4CED00BAC text=Thanks for your message! I'll get back to you shortly. 🙏
[2026-05-26T07:04:13.035Z] [EVENT] privacy_allowed_self_chat_lid {"messageId":"3EB030571647B4CED00BAC","remoteJid":"108289044049964@lid","fromMe":true}
[2026-05-26T07:04:13.035Z] [EVENT] privacy_self_jid_match {"remoteJid":"108289044049964@lid","matchType":"lid"}
[2026-05-26T07:04:13.035Z] [EVENT] fromMe_self_chat_allowed {"messageId":"3EB030571647B4CED00BAC","remoteJid":"108289044049964@lid","textPreview":"Thanks for your message! I'll get back to you shortly. 🙏"}
[2026-05-26T07:04:13.035Z] [EVENT] inbound_received {"from":"108289044049964@lid","textPreview":"Thanks for your message! I'll get back to you shortly. 🙏","messageId":"3EB030571647B4CED00BAC"}
[2026-05-26T07:04:13.036Z] [EVENT] bridge_invoked {"remoteJid":"108289044049964@lid","messageId":"3EB030571647B4CED00BAC","type":"append"}
[2026-05-26T07:04:13.036Z] [EVENT] rim_inference_requested {"runId":"rim-20260526-090340-2965497","from":"108289044049964@lid","messageId":"3EB030571647B4CED00BAC","textPreview":"Thanks for your message! I'll get back to you shortly. 🙏"}
[2026-05-26T07:04:13.036Z] [INFO] [RIM-1] Inference request: Thanks for your message! I'll get back to you shortly. 🙏 [RUN_ID=rim-20260526-090340-2965497]
[2026-05-26T07:04:13.594Z] [EVENT] rim_inference_no_reply {"runId":"rim-20260526-090340-2965497","messageId":"3EB030571647B4CED00BAC","reason":"unknown"}
[2026-05-26T07:04:13.594Z] [ERROR] [RIM-1] No reply sent: unknown
[2026-05-26T07:04:13.696Z] [EVENT] inbound_event {"upsertType":"append","fromMe":true,"remoteJid":"108289044049964@lid","participant":"","messageId":"3EB0462F9F3C69DE795A72","timestampMs":1779779053000,"textPreview":"Thanks for your message! I'll get back to you shortly. 🙏","msgType":"extendedTextMessage,messageContextInfo"}
[2026-05-26T07:04:13.696Z] [INFO] 📩 INBOUND [append] remoteJid=108289044049964@lid fromMe=true participant= msgId=3EB0462F9F3C69DE795A72 text=Thanks for your message! I'll get back to you shortly. 🙏
[2026-05-26T07:04:13.696Z] [EVENT] privacy_allowed_self_chat_lid {"messageId":"3EB0462F9F3C69DE795A72","remoteJid":"108289044049964@lid","fromMe":true}
[2026-05-26T07:04:13.696Z] [EVENT] privacy_self_jid_match {"remoteJid":"108289044049964@lid","matchType":"lid"}
[2026-05-26T07:04:13.696Z] [EVENT] fromMe_self_chat_allowed {"messageId":"3EB0462F9F3C69DE795A72","remoteJid":"108289044049964@lid","textPreview":"Thanks for your message! I'll get back to you shortly. 🙏"}
[2026-05-26T07:04:13.697Z] [EVENT] inbound_received {"from":"108289044049964@lid","textPreview":"Thanks for your message! I'll get back to you shortly. 🙏","messageId":"3EB0462F9F3C69DE795A72"}
[2026-05-26T07:04:13.697Z] [EVENT] bridge_invoked {"remoteJid":"108289044049964@lid","messageId":"3EB0462F9F3C69DE795A72","type":"append"}
[2026-05-26T07:04:13.697Z] [EVENT] rim_inference_requested {"runId":"rim-20260526-090340-2965497","from":"108289044049964@lid","messageId":"3EB0462F9F3C69DE795A72","textPreview":"Thanks for your message! I'll get back to you shortly. 🙏"}
[2026-05-26T07:04:13.697Z] [INFO] [RIM-1] Inference request: Thanks for your message! I'll get back to you shortly. 🙏 [RUN_ID=rim-20260526-090340-2965497]
[2026-05-26T07:04:14.270Z] [EVENT] rim_inference_no_reply {"runId":"rim-20260526-090340-2965497","messageId":"3EB0462F9F3C69DE795A72","reason":"unknown"}
[2026-05-26T07:04:14.271Z] [ERROR] [RIM-1] No reply sent: unknown
[2026-05-26T07:04:14.329Z] [EVENT] inbound_event {"upsertType":"append","fromMe":true,"remoteJid":"108289044049964@lid","participant":"","messageId":"3EB0EF7C92F9B90885F83B","timestampMs":1779779054000,"textPreview":"Thanks for your message! I'll get back to you shortly. 🙏","msgType":"extendedTextMessage,messageContextInfo"}
[2026-05-26T07:04:14.329Z] [INFO] 📩 INBOUND [append] remoteJid=108289044049964@lid fromMe=true participant= msgId=3EB0EF7C92F9B90885F83B text=Thanks for your message! I'll get back to you shortly. 🙏
[2026-05-26T07:04:14.329Z] [EVENT] privacy_allowed_self_chat_lid {"messageId":"3EB0EF7C92F9B90885F83B","remoteJid":"108289044049964@lid","fromMe":true}
[2026-05-26T07:04:14.329Z] [EVENT] privacy_self_jid_match {"remoteJid":"108289044049964@lid","matchType":"lid"}
[2026-05-26T07:04:14.329Z] [EVENT] fromMe_self_chat_allowed {"messageId":"3EB0EF7C92F9B90885F83B","remoteJid":"108289044049964@lid","textPreview":"Thanks for your message! I'll get back to you shortly. 🙏"}
[2026-05-26T07:04:14.329Z] [EVENT] inbound_received {"from":"108289044049964@lid","textPreview":"Thanks for your message! I'll get back to you shortly. 🙏","messageId":"3EB0EF7C92F9B90885F83B"}
[2026-05-26T07:04:14.330Z] [EVENT] bridge_invoked {"remoteJid":"108289044049964@lid","messageId":"3EB0EF7C92F9B90885F83B","type":"append"}
[2026-05-26T07:04:14.330Z] [EVENT] rim_inference_requested {"runId":"rim-20260526-090340-2965497","from":"108289044049964@lid","messageId":"3EB0EF7C92F9B90885F83B","textPreview":"Thanks for your message! I'll get back to you shortly. 🙏"}
[2026-05-26T07:04:14.330Z] [INFO] [RIM-1] Inference request: Thanks for your message! I'll get back to you shortly. 🙏 [RUN_ID=rim-20260526-090340-2965497]
[2026-05-26T07:04:14.863Z] [EVENT] rim_inference_no_reply {"runId":"rim-20260526-090340-2965497","messageId":"3EB0EF7C92F9B90885F83B","reason":"unknown"}
[2026-05-26T07:04:14.863Z] [ERROR] [RIM-1] No reply sent: unknown
[2026-05-26T07:04:14.964Z] [EVENT] inbound_event {"upsertType":"append","fromMe":true,"remoteJid":"108289044049964@lid","participant":"","messageId":"3EB098E65D129235732998","timestampMs":1779779054000,"textPreview":"Thanks for your message! I'll get back to you shortly. 🙏","msgType":"extendedTextMessage,messageContextInfo"}
[2026-05-26T07:04:14.964Z] [INFO] 📩 INBOUND [append] remoteJid=108289044049964@lid fromMe=true participant= msgId=3EB098E65D129235732998 text=Thanks for your message! I'll get back to you shortly. 🙏
[2026-05-26T07:04:14.964Z] [EVENT] privacy_allowed_self_chat_lid {"messageId":"3EB098E65D129235732998","remoteJid":"108289044049964@lid","fromMe":true}
[2026-05-26T07:04:14.964Z] [EVENT] privacy_self_jid_match {"remoteJid":"108289044049964@lid","matchType":"lid"}
[2026-05-26T07:04:14.964Z] [EVENT] fromMe_self_chat_allowed {"messageId":"3EB098E65D129235732998","remoteJid":"108289044049964@lid","textPreview":"Thanks for your message! I'll get back to you shortly. 🙏"}
[2026-05-26T07:04:14.965Z] [EVENT] inbound_received {"from":"108289044049964@lid","textPreview":"Thanks for your message! I'll get back to you shortly. 🙏","messageId":"3EB098E65D129235732998"}
[2026-05-26T07:04:14.965Z] [EVENT] bridge_invoked {"remoteJid":"108289044049964@lid","messageId":"3EB098E65D129235732998","type":"append"}
[2026-05-26T07:04:14.965Z] [EVENT] rim_inference_requested {"runId":"rim-20260526-090340-2965497","from":"108289044049964@lid","messageId":"3EB098E65D129235732998","textPreview":"Thanks for your message! I'll get back to you shortly. 🙏"}
[2026-05-26T07:04:14.965Z] [INFO] [RIM-1] Inference request: Thanks for your message! I'll get back to you shortly. 🙏 [RUN_ID=rim-20260526-090340-2965497]
[2026-05-26T07:04:15.523Z] [EVENT] rim_inference_no_reply {"runId":"rim-20260526-090340-2965497","messageId":"3EB098E65D129235732998","reason":"unknown"}
[2026-05-26T07:04:15.523Z] [ERROR] [RIM-1] No reply sent: unknown
[2026-05-26T07:04:15.580Z] [EVENT] inbound_event {"upsertType":"append","fromMe":true,"remoteJid":"108289044049964@lid","participant":"","messageId":"3EB03F2FF05C3C2684527C","timestampMs":1779779055000,"textPreview":"Thanks for your message! I'll get back to you shortly. 🙏","msgType":"extendedTextMessage,messageContextInfo"}
[2026-05-26T07:04:15.580Z] [INFO] 📩 INBOUND [append] remoteJid=108289044049964@lid fromMe=true participant= msgId=3EB03F2FF05C3C2684527C text=Thanks for your message! I'll get back to you shortly. 🙏
[2026-05-26T07:04:15.581Z] [EVENT] privacy_allowed_self_chat_lid {"messageId":"3EB03F2FF05C3C2684527C","remoteJid":"108289044049964@lid","fromMe":true}
[2026-05-26T07:04:15.581Z] [EVENT] privacy_self_jid_match {"remoteJid":"108289044049964@lid","matchType":"lid"}
[2026-05-26T07:04:15.581Z] [EVENT] fromMe_self_chat_allowed {"messageId":"3EB03F2FF05C3C2684527C","remoteJid":"108289044049964@lid","textPreview":"Thanks for your message! I'll get back to you shortly. 🙏"}
[2026-05-26T07:04:15.581Z] [EVENT] inbound_received {"from":"108289044049964@lid","textPreview":"Thanks for your message! I'll get back to you shortly. 🙏","messageId":"3EB03F2FF05C3C2684527C"}
[2026-05-26T07:04:15.581Z] [EVENT] bridge_invoked {"remoteJid":"108289044049964@lid","messageId":"3EB03F2FF05C3C2684527C","type":"append"}
[2026-05-26T07:04:15.581Z] [EVENT] rim_inference_requested {"runId":"rim-20260526-090340-2965497","from":"108289044049964@lid","messageId":"3EB03F2FF05C3C2684527C","textPreview":"Thanks for your message! I'll get back to you shortly. 🙏"}
[2026-05-26T07:04:15.582Z] [INFO] [RIM-1] Inference request: Thanks for your message! I'll get back to you shortly. 🙏 [RUN_ID=rim-20260526-090340-2965497]
[2026-05-26T07:04:16.139Z] [EVENT] rim_inference_no_reply {"runId":"rim-20260526-090340-2965497","messageId":"3EB03F2FF05C3C2684527C","reason":"unknown"}
[2026-05-26T07:04:16.140Z] [ERROR] [RIM-1] No reply sent: unknown
[2026-05-26T07:04:16.241Z] [EVENT] inbound_event {"upsertType":"append","fromMe":true,"remoteJid":"108289044049964@lid","participant":"","messageId":"3EB0C09111601ECFC570CE","timestampMs":1779779056000,"textPreview":"Thanks for your message! I'll get back to you shortly. 🙏","msgType":"extendedTextMessage,messageContextInfo"}
[2026-05-26T07:04:16.241Z] [INFO] 📩 INBOUND [append] remoteJid=108289044049964@lid fromMe=true participant= msgId=3EB0C09111601ECFC570CE text=Thanks for your message! I'll get back to you shortly. 🙏
[2026-05-26T07:04:16.241Z] [EVENT] privacy_allowed_self_chat_lid {"messageId":"3EB0C09111601ECFC570CE","remoteJid":"108289044049964@lid","fromMe":true}
[2026-05-26T07:04:16.241Z] [EVENT] privacy_self_jid_match {"remoteJid":"108289044049964@lid","matchType":"lid"}
[2026-05-26T07:04:16.241Z] [EVENT] fromMe_self_chat_allowed {"messageId":"3EB0C09111601ECFC570CE","remoteJid":"108289044049964@lid","textPreview":"Thanks for your message! I'll get back to you shortly. 🙏"}
[2026-05-26T07:04:16.241Z] [EVENT] inbound_received {"from":"108289044049964@lid","textPreview":"Thanks for your message! I'll get back to you shortly. 🙏","messageId":"3EB0C09111601ECFC570CE"}
[2026-05-26T07:04:16.242Z] [EVENT] bridge_invoked {"remoteJid":"108289044049964@lid","messageId":"3EB0C09111601ECFC570CE","type":"append"}
[2026-05-26T07:04:16.242Z] [EVENT] rim_inference_requested {"runId":"rim-20260526-090340-2965497","from":"108289044049964@lid","messageId":"3EB0C09111601ECFC570CE","textPreview":"Thanks for your message! I'll get back to you shortly. 🙏"}
[2026-05-26T07:04:16.242Z] [INFO] [RIM-1] Inference request: Thanks for your message! I'll get back to you shortly. 🙏 [RUN_ID=rim-20260526-090340-2965497]
[2026-05-26T07:04:16.818Z] [EVENT] rim_inference_no_reply {"runId":"rim-20260526-090340-2965497","messageId":"3EB0C09111601ECFC570CE","reason":"unknown"}
[2026-05-26T07:04:16.819Z] [ERROR] [RIM-1] No reply sent: unknown
[2026-05-26T07:04:16.919Z] [EVENT] inbound_event {"upsertType":"append","fromMe":true,"remoteJid":"108289044049964@lid","participant":"","messageId":"3EB0B8049D3FC3F519C1B7","timestampMs":1779779056000,"textPreview":"Thanks for your message! I'll get back to you shortly. 🙏","msgType":"extendedTextMessage,messageContextInfo"}
[2026-05-26T07:04:16.919Z] [INFO] 📩 INBOUND [append] remoteJid=108289044049964@lid fromMe=true participant= msgId=3EB0B8049D3FC3F519C1B7 text=Thanks for your message! I'll get back to you shortly. 🙏
[2026-05-26T07:04:16.920Z] [EVENT] privacy_allowed_self_chat_lid {"messageId":"3EB0B8049D3FC3F519C1B7","remoteJid":"108289044049964@lid","fromMe":true}
[2026-05-26T07:04:16.920Z] [EVENT] privacy_self_jid_match {"remoteJid":"108289044049964@lid","matchType":"lid"}
[2026-05-26T07:04:16.920Z] [EVENT] fromMe_self_chat_allowed {"messageId":"3EB0B8049D3FC3F519C1B7","remoteJid":"108289044049964@lid","textPreview":"Thanks for your message! I'll get back to you shortly. 🙏"}
[2026-05-26T07:04:16.920Z] [EVENT] inbound_received {"from":"108289044049964@lid","textPreview":"Thanks for your message! I'll get back to you shortly. 🙏","messageId":"3EB0B8049D3FC3F519C1B7"}
[2026-05-26T07:04:16.920Z] [EVENT] bridge_invoked {"remoteJid":"108289044049964@lid","messageId":"3EB0B8049D3FC3F519C1B7","type":"append"}
[2026-05-26T07:04:16.920Z] [EVENT] rim_inference_requested {"runId":"rim-20260526-090340-2965497","from":"108289044049964@lid","messageId":"3EB0B8049D3FC3F519C1B7","textPreview":"Thanks for your message! I'll get back to you shortly. 🙏"}
[2026-05-26T07:04:16.920Z] [INFO] [RIM-1] Inference request: Thanks for your message! I'll get back to you shortly. 🙏 [RUN_ID=rim-20260526-090340-2965497]
[2026-05-26T07:04:17.446Z] [EVENT] rim_inference_no_reply {"runId":"rim-20260526-090340-2965497","messageId":"3EB0B8049D3FC3F519C1B7","reason":"unknown"}
[2026-05-26T07:04:17.446Z] [ERROR] [RIM-1] No reply sent: unknown
[2026-05-26T07:04:17.452Z] [EVENT] inbound_event {"upsertType":"append","fromMe":true,"remoteJid":"108289044049964@lid","participant":"","messageId":"3EB0B4472EF3F6CF44B993","timestampMs":1779779057000,"textPreview":"Thanks for your message! I'll get back to you shortly. 🙏","msgType":"extendedTextMessage,messageContextInfo"}
[2026-05-26T07:04:17.452Z] [INFO] 📩 INBOUND [append] remoteJid=108289044049964@lid fromMe=true participant= msgId=3EB0B4472EF3F6CF44B993 text=Thanks for your message! I'll get back to you shortly. 🙏
[2026-05-26T07:04:17.452Z] [EVENT] privacy_allowed_self_chat_lid {"messageId":"3EB0B4472EF3F6CF44B993","remoteJid":"108289044049964@lid","fromMe":true}
[2026-05-26T07:04:17.453Z] [EVENT] privacy_self_jid_match {"remoteJid":"108289044049964@lid","matchType":"lid"}
[2026-05-26T07:04:17.453Z] [EVENT] fromMe_self_chat_allowed {"messageId":"3EB0B4472EF3F6CF44B993","remoteJid":"108289044049964@lid","textPreview":"Thanks for your message! I'll get back to you shortly. 🙏"}
[2026-05-26T07:04:17.453Z] [EVENT] inbound_received {"from":"108289044049964@lid","textPreview":"Thanks for your message! I'll get back to you shortly. 🙏","messageId":"3EB0B4472EF3F6CF44B993"}
[2026-05-26T07:04:17.453Z] [EVENT] bridge_invoked {"remoteJid":"108289044049964@lid","messageId":"3EB0B4472EF3F6CF44B993","type":"append"}
[2026-05-26T07:04:17.453Z] [EVENT] rim_inference_requested {"runId":"rim-20260526-090340-2965497","from":"108289044049964@lid","messageId":"3EB0B4472EF3F6CF44B993","textPreview":"Thanks for your message! I'll get back to you shortly. 🙏"}
[2026-05-26T07:04:17.453Z] [INFO] [RIM-1] Inference request: Thanks for your message! I'll get back to you shortly. 🙏 [RUN_ID=rim-20260526-090340-2965497]
[2026-05-26T07:04:18.038Z] [EVENT] rim_inference_no_reply {"runId":"rim-20260526-090340-2965497","messageId":"3EB0B4472EF3F6CF44B993","reason":"unknown"}
[2026-05-26T07:04:18.038Z] [ERROR] [RIM-1] No reply sent: unknown
[2026-05-26T07:04:18.140Z] [EVENT] inbound_event {"upsertType":"append","fromMe":true,"remoteJid":"108289044049964@lid","participant":"","messageId":"3EB0F743611E9C3695E33D","timestampMs":1779779058000,"textPreview":"Thanks for your message! I'll get back to you shortly. 🙏","msgType":"extendedTextMessage,messageContextInfo"}
[2026-05-26T07:04:18.140Z] [INFO] 📩 INBOUND [append] remoteJid=108289044049964@lid fromMe=true participant= msgId=3EB0F743611E9C3695E33D text=Thanks for your message! I'll get back to you shortly. 🙏
[2026-05-26T07:04:18.140Z] [EVENT] privacy_allowed_self_chat_lid {"messageId":"3EB0F743611E9C3695E33D","remoteJid":"108289044049964@lid","fromMe":true}
[2026-05-26T07:04:18.140Z] [EVENT] privacy_self_jid_match {"remoteJid":"108289044049964@lid","matchType":"lid"}
[2026-05-26T07:04:18.140Z] [EVENT] fromMe_self_chat_allowed {"messageId":"3EB0F743611E9C3695E33D","remoteJid":"108289044049964@lid","textPreview":"Thanks for your message! I'll get back to you shortly. 🙏"}
[2026-05-26T07:04:18.141Z] [EVENT] inbound_received {"from":"108289044049964@lid","textPreview":"Thanks for your message! I'll get back to you shortly. 🙏","messageId":"3EB0F743611E9C3695E33D"}
[2026-05-26T07:04:18.141Z] [EVENT] bridge_invoked {"remoteJid":"108289044049964@lid","messageId":"3EB0F743611E9C3695E33D","type":"append"}
[2026-05-26T07:04:18.141Z] [EVENT] rim_inference_requested {"runId":"rim-20260526-090340-2965497","from":"108289044049964@lid","messageId":"3EB0F743611E9C3695E33D","textPreview":"Thanks for your message! I'll get back to you shortly. 🙏"}
[2026-05-26T07:04:18.141Z] [INFO] [RIM-1] Inference request: Thanks for your message! I'll get back to you shortly. 🙏 [RUN_ID=rim-20260526-090340-2965497]
[2026-05-26T07:04:18.720Z] [EVENT] rim_inference_no_reply {"runId":"rim-20260526-090340-2965497","messageId":"3EB0F743611E9C3695E33D","reason":"unknown"}
[2026-05-26T07:04:18.720Z] [ERROR] [RIM-1] No reply sent: unknown
[2026-05-26T07:04:18.821Z] [EVENT] inbound_event {"upsertType":"append","fromMe":true,"remoteJid":"108289044049964@lid","participant":"","messageId":"3EB020FBECA64E2AC2B56D","timestampMs":1779779058000,"textPreview":"Thanks for your message! I'll get back to you shortly. 🙏","msgType":"extendedTextMessage,messageContextInfo"}
[2026-05-26T07:04:18.822Z] [INFO] 📩 INBOUND [append] remoteJid=108289044049964@lid fromMe=true participant= msgId=3EB020FBECA64E2AC2B56D text=Thanks for your message! I'll get back to you shortly. 🙏
[2026-05-26T07:04:18.822Z] [EVENT] privacy_allowed_self_chat_lid {"messageId":"3EB020FBECA64E2AC2B56D","remoteJid":"108289044049964@lid","fromMe":true}
[2026-05-26T07:04:18.822Z] [EVENT] privacy_self_jid_match {"remoteJid":"108289044049964@lid","matchType":"lid"}
[2026-05-26T07:04:18.822Z] [EVENT] fromMe_self_chat_allowed {"messageId":"3EB020FBECA64E2AC2B56D","remoteJid":"108289044049964@lid","textPreview":"Thanks for your message! I'll get back to you shortly. 🙏"}
[2026-05-26T07:04:18.822Z] [EVENT] inbound_received {"from":"108289044049964@lid","textPreview":"Thanks for your message! I'll get back to you shortly. 🙏","messageId":"3EB020FBECA64E2AC2B56D"}
[2026-05-26T07:04:18.823Z] [EVENT] bridge_invoked {"remoteJid":"108289044049964@lid","messageId":"3EB020FBECA64E2AC2B56D","type":"append"}
[2026-05-26T07:04:18.823Z] [EVENT] rim_inference_requested {"runId":"rim-20260526-090340-2965497","from":"108289044049964@lid","messageId":"3EB020FBECA64E2AC2B56D","textPreview":"Thanks for your message! I'll get back to you shortly. 🙏"}
[2026-05-26T07:04:18.823Z] [INFO] [RIM-1] Inference request: Thanks for your message! I'll get back to you shortly. 🙏 [RUN_ID=rim-20260526-090340-2965497]
[2026-05-26T07:04:19.398Z] [EVENT] rim_inference_no_reply {"runId":"rim-20260526-090340-2965497","messageId":"3EB020FBECA64E2AC2B56D","reason":"unknown"}
[2026-05-26T07:04:19.398Z] [ERROR] [RIM-1] No reply sent: unknown
[2026-05-26T07:04:19.499Z] [EVENT] inbound_event {"upsertType":"append","fromMe":true,"remoteJid":"108289044049964@lid","participant":"","messageId":"3EB0749D649E69B110D886","timestampMs":1779779059000,"textPreview":"Thanks for your message! I'll get back to you shortly. 🙏","msgType":"extendedTextMessage,messageContextInfo"}
[2026-05-26T07:04:19.500Z] [INFO] 📩 INBOUND [append] remoteJid=108289044049964@lid fromMe=true participant= msgId=3EB0749D649E69B110D886 text=Thanks for your message! I'll get back to you shortly. 🙏
[2026-05-26T07:04:19.500Z] [EVENT] privacy_allowed_self_chat_lid {"messageId":"3EB0749D649E69B110D886","remoteJid":"108289044049964@lid","fromMe":true}
[2026-05-26T07:04:19.500Z] [EVENT] privacy_self_jid_match {"remoteJid":"108289044049964@lid","matchType":"lid"}
[2026-05-26T07:04:19.500Z] [EVENT] fromMe_self_chat_allowed {"messageId":"3EB0749D649E69B110D886","remoteJid":"108289044049964@lid","textPreview":"Thanks for your message! I'll get back to you shortly. 🙏"}
[2026-05-26T07:04:19.500Z] [EVENT] inbound_received {"from":"108289044049964@lid","textPreview":"Thanks for your message! I'll get back to you shortly. 🙏","messageId":"3EB0749D649E69B110D886"}
[2026-05-26T07:04:19.501Z] [EVENT] bridge_invoked {"remoteJid":"108289044049964@lid","messageId":"3EB0749D649E69B110D886","type":"append"}
[2026-05-26T07:04:19.501Z] [EVENT] rim_inference_requested {"runId":"rim-20260526-090340-2965497","from":"108289044049964@lid","messageId":"3EB0749D649E69B110D886","textPreview":"Thanks for your message! I'll get back to you shortly. 🙏"}
[2026-05-26T07:04:19.501Z] [INFO] [RIM-1] Inference request: Thanks for your message! I'll get back to you shortly. 🙏 [RUN_ID=rim-20260526-090340-2965497]
[2026-05-26T07:04:20.082Z] [EVENT] rim_inference_no_reply {"runId":"rim-20260526-090340-2965497","messageId":"3EB0749D649E69B110D886","reason":"unknown"}
[2026-05-26T07:04:20.082Z] [ERROR] [RIM-1] No reply sent: unknown
[2026-05-26T07:04:20.184Z] [EVENT] inbound_event {"upsertType":"append","fromMe":true,"remoteJid":"108289044049964@lid","participant":"","messageId":"3EB0A16D2CD7568B4E1278","timestampMs":1779779060000,"textPreview":"Thanks for your message! I'll get back to you shortly. 🙏","msgType":"extendedTextMessage,messageContextInfo"}
[2026-05-26T07:04:20.184Z] [INFO] 📩 INBOUND [append] remoteJid=108289044049964@lid fromMe=true participant= msgId=3EB0A16D2CD7568B4E1278 text=Thanks for your message! I'll get back to you shortly. 🙏
[2026-05-26T07:04:20.184Z] [EVENT] privacy_allowed_self_chat_lid {"messageId":"3EB0A16D2CD7568B4E1278","remoteJid":"108289044049964@lid","fromMe":true}
[2026-05-26T07:04:20.184Z] [EVENT] privacy_self_jid_match {"remoteJid":"108289044049964@lid","matchType":"lid"}
[2026-05-26T07:04:20.185Z] [EVENT] fromMe_self_chat_allowed {"messageId":"3EB0A16D2CD7568B4E1278","remoteJid":"108289044049964@lid","textPreview":"Thanks for your message! I'll get back to you shortly. 🙏"}
[2026-05-26T07:04:20.185Z] [EVENT] inbound_received {"from":"108289044049964@lid","textPreview":"Thanks for your message! I'll get back to you shortly. 🙏","messageId":"3EB0A16D2CD7568B4E1278"}
[2026-05-26T07:04:20.185Z] [EVENT] bridge_invoked {"remoteJid":"108289044049964@lid","messageId":"3EB0A16D2CD7568B4E1278","type":"append"}
[2026-05-26T07:04:20.185Z] [EVENT] rim_inference_requested {"runId":"rim-20260526-090340-2965497","from":"108289044049964@lid","messageId":"3EB0A16D2CD7568B4E1278","textPreview":"Thanks for your message! I'll get back to you shortly. 🙏"}
[2026-05-26T07:04:20.185Z] [INFO] [RIM-1] Inference request: Thanks for your message! I'll get back to you shortly. 🙏 [RUN_ID=rim-20260526-090340-2965497]
[2026-05-26T07:04:20.754Z] [EVENT] rim_inference_no_reply {"runId":"rim-20260526-090340-2965497","messageId":"3EB0A16D2CD7568B4E1278","reason":"unknown"}
[2026-05-26T07:04:20.754Z] [ERROR] [RIM-1] No reply sent: unknown
[2026-05-26T07:04:20.855Z] [EVENT] inbound_event {"upsertType":"append","fromMe":true,"remoteJid":"108289044049964@lid","participant":"","messageId":"3EB054BE1E97982B08EDB8","timestampMs":1779779060000,"textPreview":"Thanks for your message! I'll get back to you shortly. 🙏","msgType":"extendedTextMessage,messageContextInfo"}
[2026-05-26T07:04:20.855Z] [INFO] 📩 INBOUND [append] remoteJid=108289044049964@lid fromMe=true participant= msgId=3EB054BE1E97982B08EDB8 text=Thanks for your message! I'll get back to you shortly. 🙏
[2026-05-26T07:04:20.855Z] [EVENT] privacy_allowed_self_chat_lid {"messageId":"3EB054BE1E97982B08EDB8","remoteJid":"108289044049964@lid","fromMe":true}
[2026-05-26T07:04:20.855Z] [EVENT] privacy_self_jid_match {"remoteJid":"108289044049964@lid","matchType":"lid"}
[2026-05-26T07:04:20.855Z] [EVENT] fromMe_self_chat_allowed {"messageId":"3EB054BE1E97982B08EDB8","remoteJid":"108289044049964@lid","textPreview":"Thanks for your message! I'll get back to you shortly. 🙏"}
[2026-05-26T07:04:20.855Z] [EVENT] inbound_received {"from":"108289044049964@lid","textPreview":"Thanks for your message! I'll get back to you shortly. 🙏","messageId":"3EB054BE1E97982B08EDB8"}
[2026-05-26T07:04:20.856Z] [EVENT] bridge_invoked {"remoteJid":"108289044049964@lid","messageId":"3EB054BE1E97982B08EDB8","type":"append"}
[2026-05-26T07:04:20.856Z] [EVENT] rim_inference_requested {"runId":"rim-20260526-090340-2965497","from":"108289044049964@lid","messageId":"3EB054BE1E97982B08EDB8","textPreview":"Thanks for your message! I'll get back to you shortly. 🙏"}
[2026-05-26T07:04:20.856Z] [INFO] [RIM-1] Inference request: Thanks for your message! I'll get back to you shortly. 🙏 [RUN_ID=rim-20260526-090340-2965497]
[2026-05-26T07:04:21.417Z] [EVENT] rim_inference_no_reply {"runId":"rim-20260526-090340-2965497","messageId":"3EB054BE1E97982B08EDB8","reason":"unknown"}
[2026-05-26T07:04:21.417Z] [ERROR] [RIM-1] No reply sent: unknown
[2026-05-26T07:04:21.453Z] [EVENT] inbound_event {"upsertType":"append","fromMe":true,"remoteJid":"108289044049964@lid","participant":"","messageId":"3EB08A800F3F5ECBDB6719","timestampMs":1779779061000,"textPreview":"Thanks for your message! I'll get back to you shortly. 🙏","msgType":"extendedTextMessage,messageContextInfo"}
[2026-05-26T07:04:21.454Z] [INFO] 📩 INBOUND [append] remoteJid=108289044049964@lid fromMe=true participant= msgId=3EB08A800F3F5ECBDB6719 text=Thanks for your message! I'll get back to you shortly. 🙏
[2026-05-26T07:04:21.454Z] [EVENT] privacy_allowed_self_chat_lid {"messageId":"3EB08A800F3F5ECBDB6719","remoteJid":"108289044049964@lid","fromMe":true}
[2026-05-26T07:04:21.454Z] [EVENT] privacy_self_jid_match {"remoteJid":"108289044049964@lid","matchType":"lid"}
[2026-05-26T07:04:21.454Z] [EVENT] fromMe_self_chat_allowed {"messageId":"3EB08A800F3F5ECBDB6719","remoteJid":"108289044049964@lid","textPreview":"Thanks for your message! I'll get back to you shortly. 🙏"}
[2026-05-26T07:04:21.454Z] [EVENT] inbound_received {"from":"108289044049964@lid","textPreview":"Thanks for your message! I'll get back to you shortly. 🙏","messageId":"3EB08A800F3F5ECBDB6719"}
[2026-05-26T07:04:21.454Z] [EVENT] bridge_invoked {"remoteJid":"108289044049964@lid","messageId":"3EB08A800F3F5ECBDB6719","type":"append"}
[2026-05-26T07:04:21.455Z] [EVENT] rim_inference_requested {"runId":"rim-20260526-090340-2965497","from":"108289044049964@lid","messageId":"3EB08A800F3F5ECBDB6719","textPreview":"Thanks for your message! I'll get back to you shortly. 🙏"}
[2026-05-26T07:04:21.455Z] [INFO] [RIM-1] Inference request: Thanks for your message! I'll get back to you shortly. 🙏 [RUN_ID=rim-20260526-090340-2965497]
[2026-05-26T07:04:22.113Z] [EVENT] rim_inference_no_reply {"runId":"rim-20260526-090340-2965497","messageId":"3EB08A800F3F5ECBDB6719","reason":"unknown"}
[2026-05-26T07:04:22.113Z] [ERROR] [RIM-1] No reply sent: unknown
[2026-05-26T07:04:22.215Z] [EVENT] inbound_event {"upsertType":"append","fromMe":true,"remoteJid":"108289044049964@lid","participant":"","messageId":"3EB03F21C2424C169C3C38","timestampMs":1779779062000,"textPreview":"Thanks for your message! I'll get back to you shortly. 🙏","msgType":"extendedTextMessage,messageContextInfo"}
[2026-05-26T07:04:22.215Z] [INFO] 📩 INBOUND [append] remoteJid=108289044049964@lid fromMe=true participant= msgId=3EB03F21C2424C169C3C38 text=Thanks for your message! I'll get back to you shortly. 🙏
[2026-05-26T07:04:22.216Z] [EVENT] privacy_allowed_self_chat_lid {"messageId":"3EB03F21C2424C169C3C38","remoteJid":"108289044049964@lid","fromMe":true}
[2026-05-26T07:04:22.216Z] [EVENT] privacy_self_jid_match {"remoteJid":"108289044049964@lid","matchType":"lid"}
[2026-05-26T07:04:22.216Z] [EVENT] fromMe_self_chat_allowed {"messageId":"3EB03F21C2424C169C3C38","remoteJid":"108289044049964@lid","textPreview":"Thanks for your message! I'll get back to you shortly. 🙏"}
[2026-05-26T07:04:22.216Z] [EVENT] inbound_received {"from":"108289044049964@lid","textPreview":"Thanks for your message! I'll get back to you shortly. 🙏","messageId":"3EB03F21C2424C169C3C38"}
[2026-05-26T07:04:22.216Z] [EVENT] bridge_invoked {"remoteJid":"108289044049964@lid","messageId":"3EB03F21C2424C169C3C38","type":"append"}
[2026-05-26T07:04:22.216Z] [EVENT] rim_inference_requested {"runId":"rim-20260526-090340-2965497","from":"108289044049964@lid","messageId":"3EB03F21C2424C169C3C38","textPreview":"Thanks for your message! I'll get back to you shortly. 🙏"}
[2026-05-26T07:04:22.216Z] [INFO] [RIM-1] Inference request: Thanks for your message! I'll get back to you shortly. 🙏 [RUN_ID=rim-20260526-090340-2965497]
[2026-05-26T07:04:22.773Z] [EVENT] rim_inference_no_reply {"runId":"rim-20260526-090340-2965497","messageId":"3EB03F21C2424C169C3C38","reason":"unknown"}
[2026-05-26T07:04:22.773Z] [ERROR] [RIM-1] No reply sent: unknown
[2026-05-26T07:04:22.873Z] [EVENT] inbound_event {"upsertType":"append","fromMe":true,"remoteJid":"108289044049964@lid","participant":"","messageId":"3EB01CD361EA5247AB4DD2","timestampMs":1779779062000,"textPreview":"Thanks for your message! I'll get back to you shortly. 🙏","msgType":"extendedTextMessage,messageContextInfo"}
[2026-05-26T07:04:22.874Z] [INFO] 📩 INBOUND [append] remoteJid=108289044049964@lid fromMe=true participant= msgId=3EB01CD361EA5247AB4DD2 text=Thanks for your message! I'll get back to you shortly. 🙏
[2026-05-26T07:04:22.874Z] [EVENT] privacy_allowed_self_chat_lid {"messageId":"3EB01CD361EA5247AB4DD2","remoteJid":"108289044049964@lid","fromMe":true}
[2026-05-26T07:04:22.874Z] [EVENT] privacy_self_jid_match {"remoteJid":"108289044049964@lid","matchType":"lid"}
[2026-05-26T07:04:22.874Z] [EVENT] fromMe_self_chat_allowed {"messageId":"3EB01CD361EA5247AB4DD2","remoteJid":"108289044049964@lid","textPreview":"Thanks for your message! I'll get back to you shortly. 🙏"}
[2026-05-26T07:04:22.874Z] [EVENT] inbound_received {"from":"108289044049964@lid","textPreview":"Thanks for your message! I'll get back to you shortly. 🙏","messageId":"3EB01CD361EA5247AB4DD2"}
[2026-05-26T07:04:22.874Z] [EVENT] bridge_invoked {"remoteJid":"108289044049964@lid","messageId":"3EB01CD361EA5247AB4DD2","type":"append"}
[2026-05-26T07:04:22.875Z] [EVENT] rim_inference_requested {"runId":"rim-20260526-090340-2965497","from":"108289044049964@lid","messageId":"3EB01CD361EA5247AB4DD2","textPreview":"Thanks for your message! I'll get back to you shortly. 🙏"}
[2026-05-26T07:04:22.875Z] [INFO] [RIM-1] Inference request: Thanks for your message! I'll get back to you shortly. 🙏 [RUN_ID=rim-20260526-090340-2965497]
[2026-05-26T07:04:23.448Z] [EVENT] rim_inference_no_reply {"runId":"rim-20260526-090340-2965497","messageId":"3EB01CD361EA5247AB4DD2","reason":"unknown"}
[2026-05-26T07:04:23.448Z] [ERROR] [RIM-1] No reply sent: unknown
[2026-05-26T07:04:23.550Z] [EVENT] inbound_event {"upsertType":"append","fromMe":true,"remoteJid":"108289044049964@lid","participant":"","messageId":"3EB02DFF6340C3017C639B","timestampMs":1779779063000,"textPreview":"Thanks for your message! I'll get back to you shortly. 🙏","msgType":"extendedTextMessage,messageContextInfo"}
[2026-05-26T07:04:23.550Z] [INFO] 📩 INBOUND [append] remoteJid=108289044049964@lid fromMe=true participant= msgId=3EB02DFF6340C3017C639B text=Thanks for your message! I'll get back to you shortly. 🙏
[2026-05-26T07:04:23.550Z] [EVENT] privacy_allowed_self_chat_lid {"messageId":"3EB02DFF6340C3017C639B","remoteJid":"108289044049964@lid","fromMe":true}
[2026-05-26T07:04:23.550Z] [EVENT] privacy_self_jid_match {"remoteJid":"108289044049964@lid","matchType":"lid"}
[2026-05-26T07:04:23.550Z] [EVENT] fromMe_self_chat_allowed {"messageId":"3EB02DFF6340C3017C639B","remoteJid":"108289044049964@lid","textPreview":"Thanks for your message! I'll get back to you shortly. 🙏"}
[2026-05-26T07:04:23.550Z] [EVENT] inbound_received {"from":"108289044049964@lid","textPreview":"Thanks for your message! I'll get back to you shortly. 🙏","messageId":"3EB02DFF6340C3017C639B"}
[2026-05-26T07:04:23.551Z] [EVENT] bridge_invoked {"remoteJid":"108289044049964@lid","messageId":"3EB02DFF6340C3017C639B","type":"append"}
[2026-05-26T07:04:23.551Z] [EVENT] rim_inference_requested {"runId":"rim-20260526-090340-2965497","from":"108289044049964@lid","messageId":"3EB02DFF6340C3017C639B","textPreview":"Thanks for your message! I'll get back to you shortly. 🙏"}
[2026-05-26T07:04:23.551Z] [INFO] [RIM-1] Inference request: Thanks for your message! I'll get back to you shortly. 🙏 [RUN_ID=rim-20260526-090340-2965497]
[2026-05-26T07:04:24.124Z] [EVENT] rim_inference_no_reply {"runId":"rim-20260526-090340-2965497","messageId":"3EB02DFF6340C3017C639B","reason":"unknown"}
[2026-05-26T07:04:24.124Z] [ERROR] [RIM-1] No reply sent: unknown
[2026-05-26T07:04:24.225Z] [EVENT] inbound_event {"upsertType":"append","fromMe":true,"remoteJid":"108289044049964@lid","participant":"","messageId":"3EB0919DE27ACECED7903D","timestampMs":1779779064000,"textPreview":"Thanks for your message! I'll get back to you shortly. 🙏","msgType":"extendedTextMessage,messageContextInfo"}
[2026-05-26T07:04:24.226Z] [INFO] 📩 INBOUND [append] remoteJid=108289044049964@lid fromMe=true participant= msgId=3EB0919DE27ACECED7903D text=Thanks for your message! I'll get back to you shortly. 🙏
[2026-05-26T07:04:24.226Z] [EVENT] privacy_allowed_self_chat_lid {"messageId":"3EB0919DE27ACECED7903D","remoteJid":"108289044049964@lid","fromMe":true}
[2026-05-26T07:04:24.226Z] [EVENT] privacy_self_jid_match {"remoteJid":"108289044049964@lid","matchType":"lid"}
[2026-05-26T07:04:24.226Z] [EVENT] fromMe_self_chat_allowed {"messageId":"3EB0919DE27ACECED7903D","remoteJid":"108289044049964@lid","textPreview":"Thanks for your message! I'll get back to you shortly. 🙏"}
[2026-05-26T07:04:24.226Z] [EVENT] inbound_received {"from":"108289044049964@lid","textPreview":"Thanks for your message! I'll get back to you shortly. 🙏","messageId":"3EB0919DE27ACECED7903D"}
[2026-05-26T07:04:24.227Z] [EVENT] bridge_invoked {"remoteJid":"108289044049964@lid","messageId":"3EB0919DE27ACECED7903D","type":"append"}
[2026-05-26T07:04:24.227Z] [EVENT] rim_inference_requested {"runId":"rim-20260526-090340-2965497","from":"108289044049964@lid","messageId":"3EB0919DE27ACECED7903D","textPreview":"Thanks for your message! I'll get back to you shortly. 🙏"}
[2026-05-26T07:04:24.227Z] [INFO] [RIM-1] Inference request: Thanks for your message! I'll get back to you shortly. 🙏 [RUN_ID=rim-20260526-090340-2965497]
[2026-05-26T07:04:24.807Z] [EVENT] rim_inference_no_reply {"runId":"rim-20260526-090340-2965497","messageId":"3EB0919DE27ACECED7903D","reason":"unknown"}
[2026-05-26T07:04:24.807Z] [ERROR] [RIM-1] No reply sent: unknown
[2026-05-26T07:04:24.908Z] [EVENT] inbound_event {"upsertType":"append","fromMe":true,"remoteJid":"108289044049964@lid","participant":"","messageId":"3EB0B6853E3A198488D647","timestampMs":1779779064000,"textPreview":"Thanks for your message! I'll get back to you shortly. 🙏","msgType":"extendedTextMessage,messageContextInfo"}
[2026-05-26T07:04:24.909Z] [INFO] 📩 INBOUND [append] remoteJid=108289044049964@lid fromMe=true participant= msgId=3EB0B6853E3A198488D647 text=Thanks for your message! I'll get back to you shortly. 🙏
[2026-05-26T07:04:24.909Z] [EVENT] privacy_allowed_self_chat_lid {"messageId":"3EB0B6853E3A198488D647","remoteJid":"108289044049964@lid","fromMe":true}
[2026-05-26T07:04:24.909Z] [EVENT] privacy_self_jid_match {"remoteJid":"108289044049964@lid","matchType":"lid"}
[2026-05-26T07:04:24.909Z] [EVENT] fromMe_self_chat_allowed {"messageId":"3EB0B6853E3A198488D647","remoteJid":"108289044049964@lid","textPreview":"Thanks for your message! I'll get back to you shortly. 🙏"}
[2026-05-26T07:04:24.909Z] [EVENT] inbound_received {"from":"108289044049964@lid","textPreview":"Thanks for your message! I'll get back to you shortly. 🙏","messageId":"3EB0B6853E3A198488D647"}
[2026-05-26T07:04:24.910Z] [EVENT] bridge_invoked {"remoteJid":"108289044049964@lid","messageId":"3EB0B6853E3A198488D647","type":"append"}
[2026-05-26T07:04:24.910Z] [EVENT] rim_inference_requested {"runId":"rim-20260526-090340-2965497","from":"108289044049964@lid","messageId":"3EB0B6853E3A198488D647","textPreview":"Thanks for your message! I'll get back to you shortly. 🙏"}
[2026-05-26T07:04:24.910Z] [INFO] [RIM-1] Inference request: Thanks for your message! I'll get back to you shortly. 🙏 [RUN_ID=rim-20260526-090340-2965497]
[2026-05-26T07:04:25.477Z] [EVENT] rim_inference_no_reply {"runId":"rim-20260526-090340-2965497","messageId":"3EB0B6853E3A198488D647","reason":"unknown"}
[2026-05-26T07:04:25.477Z] [ERROR] [RIM-1] No reply sent: unknown
[2026-05-26T07:04:25.577Z] [EVENT] inbound_event {"upsertType":"append","fromMe":true,"remoteJid":"108289044049964@lid","participant":"","messageId":"3EB0AB63A836B5B9009037","timestampMs":1779779065000,"textPreview":"Thanks for your message! I'll get back to you shortly. 🙏","msgType":"extendedTextMessage,messageContextInfo"}
[2026-05-26T07:04:25.578Z] [INFO] 📩 INBOUND [append] remoteJid=108289044049964@lid fromMe=true participant= msgId=3EB0AB63A836B5B9009037 text=Thanks for your message! I'll get back to you shortly. 🙏
[2026-05-26T07:04:25.578Z] [EVENT] privacy_allowed_self_chat_lid {"messageId":"3EB0AB63A836B5B9009037","remoteJid":"108289044049964@lid","fromMe":true}
[2026-05-26T07:04:25.578Z] [EVENT] privacy_self_jid_match {"remoteJid":"108289044049964@lid","matchType":"lid"}
[2026-05-26T07:04:25.578Z] [EVENT] fromMe_self_chat_allowed {"messageId":"3EB0AB63A836B5B9009037","remoteJid":"108289044049964@lid","textPreview":"Thanks for your message! I'll get back to you shortly. 🙏"}
[2026-05-26T07:04:25.578Z] [EVENT] inbound_received {"from":"108289044049964@lid","textPreview":"Thanks for your message! I'll get back to you shortly. 🙏","messageId":"3EB0AB63A836B5B9009037"}
[2026-05-26T07:04:25.578Z] [EVENT] bridge_invoked {"remoteJid":"108289044049964@lid","messageId":"3EB0AB63A836B5B9009037","type":"append"}
[2026-05-26T07:04:25.579Z] [EVENT] rim_inference_requested {"runId":"rim-20260526-090340-2965497","from":"108289044049964@lid","messageId":"3EB0AB63A836B5B9009037","textPreview":"Thanks for your message! I'll get back to you shortly. 🙏"}
[2026-05-26T07:04:25.579Z] [INFO] [RIM-1] Inference request: Thanks for your message! I'll get back to you shortly. 🙏 [RUN_ID=rim-20260526-090340-2965497]
[2026-05-26T07:04:26.155Z] [EVENT] rim_inference_no_reply {"runId":"rim-20260526-090340-2965497","messageId":"3EB0AB63A836B5B9009037","reason":"unknown"}
[2026-05-26T07:04:26.155Z] [ERROR] [RIM-1] No reply sent: unknown
[2026-05-26T07:04:26.256Z] [EVENT] inbound_event {"upsertType":"append","fromMe":true,"remoteJid":"108289044049964@lid","participant":"","messageId":"3EB0D5E748EFED74BADB3F","timestampMs":1779779066000,"textPreview":"Thanks for your message! I'll get back to you shortly. 🙏","msgType":"extendedTextMessage,messageContextInfo"}
[2026-05-26T07:04:26.256Z] [INFO] 📩 INBOUND [append] remoteJid=108289044049964@lid fromMe=true participant= msgId=3EB0D5E748EFED74BADB3F text=Thanks for your message! I'll get back to you shortly. 🙏
[2026-05-26T07:04:26.256Z] [EVENT] privacy_allowed_self_chat_lid {"messageId":"3EB0D5E748EFED74BADB3F","remoteJid":"108289044049964@lid","fromMe":true}
[2026-05-26T07:04:26.256Z] [EVENT] privacy_self_jid_match {"remoteJid":"108289044049964@lid","matchType":"lid"}
[2026-05-26T07:04:26.256Z] [EVENT] fromMe_self_chat_allowed {"messageId":"3EB0D5E748EFED74BADB3F","remoteJid":"108289044049964@lid","textPreview":"Thanks for your message! I'll get back to you shortly. 🙏"}
[2026-05-26T07:04:26.256Z] [EVENT] inbound_received {"from":"108289044049964@lid","textPreview":"Thanks for your message! I'll get back to you shortly. 🙏","messageId":"3EB0D5E748EFED74BADB3F"}
[2026-05-26T07:04:26.257Z] [EVENT] bridge_invoked {"remoteJid":"108289044049964@lid","messageId":"3EB0D5E748EFED74BADB3F","type":"append"}
[2026-05-26T07:04:26.257Z] [EVENT] rim_inference_requested {"runId":"rim-20260526-090340-2965497","from":"108289044049964@lid","messageId":"3EB0D5E748EFED74BADB3F","textPreview":"Thanks for your message! I'll get back to you shortly. 🙏"}
[2026-05-26T07:04:26.257Z] [INFO] [RIM-1] Inference request: Thanks for your message! I'll get back to you shortly. 🙏 [RUN_ID=rim-20260526-090340-2965497]
[2026-05-26T07:04:26.820Z] [EVENT] rim_inference_no_reply {"runId":"rim-20260526-090340-2965497","messageId":"3EB0D5E748EFED74BADB3F","reason":"unknown"}
[2026-05-26T07:04:26.821Z] [ERROR] [RIM-1] No reply sent: unknown
[2026-05-26T07:04:26.922Z] [EVENT] inbound_event {"upsertType":"append","fromMe":true,"remoteJid":"108289044049964@lid","participant":"","messageId":"3EB0996F96620F1658FAB4","timestampMs":1779779066000,"textPreview":"Thanks for your message! I'll get back to you shortly. 🙏","msgType":"extendedTextMessage,messageContextInfo"}
[2026-05-26T07:04:26.922Z] [INFO] 📩 INBOUND [append] remoteJid=108289044049964@lid fromMe=true participant= msgId=3EB0996F96620F1658FAB4 text=Thanks for your message! I'll get back to you shortly. 🙏
[2026-05-26T07:04:26.922Z] [EVENT] privacy_allowed_self_chat_lid {"messageId":"3EB0996F96620F1658FAB4","remoteJid":"108289044049964@lid","fromMe":true}
[2026-05-26T07:04:26.922Z] [EVENT] privacy_self_jid_match {"remoteJid":"108289044049964@lid","matchType":"lid"}
[2026-05-26T07:04:26.923Z] [EVENT] fromMe_self_chat_allowed {"messageId":"3EB0996F96620F1658FAB4","remoteJid":"108289044049964@lid","textPreview":"Thanks for your message! I'll get back to you shortly. 🙏"}
[2026-05-26T07:04:26.923Z] [EVENT] inbound_received {"from":"108289044049964@lid","textPreview":"Thanks for your message! I'll get back to you shortly. 🙏","messageId":"3EB0996F96620F1658FAB4"}
[2026-05-26T07:04:26.923Z] [EVENT] bridge_invoked {"remoteJid":"108289044049964@lid","messageId":"3EB0996F96620F1658FAB4","type":"append"}
[2026-05-26T07:04:26.923Z] [EVENT] rim_inference_requested {"runId":"rim-20260526-090340-2965497","from":"108289044049964@lid","messageId":"3EB0996F96620F1658FAB4","textPreview":"Thanks for your message! I'll get back to you shortly. 🙏"}
[2026-05-26T07:04:26.923Z] [INFO] [RIM-1] Inference request: Thanks for your message! I'll get back to you shortly. 🙏 [RUN_ID=rim-20260526-090340-2965497]
[2026-05-26T07:04:27.487Z] [EVENT] rim_inference_no_reply {"runId":"rim-20260526-090340-2965497","messageId":"3EB0996F96620F1658FAB4","reason":"unknown"}
[2026-05-26T07:04:27.487Z] [ERROR] [RIM-1] No reply sent: unknown
[2026-05-26T07:04:27.589Z] [EVENT] inbound_event {"upsertType":"append","fromMe":true,"remoteJid":"108289044049964@lid","participant":"","messageId":"3EB00C36A024E5EC0240E5","timestampMs":1779779067000,"textPreview":"Thanks for your message! I'll get back to you shortly. 🙏","msgType":"extendedTextMessage,messageContextInfo"}
[2026-05-26T07:04:27.589Z] [INFO] 📩 INBOUND [append] remoteJid=108289044049964@lid fromMe=true participant= msgId=3EB00C36A024E5EC0240E5 text=Thanks for your message! I'll get back to you shortly. 🙏
[2026-05-26T07:04:27.589Z] [EVENT] privacy_allowed_self_chat_lid {"messageId":"3EB00C36A024E5EC0240E5","remoteJid":"108289044049964@lid","fromMe":true}
[2026-05-26T07:04:27.589Z] [EVENT] privacy_self_jid_match {"remoteJid":"108289044049964@lid","matchType":"lid"}
[2026-05-26T07:04:27.590Z] [EVENT] fromMe_self_chat_allowed {"messageId":"3EB00C36A024E5EC0240E5","remoteJid":"108289044049964@lid","textPreview":"Thanks for your message! I'll get back to you shortly. 🙏"}
[2026-05-26T07:04:27.590Z] [EVENT] inbound_received {"from":"108289044049964@lid","textPreview":"Thanks for your message! I'll get back to you shortly. 🙏","messageId":"3EB00C36A024E5EC0240E5"}
[2026-05-26T07:04:27.590Z] [EVENT] bridge_invoked {"remoteJid":"108289044049964@lid","messageId":"3EB00C36A024E5EC0240E5","type":"append"}
[2026-05-26T07:04:27.590Z] [EVENT] rim_inference_requested {"runId":"rim-20260526-090340-2965497","from":"108289044049964@lid","messageId":"3EB00C36A024E5EC0240E5","textPreview":"Thanks for your message! I'll get back to you shortly. 🙏"}
[2026-05-26T07:04:27.590Z] [INFO] [RIM-1] Inference request: Thanks for your message! I'll get back to you shortly. 🙏 [RUN_ID=rim-20260526-090340-2965497]
[2026-05-26T07:04:28.165Z] [EVENT] rim_inference_no_reply {"runId":"rim-20260526-090340-2965497","messageId":"3EB00C36A024E5EC0240E5","reason":"unknown"}
[2026-05-26T07:04:28.165Z] [ERROR] [RIM-1] No reply sent: unknown
[2026-05-26T07:04:28.181Z] [EVENT] inbound_event {"upsertType":"append","fromMe":true,"remoteJid":"108289044049964@lid","participant":"","messageId":"3EB0AA70ECD77AB07CABB6","timestampMs":1779779068000,"textPreview":"Thanks for your message! I'll get back to you shortly. 🙏","msgType":"extendedTextMessage,messageContextInfo"}
[2026-05-26T07:04:28.181Z] [INFO] 📩 INBOUND [append] remoteJid=108289044049964@lid fromMe=true participant= msgId=3EB0AA70ECD77AB07CABB6 text=Thanks for your message! I'll get back to you shortly. 🙏
[2026-05-26T07:04:28.181Z] [EVENT] privacy_allowed_self_chat_lid {"messageId":"3EB0AA70ECD77AB07CABB6","remoteJid":"108289044049964@lid","fromMe":true}
[2026-05-26T07:04:28.181Z] [EVENT] privacy_self_jid_match {"remoteJid":"108289044049964@lid","matchType":"lid"}
[2026-05-26T07:04:28.181Z] [EVENT] fromMe_self_chat_allowed {"messageId":"3EB0AA70ECD77AB07CABB6","remoteJid":"108289044049964@lid","textPreview":"Thanks for your message! I'll get back to you shortly. 🙏"}
[2026-05-26T07:04:28.181Z] [EVENT] inbound_received {"from":"108289044049964@lid","textPreview":"Thanks for your message! I'll get back to you shortly. 🙏","messageId":"3EB0AA70ECD77AB07CABB6"}
[2026-05-26T07:04:28.182Z] [EVENT] bridge_invoked {"remoteJid":"108289044049964@lid","messageId":"3EB0AA70ECD77AB07CABB6","type":"append"}
[2026-05-26T07:04:28.182Z] [EVENT] rim_inference_requested {"runId":"rim-20260526-090340-2965497","from":"108289044049964@lid","messageId":"3EB0AA70ECD77AB07CABB6","textPreview":"Thanks for your message! I'll get back to you shortly. 🙏"}
[2026-05-26T07:04:28.182Z] [INFO] [RIM-1] Inference request: Thanks for your message! I'll get back to you shortly. 🙏 [RUN_ID=rim-20260526-090340-2965497]
[2026-05-26T07:04:28.720Z] [EVENT] rim_inference_no_reply {"runId":"rim-20260526-090340-2965497","messageId":"3EB0AA70ECD77AB07CABB6","reason":"unknown"}
[2026-05-26T07:04:28.720Z] [ERROR] [RIM-1] No reply sent: unknown
[2026-05-26T07:04:28.784Z] [EVENT] inbound_event {"upsertType":"append","fromMe":true,"remoteJid":"108289044049964@lid","participant":"","messageId":"3EB0BEB6AA2AD257A54143","timestampMs":1779779068000,"textPreview":"Thanks for your message! I'll get back to you shortly. 🙏","msgType":"extendedTextMessage,messageContextInfo"}
[2026-05-26T07:04:28.785Z] [INFO] 📩 INBOUND [append] remoteJid=108289044049964@lid fromMe=true participant= msgId=3EB0BEB6AA2AD257A54143 text=Thanks for your message! I'll get back to you shortly. 🙏
[2026-05-26T07:04:28.785Z] [EVENT] privacy_allowed_self_chat_lid {"messageId":"3EB0BEB6AA2AD257A54143","remoteJid":"108289044049964@lid","fromMe":true}
[2026-05-26T07:04:28.785Z] [EVENT] privacy_self_jid_match {"remoteJid":"108289044049964@lid","matchType":"lid"}
[2026-05-26T07:04:28.785Z] [EVENT] fromMe_self_chat_allowed {"messageId":"3EB0BEB6AA2AD257A54143","remoteJid":"108289044049964@lid","textPreview":"Thanks for your message! I'll get back to you shortly. 🙏"}
[2026-05-26T07:04:28.785Z] [EVENT] inbound_received {"from":"108289044049964@lid","textPreview":"Thanks for your message! I'll get back to you shortly. 🙏","messageId":"3EB0BEB6AA2AD257A54143"}
[2026-05-26T07:04:28.786Z] [EVENT] bridge_invoked {"remoteJid":"108289044049964@lid","messageId":"3EB0BEB6AA2AD257A54143","type":"append"}
[2026-05-26T07:04:28.786Z] [EVENT] rim_inference_requested {"runId":"rim-20260526-090340-2965497","from":"108289044049964@lid","messageId":"3EB0BEB6AA2AD257A54143","textPreview":"Thanks for your message! I'll get back to you shortly. 🙏"}
[2026-05-26T07:04:28.786Z] [INFO] [RIM-1] Inference request: Thanks for your message! I'll get back to you shortly. 🙏 [RUN_ID=rim-20260526-090340-2965497]
[2026-05-26T07:04:29.349Z] [EVENT] rim_inference_no_reply {"runId":"rim-20260526-090340-2965497","messageId":"3EB0BEB6AA2AD257A54143","reason":"unknown"}
[2026-05-26T07:04:29.349Z] [ERROR] [RIM-1] No reply sent: unknown
[2026-05-26T07:04:29.450Z] [EVENT] inbound_event {"upsertType":"append","fromMe":true,"remoteJid":"108289044049964@lid","participant":"","messageId":"3EB020DB33FD47ACB2FC81","timestampMs":1779779069000,"textPreview":"Thanks for your message! I'll get back to you shortly. 🙏","msgType":"extendedTextMessage,messageContextInfo"}
[2026-05-26T07:04:29.451Z] [INFO] 📩 INBOUND [append] remoteJid=108289044049964@lid fromMe=true participant= msgId=3EB020DB33FD47ACB2FC81 text=Thanks for your message! I'll get back to you shortly. 🙏
[2026-05-26T07:04:29.451Z] [EVENT] privacy_allowed_self_chat_lid {"messageId":"3EB020DB33FD47ACB2FC81","remoteJid":"108289044049964@lid","fromMe":true}
[2026-05-26T07:04:29.451Z] [EVENT] privacy_self_jid_match {"remoteJid":"108289044049964@lid","matchType":"lid"}
[2026-05-26T07:04:29.451Z] [EVENT] fromMe_self_chat_allowed {"messageId":"3EB020DB33FD47ACB2FC81","remoteJid":"108289044049964@lid","textPreview":"Thanks for your message! I'll get back to you shortly. 🙏"}
[2026-05-26T07:04:29.451Z] [EVENT] inbound_received {"from":"108289044049964@lid","textPreview":"Thanks for your message! I'll get back to you shortly. 🙏","messageId":"3EB020DB33FD47ACB2FC81"}
[2026-05-26T07:04:29.452Z] [EVENT] bridge_invoked {"remoteJid":"108289044049964@lid","messageId":"3EB020DB33FD47ACB2FC81","type":"append"}
[2026-05-26T07:04:29.452Z] [EVENT] rim_inference_requested {"runId":"rim-20260526-090340-2965497","from":"108289044049964@lid","messageId":"3EB020DB33FD47ACB2FC81","textPreview":"Thanks for your message! I'll get back to you shortly. 🙏"}
[2026-05-26T07:04:29.452Z] [INFO] [RIM-1] Inference request: Thanks for your message! I'll get back to you shortly. 🙏 [RUN_ID=rim-20260526-090340-2965497]
[2026-05-26T07:04:30.031Z] [EVENT] rim_inference_no_reply {"runId":"rim-20260526-090340-2965497","messageId":"3EB020DB33FD47ACB2FC81","reason":"unknown"}
[2026-05-26T07:04:30.031Z] [ERROR] [RIM-1] No reply sent: unknown
[2026-05-26T07:04:30.132Z] [EVENT] inbound_event {"upsertType":"append","fromMe":true,"remoteJid":"108289044049964@lid","participant":"","messageId":"3EB0DF7CFFC817BFA6FE37","timestampMs":1779779070000,"textPreview":"Thanks for your message! I'll get back to you shortly. 🙏","msgType":"extendedTextMessage,messageContextInfo"}
[2026-05-26T07:04:30.133Z] [INFO] 📩 INBOUND [append] remoteJid=108289044049964@lid fromMe=true participant= msgId=3EB0DF7CFFC817BFA6FE37 text=Thanks for your message! I'll get back to you shortly. 🙏
[2026-05-26T07:04:30.133Z] [EVENT] privacy_allowed_self_chat_lid {"messageId":"3EB0DF7CFFC817BFA6FE37","remoteJid":"108289044049964@lid","fromMe":true}
[2026-05-26T07:04:30.133Z] [EVENT] privacy_self_jid_match {"remoteJid":"108289044049964@lid","matchType":"lid"}
[2026-05-26T07:04:30.133Z] [EVENT] fromMe_self_chat_allowed {"messageId":"3EB0DF7CFFC817BFA6FE37","remoteJid":"108289044049964@lid","textPreview":"Thanks for your message! I'll get back to you shortly. 🙏"}
[2026-05-26T07:04:30.133Z] [EVENT] inbound_received {"from":"108289044049964@lid","textPreview":"Thanks for your message! I'll get back to you shortly. 🙏","messageId":"3EB0DF7CFFC817BFA6FE37"}
[2026-05-26T07:04:30.133Z] [EVENT] bridge_invoked {"remoteJid":"108289044049964@lid","messageId":"3EB0DF7CFFC817BFA6FE37","type":"append"}
[2026-05-26T07:04:30.134Z] [EVENT] rim_inference_requested {"runId":"rim-20260526-090340-2965497","from":"108289044049964@lid","messageId":"3EB0DF7CFFC817BFA6FE37","textPreview":"Thanks for your message! I'll get back to you shortly. 🙏"}
[2026-05-26T07:04:30.134Z] [INFO] [RIM-1] Inference request: Thanks for your message! I'll get back to you shortly. 🙏 [RUN_ID=rim-20260526-090340-2965497]
[2026-05-26T07:04:30.707Z] [EVENT] rim_inference_no_reply {"runId":"rim-20260526-090340-2965497","messageId":"3EB0DF7CFFC817BFA6FE37","reason":"unknown"}
[2026-05-26T07:04:30.708Z] [ERROR] [RIM-1] No reply sent: unknown
[2026-05-26T07:04:30.809Z] [EVENT] inbound_event {"upsertType":"append","fromMe":true,"remoteJid":"108289044049964@lid","participant":"","messageId":"3EB088C6913028ADBC4A4A","timestampMs":1779779070000,"textPreview":"Thanks for your message! I'll get back to you shortly. 🙏","msgType":"extendedTextMessage,messageContextInfo"}
[2026-05-26T07:04:30.809Z] [INFO] 📩 INBOUND [append] remoteJid=108289044049964@lid fromMe=true participant= msgId=3EB088C6913028ADBC4A4A text=Thanks for your message! I'll get back to you shortly. 🙏
[2026-05-26T07:04:30.809Z] [EVENT] privacy_allowed_self_chat_lid {"messageId":"3EB088C6913028ADBC4A4A","remoteJid":"108289044049964@lid","fromMe":true}
[2026-05-26T07:04:30.809Z] [EVENT] privacy_self_jid_match {"remoteJid":"108289044049964@lid","matchType":"lid"}
[2026-05-26T07:04:30.809Z] [EVENT] fromMe_self_chat_allowed {"messageId":"3EB088C6913028ADBC4A4A","remoteJid":"108289044049964@lid","textPreview":"Thanks for your message! I'll get back to you shortly. 🙏"}
[2026-05-26T07:04:30.809Z] [EVENT] inbound_received {"from":"108289044049964@lid","textPreview":"Thanks for your message! I'll get back to you shortly. 🙏","messageId":"3EB088C6913028ADBC4A4A"}
[2026-05-26T07:04:30.810Z] [EVENT] bridge_invoked {"remoteJid":"108289044049964@lid","messageId":"3EB088C6913028ADBC4A4A","type":"append"}
[2026-05-26T07:04:30.810Z] [EVENT] rim_inference_requested {"runId":"rim-20260526-090340-2965497","from":"108289044049964@lid","messageId":"3EB088C6913028ADBC4A4A","textPreview":"Thanks for your message! I'll get back to you shortly. 🙏"}
[2026-05-26T07:04:30.810Z] [INFO] [RIM-1] Inference request: Thanks for your message! I'll get back to you shortly. 🙏 [RUN_ID=rim-20260526-090340-2965497]
[2026-05-26T07:04:31.332Z] [EVENT] rim_inference_no_reply {"runId":"rim-20260526-090340-2965497","messageId":"3EB088C6913028ADBC4A4A","reason":"unknown"}
[2026-05-26T07:04:31.332Z] [ERROR] [RIM-1] No reply sent: unknown
[2026-05-26T07:04:31.432Z] [EVENT] inbound_event {"upsertType":"append","fromMe":true,"remoteJid":"108289044049964@lid","participant":"","messageId":"3EB01386F6C6D1887F30E8","timestampMs":1779779071000,"textPreview":"Thanks for your message! I'll get back to you shortly. 🙏","msgType":"extendedTextMessage,messageContextInfo"}
[2026-05-26T07:04:31.432Z] [INFO] 📩 INBOUND [append] remoteJid=108289044049964@lid fromMe=true participant= msgId=3EB01386F6C6D1887F30E8 text=Thanks for your message! I'll get back to you shortly. 🙏
[2026-05-26T07:04:31.433Z] [EVENT] privacy_allowed_self_chat_lid {"messageId":"3EB01386F6C6D1887F30E8","remoteJid":"108289044049964@lid","fromMe":true}
[2026-05-26T07:04:31.433Z] [EVENT] privacy_self_jid_match {"remoteJid":"108289044049964@lid","matchType":"lid"}
[2026-05-26T07:04:31.433Z] [EVENT] fromMe_self_chat_allowed {"messageId":"3EB01386F6C6D1887F30E8","remoteJid":"108289044049964@lid","textPreview":"Thanks for your message! I'll get back to you shortly. 🙏"}
[2026-05-26T07:04:31.433Z] [EVENT] inbound_received {"from":"108289044049964@lid","textPreview":"Thanks for your message! I'll get back to you shortly. 🙏","messageId":"3EB01386F6C6D1887F30E8"}
[2026-05-26T07:04:31.434Z] [EVENT] bridge_invoked {"remoteJid":"108289044049964@lid","messageId":"3EB01386F6C6D1887F30E8","type":"append"}
[2026-05-26T07:04:31.434Z] [EVENT] rim_inference_requested {"runId":"rim-20260526-090340-2965497","from":"108289044049964@lid","messageId":"3EB01386F6C6D1887F30E8","textPreview":"Thanks for your message! I'll get back to you shortly. 🙏"}
[2026-05-26T07:04:31.434Z] [INFO] [RIM-1] Inference request: Thanks for your message! I'll get back to you shortly. 🙏 [RUN_ID=rim-20260526-090340-2965497]
[2026-05-26T07:04:31.966Z] [EVENT] rim_inference_no_reply {"runId":"rim-20260526-090340-2965497","messageId":"3EB01386F6C6D1887F30E8","reason":"unknown"}
[2026-05-26T07:04:31.966Z] [ERROR] [RIM-1] No reply sent: unknown
[2026-05-26T07:04:32.066Z] [EVENT] inbound_event {"upsertType":"append","fromMe":true,"remoteJid":"108289044049964@lid","participant":"","messageId":"3EB0ED4F6366291889B91D","timestampMs":1779779071000,"textPreview":"Thanks for your message! I'll get back to you shortly. 🙏","msgType":"extendedTextMessage,messageContextInfo"}
[2026-05-26T07:04:32.067Z] [INFO] 📩 INBOUND [append] remoteJid=108289044049964@lid fromMe=true participant= msgId=3EB0ED4F6366291889B91D text=Thanks for your message! I'll get back to you shortly. 🙏
[2026-05-26T07:04:32.067Z] [EVENT] privacy_allowed_self_chat_lid {"messageId":"3EB0ED4F6366291889B91D","remoteJid":"108289044049964@lid","fromMe":true}
[2026-05-26T07:04:32.067Z] [EVENT] privacy_self_jid_match {"remoteJid":"108289044049964@lid","matchType":"lid"}
[2026-05-26T07:04:32.067Z] [EVENT] fromMe_self_chat_allowed {"messageId":"3EB0ED4F6366291889B91D","remoteJid":"108289044049964@lid","textPreview":"Thanks for your message! I'll get back to you shortly. 🙏"}
[2026-05-26T07:04:32.067Z] [EVENT] inbound_received {"from":"108289044049964@lid","textPreview":"Thanks for your message! I'll get back to you shortly. 🙏","messageId":"3EB0ED4F6366291889B91D"}
[2026-05-26T07:04:32.068Z] [EVENT] bridge_invoked {"remoteJid":"108289044049964@lid","messageId":"3EB0ED4F6366291889B91D","type":"append"}
[2026-05-26T07:04:32.068Z] [EVENT] rim_inference_requested {"runId":"rim-20260526-090340-2965497","from":"108289044049964@lid","messageId":"3EB0ED4F6366291889B91D","textPreview":"Thanks for your message! I'll get back to you shortly. 🙏"}
[2026-05-26T07:04:32.068Z] [INFO] [RIM-1] Inference request: Thanks for your message! I'll get back to you shortly. 🙏 [RUN_ID=rim-20260526-090340-2965497]
[2026-05-26T07:04:32.703Z] [EVENT] rim_inference_no_reply {"runId":"rim-20260526-090340-2965497","messageId":"3EB0ED4F6366291889B91D","reason":"unknown"}
[2026-05-26T07:04:32.703Z] [ERROR] [RIM-1] No reply sent: unknown
[2026-05-26T07:04:32.803Z] [EVENT] inbound_event {"upsertType":"append","fromMe":true,"remoteJid":"108289044049964@lid","participant":"","messageId":"3EB0C528353F54A60E6658","timestampMs":1779779072000,"textPreview":"Thanks for your message! I'll get back to you shortly. 🙏","msgType":"extendedTextMessage,messageContextInfo"}
[2026-05-26T07:04:32.803Z] [INFO] 📩 INBOUND [append] remoteJid=108289044049964@lid fromMe=true participant= msgId=3EB0C528353F54A60E6658 text=Thanks for your message! I'll get back to you shortly. 🙏
[2026-05-26T07:04:32.804Z] [EVENT] privacy_allowed_self_chat_lid {"messageId":"3EB0C528353F54A60E6658","remoteJid":"108289044049964@lid","fromMe":true}
[2026-05-26T07:04:32.804Z] [EVENT] privacy_self_jid_match {"remoteJid":"108289044049964@lid","matchType":"lid"}
[2026-05-26T07:04:32.804Z] [EVENT] fromMe_self_chat_allowed {"messageId":"3EB0C528353F54A60E6658","remoteJid":"108289044049964@lid","textPreview":"Thanks for your message! I'll get back to you shortly. 🙏"}
[2026-05-26T07:04:32.804Z] [EVENT] inbound_received {"from":"108289044049964@lid","textPreview":"Thanks for your message! I'll get back to you shortly. 🙏","messageId":"3EB0C528353F54A60E6658"}
[2026-05-26T07:04:32.804Z] [EVENT] bridge_invoked {"remoteJid":"108289044049964@lid","messageId":"3EB0C528353F54A60E6658","type":"append"}
[2026-05-26T07:04:32.804Z] [EVENT] rim_inference_requested {"runId":"rim-20260526-090340-2965497","from":"108289044049964@lid","messageId":"3EB0C528353F54A60E6658","textPreview":"Thanks for your message! I'll get back to you shortly. 🙏"}
[2026-05-26T07:04:32.805Z] [INFO] [RIM-1] Inference request: Thanks for your message! I'll get back to you shortly. 🙏 [RUN_ID=rim-20260526-090340-2965497]
[2026-05-26T07:04:33.358Z] [EVENT] rim_inference_no_reply {"runId":"rim-20260526-090340-2965497","messageId":"3EB0C528353F54A60E6658","reason":"unknown"}
[2026-05-26T07:04:33.358Z] [ERROR] [RIM-1] No reply sent: unknown
[2026-05-26T07:04:33.459Z] [EVENT] inbound_event {"upsertType":"append","fromMe":true,"remoteJid":"108289044049964@lid","participant":"","messageId":"3EB0D1E23618C2526003FE","timestampMs":1779779073000,"textPreview":"Thanks for your message! I'll get back to you shortly. 🙏","msgType":"extendedTextMessage,messageContextInfo"}
[2026-05-26T07:04:33.459Z] [INFO] 📩 INBOUND [append] remoteJid=108289044049964@lid fromMe=true participant= msgId=3EB0D1E23618C2526003FE text=Thanks for your message! I'll get back to you shortly. 🙏
[2026-05-26T07:04:33.459Z] [EVENT] privacy_allowed_self_chat_lid {"messageId":"3EB0D1E23618C2526003FE","remoteJid":"108289044049964@lid","fromMe":true}
[2026-05-26T07:04:33.459Z] [EVENT] privacy_self_jid_match {"remoteJid":"108289044049964@lid","matchType":"lid"}
[2026-05-26T07:04:33.459Z] [EVENT] fromMe_self_chat_allowed {"messageId":"3EB0D1E23618C2526003FE","remoteJid":"108289044049964@lid","textPreview":"Thanks for your message! I'll get back to you shortly. 🙏"}
[2026-05-26T07:04:33.460Z] [EVENT] inbound_received {"from":"108289044049964@lid","textPreview":"Thanks for your message! I'll get back to you shortly. 🙏","messageId":"3EB0D1E23618C2526003FE"}
[2026-05-26T07:04:33.460Z] [EVENT] bridge_invoked {"remoteJid":"108289044049964@lid","messageId":"3EB0D1E23618C2526003FE","type":"append"}
[2026-05-26T07:04:33.460Z] [EVENT] rim_inference_requested {"runId":"rim-20260526-090340-2965497","from":"108289044049964@lid","messageId":"3EB0D1E23618C2526003FE","textPreview":"Thanks for your message! I'll get back to you shortly. 🙏"}
[2026-05-26T07:04:33.460Z] [INFO] [RIM-1] Inference request: Thanks for your message! I'll get back to you shortly. 🙏 [RUN_ID=rim-20260526-090340-2965497]
[2026-05-26T07:04:34.039Z] [EVENT] rim_inference_no_reply {"runId":"rim-20260526-090340-2965497","messageId":"3EB0D1E23618C2526003FE","reason":"unknown"}
[2026-05-26T07:04:34.039Z] [ERROR] [RIM-1] No reply sent: unknown
[2026-05-26T07:04:34.139Z] [EVENT] inbound_event {"upsertType":"append","fromMe":true,"remoteJid":"108289044049964@lid","participant":"","messageId":"3EB0E9608AA91BDA650F64","timestampMs":1779779074000,"textPreview":"Thanks for your message! I'll get back to you shortly. 🙏","msgType":"extendedTextMessage,messageContextInfo"}
[2026-05-26T07:04:34.140Z] [INFO] 📩 INBOUND [append] remoteJid=108289044049964@lid fromMe=true participant= msgId=3EB0E9608AA91BDA650F64 text=Thanks for your message! I'll get back to you shortly. 🙏
[2026-05-26T07:04:34.140Z] [EVENT] privacy_allowed_self_chat_lid {"messageId":"3EB0E9608AA91BDA650F64","remoteJid":"108289044049964@lid","fromMe":true}
[2026-05-26T07:04:34.140Z] [EVENT] privacy_self_jid_match {"remoteJid":"108289044049964@lid","matchType":"lid"}
[2026-05-26T07:04:34.140Z] [EVENT] fromMe_self_chat_allowed {"messageId":"3EB0E9608AA91BDA650F64","remoteJid":"108289044049964@lid","textPreview":"Thanks for your message! I'll get back to you shortly. 🙏"}
[2026-05-26T07:04:34.140Z] [EVENT] inbound_received {"from":"108289044049964@lid","textPreview":"Thanks for your message! I'll get back to you shortly. 🙏","messageId":"3EB0E9608AA91BDA650F64"}
[2026-05-26T07:04:34.141Z] [EVENT] bridge_invoked {"remoteJid":"108289044049964@lid","messageId":"3EB0E9608AA91BDA650F64","type":"append"}
[2026-05-26T07:04:34.141Z] [EVENT] rim_inference_requested {"runId":"rim-20260526-090340-2965497","from":"108289044049964@lid","messageId":"3EB0E9608AA91BDA650F64","textPreview":"Thanks for your message! I'll get back to you shortly. 🙏"}
[2026-05-26T07:04:34.141Z] [INFO] [RIM-1] Inference request: Thanks for your message! I'll get back to you shortly. 🙏 [RUN_ID=rim-20260526-090340-2965497]
[2026-05-26T07:04:34.671Z] [EVENT] rim_inference_no_reply {"runId":"rim-20260526-090340-2965497","messageId":"3EB0E9608AA91BDA650F64","reason":"unknown"}
[2026-05-26T07:04:34.671Z] [ERROR] [RIM-1] No reply sent: unknown
[2026-05-26T07:04:34.771Z] [EVENT] inbound_event {"upsertType":"append","fromMe":true,"remoteJid":"108289044049964@lid","participant":"","messageId":"3EB05F9C0677163FDBB113","timestampMs":1779779074000,"textPreview":"Thanks for your message! I'll get back to you shortly. 🙏","msgType":"extendedTextMessage,messageContextInfo"}
[2026-05-26T07:04:34.772Z] [INFO] 📩 INBOUND [append] remoteJid=108289044049964@lid fromMe=true participant= msgId=3EB05F9C0677163FDBB113 text=Thanks for your message! I'll get back to you shortly. 🙏
[2026-05-26T07:04:34.772Z] [EVENT] privacy_allowed_self_chat_lid {"messageId":"3EB05F9C0677163FDBB113","remoteJid":"108289044049964@lid","fromMe":true}
[2026-05-26T07:04:34.772Z] [EVENT] privacy_self_jid_match {"remoteJid":"108289044049964@lid","matchType":"lid"}
[2026-05-26T07:04:34.772Z] [EVENT] fromMe_self_chat_allowed {"messageId":"3EB05F9C0677163FDBB113","remoteJid":"108289044049964@lid","textPreview":"Thanks for your message! I'll get back to you shortly. 🙏"}
[2026-05-26T07:04:34.772Z] [EVENT] inbound_received {"from":"108289044049964@lid","textPreview":"Thanks for your message! I'll get back to you shortly. 🙏","messageId":"3EB05F9C0677163FDBB113"}
[2026-05-26T07:04:34.773Z] [EVENT] bridge_invoked {"remoteJid":"108289044049964@lid","messageId":"3EB05F9C0677163FDBB113","type":"append"}
[2026-05-26T07:04:34.773Z] [EVENT] rim_inference_requested {"runId":"rim-20260526-090340-2965497","from":"108289044049964@lid","messageId":"3EB05F9C0677163FDBB113","textPreview":"Thanks for your message! I'll get back to you shortly. 🙏"}
[2026-05-26T07:04:34.773Z] [INFO] [RIM-1] Inference request: Thanks for your message! I'll get back to you shortly. 🙏 [RUN_ID=rim-20260526-090340-2965497]
[2026-05-26T07:04:35.336Z] [EVENT] rim_inference_no_reply {"runId":"rim-20260526-090340-2965497","messageId":"3EB05F9C0677163FDBB113","reason":"unknown"}
[2026-05-26T07:04:35.336Z] [ERROR] [RIM-1] No reply sent: unknown
[2026-05-26T07:04:35.437Z] [EVENT] inbound_event {"upsertType":"append","fromMe":true,"remoteJid":"108289044049964@lid","participant":"","messageId":"3EB0552EE83EFC86E69E07","timestampMs":1779779075000,"textPreview":"Thanks for your message! I'll get back to you shortly. 🙏","msgType":"extendedTextMessage,messageContextInfo"}
[2026-05-26T07:04:35.437Z] [INFO] 📩 INBOUND [append] remoteJid=108289044049964@lid fromMe=true participant= msgId=3EB0552EE83EFC86E69E07 text=Thanks for your message! I'll get back to you shortly. 🙏
[2026-05-26T07:04:35.437Z] [EVENT] privacy_allowed_self_chat_lid {"messageId":"3EB0552EE83EFC86E69E07","remoteJid":"108289044049964@lid","fromMe":true}
[2026-05-26T07:04:35.438Z] [EVENT] privacy_self_jid_match {"remoteJid":"108289044049964@lid","matchType":"lid"}
[2026-05-26T07:04:35.438Z] [EVENT] fromMe_self_chat_allowed {"messageId":"3EB0552EE83EFC86E69E07","remoteJid":"108289044049964@lid","textPreview":"Thanks for your message! I'll get back to you shortly. 🙏"}
[2026-05-26T07:04:35.438Z] [EVENT] inbound_received {"from":"108289044049964@lid","textPreview":"Thanks for your message! I'll get back to you shortly. 🙏","messageId":"3EB0552EE83EFC86E69E07"}
[2026-05-26T07:04:35.438Z] [EVENT] bridge_invoked {"remoteJid":"108289044049964@lid","messageId":"3EB0552EE83EFC86E69E07","type":"append"}
[2026-05-26T07:04:35.438Z] [EVENT] rim_inference_requested {"runId":"rim-20260526-090340-2965497","from":"108289044049964@lid","messageId":"3EB0552EE83EFC86E69E07","textPreview":"Thanks for your message! I'll get back to you shortly. 🙏"}
[2026-05-26T07:04:35.438Z] [INFO] [RIM-1] Inference request: Thanks for your message! I'll get back to you shortly. 🙏 [RUN_ID=rim-20260526-090340-2965497]
[2026-05-26T07:04:36.010Z] [EVENT] rim_inference_no_reply {"runId":"rim-20260526-090340-2965497","messageId":"3EB0552EE83EFC86E69E07","reason":"unknown"}
[2026-05-26T07:04:36.010Z] [ERROR] [RIM-1] No reply sent: unknown
[2026-05-26T07:04:36.110Z] [EVENT] inbound_event {"upsertType":"append","fromMe":true,"remoteJid":"108289044049964@lid","participant":"","messageId":"3EB09FB0C7D30999AC10B9","timestampMs":1779779076000,"textPreview":"Thanks for your message! I'll get back to you shortly. 🙏","msgType":"extendedTextMessage,messageContextInfo"}
[2026-05-26T07:04:36.110Z] [INFO] 📩 INBOUND [append] remoteJid=108289044049964@lid fromMe=true participant= msgId=3EB09FB0C7D30999AC10B9 text=Thanks for your message! I'll get back to you shortly. 🙏
[2026-05-26T07:04:36.110Z] [EVENT] privacy_allowed_self_chat_lid {"messageId":"3EB09FB0C7D30999AC10B9","remoteJid":"108289044049964@lid","fromMe":true}
[2026-05-26T07:04:36.111Z] [EVENT] privacy_self_jid_match {"remoteJid":"108289044049964@lid","matchType":"lid"}
[2026-05-26T07:04:36.111Z] [EVENT] fromMe_self_chat_allowed {"messageId":"3EB09FB0C7D30999AC10B9","remoteJid":"108289044049964@lid","textPreview":"Thanks for your message! I'll get back to you shortly. 🙏"}
[2026-05-26T07:04:36.111Z] [EVENT] inbound_received {"from":"108289044049964@lid","textPreview":"Thanks for your message! I'll get back to you shortly. 🙏","messageId":"3EB09FB0C7D30999AC10B9"}
[2026-05-26T07:04:36.111Z] [EVENT] bridge_invoked {"remoteJid":"108289044049964@lid","messageId":"3EB09FB0C7D30999AC10B9","type":"append"}
[2026-05-26T07:04:36.111Z] [EVENT] rim_inference_requested {"runId":"rim-20260526-090340-2965497","from":"108289044049964@lid","messageId":"3EB09FB0C7D30999AC10B9","textPreview":"Thanks for your message! I'll get back to you shortly. 🙏"}
[2026-05-26T07:04:36.111Z] [INFO] [RIM-1] Inference request: Thanks for your message! I'll get back to you shortly. 🙏 [RUN_ID=rim-20260526-090340-2965497]
[2026-05-26T07:04:36.680Z] [EVENT] rim_inference_no_reply {"runId":"rim-20260526-090340-2965497","messageId":"3EB09FB0C7D30999AC10B9","reason":"unknown"}
[2026-05-26T07:04:36.680Z] [ERROR] [RIM-1] No reply sent: unknown
[2026-05-26T07:04:36.780Z] [EVENT] inbound_event {"upsertType":"append","fromMe":true,"remoteJid":"108289044049964@lid","participant":"","messageId":"3EB00AAF612F039C48FA3D","timestampMs":1779779076000,"textPreview":"Thanks for your message! I'll get back to you shortly. 🙏","msgType":"extendedTextMessage,messageContextInfo"}
[2026-05-26T07:04:36.780Z] [INFO] 📩 INBOUND [append] remoteJid=108289044049964@lid fromMe=true participant= msgId=3EB00AAF612F039C48FA3D text=Thanks for your message! I'll get back to you shortly. 🙏
[2026-05-26T07:04:36.780Z] [EVENT] privacy_allowed_self_chat_lid {"messageId":"3EB00AAF612F039C48FA3D","remoteJid":"108289044049964@lid","fromMe":true}
[2026-05-26T07:04:36.781Z] [EVENT] privacy_self_jid_match {"remoteJid":"108289044049964@lid","matchType":"lid"}
[2026-05-26T07:04:36.781Z] [EVENT] fromMe_self_chat_allowed {"messageId":"3EB00AAF612F039C48FA3D","remoteJid":"108289044049964@lid","textPreview":"Thanks for your message! I'll get back to you shortly. 🙏"}
[2026-05-26T07:04:36.781Z] [EVENT] inbound_received {"from":"108289044049964@lid","textPreview":"Thanks for your message! I'll get back to you shortly. 🙏","messageId":"3EB00AAF612F039C48FA3D"}
[2026-05-26T07:04:36.781Z] [EVENT] bridge_invoked {"remoteJid":"108289044049964@lid","messageId":"3EB00AAF612F039C48FA3D","type":"append"}
[2026-05-26T07:04:36.781Z] [EVENT] rim_inference_requested {"runId":"rim-20260526-090340-2965497","from":"108289044049964@lid","messageId":"3EB00AAF612F039C48FA3D","textPreview":"Thanks for your message! I'll get back to you shortly. 🙏"}
[2026-05-26T07:04:36.781Z] [INFO] [RIM-1] Inference request: Thanks for your message! I'll get back to you shortly. 🙏 [RUN_ID=rim-20260526-090340-2965497]
[2026-05-26T07:04:37.345Z] [EVENT] rim_inference_no_reply {"runId":"rim-20260526-090340-2965497","messageId":"3EB00AAF612F039C48FA3D","reason":"unknown"}
[2026-05-26T07:04:37.345Z] [ERROR] [RIM-1] No reply sent: unknown
[2026-05-26T07:04:37.445Z] [EVENT] inbound_event {"upsertType":"append","fromMe":true,"remoteJid":"108289044049964@lid","participant":"","messageId":"3EB0086645DC51DD90EB31","timestampMs":1779779077000,"textPreview":"Thanks for your message! I'll get back to you shortly. 🙏","msgType":"extendedTextMessage,messageContextInfo"}
[2026-05-26T07:04:37.445Z] [INFO] 📩 INBOUND [append] remoteJid=108289044049964@lid fromMe=true participant= msgId=3EB0086645DC51DD90EB31 text=Thanks for your message! I'll get back to you shortly. 🙏
[2026-05-26T07:04:37.446Z] [EVENT] privacy_allowed_self_chat_lid {"messageId":"3EB0086645DC51DD90EB31","remoteJid":"108289044049964@lid","fromMe":true}
[2026-05-26T07:04:37.446Z] [EVENT] privacy_self_jid_match {"remoteJid":"108289044049964@lid","matchType":"lid"}
[2026-05-26T07:04:37.446Z] [EVENT] fromMe_self_chat_allowed {"messageId":"3EB0086645DC51DD90EB31","remoteJid":"108289044049964@lid","textPreview":"Thanks for your message! I'll get back to you shortly. 🙏"}
[2026-05-26T07:04:37.446Z] [EVENT] inbound_received {"from":"108289044049964@lid","textPreview":"Thanks for your message! I'll get back to you shortly. 🙏","messageId":"3EB0086645DC51DD90EB31"}
[2026-05-26T07:04:37.446Z] [EVENT] bridge_invoked {"remoteJid":"108289044049964@lid","messageId":"3EB0086645DC51DD90EB31","type":"append"}
[2026-05-26T07:04:37.447Z] [EVENT] rim_inference_requested {"runId":"rim-20260526-090340-2965497","from":"108289044049964@lid","messageId":"3EB0086645DC51DD90EB31","textPreview":"Thanks for your message! I'll get back to you shortly. 🙏"}
[2026-05-26T07:04:37.447Z] [INFO] [RIM-1] Inference request: Thanks for your message! I'll get back to you shortly. 🙏 [RUN_ID=rim-20260526-090340-2965497]
[2026-05-26T07:04:38.006Z] [EVENT] rim_inference_no_reply {"runId":"rim-20260526-090340-2965497","messageId":"3EB0086645DC51DD90EB31","reason":"unknown"}
[2026-05-26T07:04:38.006Z] [ERROR] [RIM-1] No reply sent: unknown
[2026-05-26T07:04:38.106Z] [EVENT] inbound_event {"upsertType":"append","fromMe":true,"remoteJid":"108289044049964@lid","participant":"","messageId":"3EB034AAAEEC0470178AB0","timestampMs":1779779077000,"textPreview":"Thanks for your message! I'll get back to you shortly. 🙏","msgType":"extendedTextMessage,messageContextInfo"}
[2026-05-26T07:04:38.106Z] [INFO] 📩 INBOUND [append] remoteJid=108289044049964@lid fromMe=true participant= msgId=3EB034AAAEEC0470178AB0 text=Thanks for your message! I'll get back to you shortly. 🙏
[2026-05-26T07:04:38.106Z] [EVENT] privacy_allowed_self_chat_lid {"messageId":"3EB034AAAEEC0470178AB0","remoteJid":"108289044049964@lid","fromMe":true}
[2026-05-26T07:04:38.106Z] [EVENT] privacy_self_jid_match {"remoteJid":"108289044049964@lid","matchType":"lid"}
[2026-05-26T07:04:38.107Z] [EVENT] fromMe_self_chat_allowed {"messageId":"3EB034AAAEEC0470178AB0","remoteJid":"108289044049964@lid","textPreview":"Thanks for your message! I'll get back to you shortly. 🙏"}
[2026-05-26T07:04:38.107Z] [EVENT] inbound_received {"from":"108289044049964@lid","textPreview":"Thanks for your message! I'll get back to you shortly. 🙏","messageId":"3EB034AAAEEC0470178AB0"}
[2026-05-26T07:04:38.107Z] [EVENT] bridge_invoked {"remoteJid":"108289044049964@lid","messageId":"3EB034AAAEEC0470178AB0","type":"append"}
[2026-05-26T07:04:38.107Z] [EVENT] rim_inference_requested {"runId":"rim-20260526-090340-2965497","from":"108289044049964@lid","messageId":"3EB034AAAEEC0470178AB0","textPreview":"Thanks for your message! I'll get back to you shortly. 🙏"}
[2026-05-26T07:04:38.107Z] [INFO] [RIM-1] Inference request: Thanks for your message! I'll get back to you shortly. 🙏 [RUN_ID=rim-20260526-090340-2965497]
[2026-05-26T07:04:38.630Z] [EVENT] rim_inference_no_reply {"runId":"rim-20260526-090340-2965497","messageId":"3EB034AAAEEC0470178AB0","reason":"unknown"}
[2026-05-26T07:04:38.630Z] [ERROR] [RIM-1] No reply sent: unknown
[2026-05-26T07:04:38.731Z] [EVENT] inbound_event {"upsertType":"append","fromMe":true,"remoteJid":"108289044049964@lid","participant":"","messageId":"3EB010C909EC9A0ACD8227","timestampMs":1779779078000,"textPreview":"Thanks for your message! I'll get back to you shortly. 🙏","msgType":"extendedTextMessage,messageContextInfo"}
[2026-05-26T07:04:38.732Z] [INFO] 📩 INBOUND [append] remoteJid=108289044049964@lid fromMe=true participant= msgId=3EB010C909EC9A0ACD8227 text=Thanks for your message! I'll get back to you shortly. 🙏
[2026-05-26T07:04:38.732Z] [EVENT] privacy_allowed_self_chat_lid {"messageId":"3EB010C909EC9A0ACD8227","remoteJid":"108289044049964@lid","fromMe":true}
[2026-05-26T07:04:38.732Z] [EVENT] privacy_self_jid_match {"remoteJid":"108289044049964@lid","matchType":"lid"}
[2026-05-26T07:04:38.732Z] [EVENT] fromMe_self_chat_allowed {"messageId":"3EB010C909EC9A0ACD8227","remoteJid":"108289044049964@lid","textPreview":"Thanks for your message! I'll get back to you shortly. 🙏"}
[2026-05-26T07:04:38.732Z] [EVENT] inbound_received {"from":"108289044049964@lid","textPreview":"Thanks for your message! I'll get back to you shortly. 🙏","messageId":"3EB010C909EC9A0ACD8227"}
[2026-05-26T07:04:38.733Z] [EVENT] bridge_invoked {"remoteJid":"108289044049964@lid","messageId":"3EB010C909EC9A0ACD8227","type":"append"}
[2026-05-26T07:04:38.733Z] [EVENT] rim_inference_requested {"runId":"rim-20260526-090340-2965497","from":"108289044049964@lid","messageId":"3EB010C909EC9A0ACD8227","textPreview":"Thanks for your message! I'll get back to you shortly. 🙏"}
[2026-05-26T07:04:38.733Z] [INFO] [RIM-1] Inference request: Thanks for your message! I'll get back to you shortly. 🙏 [RUN_ID=rim-20260526-090340-2965497]
[2026-05-26T07:04:39.311Z] [EVENT] rim_inference_no_reply {"runId":"rim-20260526-090340-2965497","messageId":"3EB010C909EC9A0ACD8227","reason":"unknown"}
[2026-05-26T07:04:39.311Z] [ERROR] [RIM-1] No reply sent: unknown
[2026-05-26T07:04:39.411Z] [EVENT] inbound_event {"upsertType":"append","fromMe":true,"remoteJid":"108289044049964@lid","participant":"","messageId":"3EB0D28C5296D6BFDECC72","timestampMs":1779779079000,"textPreview":"Thanks for your message! I'll get back to you shortly. 🙏","msgType":"extendedTextMessage,messageContextInfo"}
[2026-05-26T07:04:39.412Z] [INFO] 📩 INBOUND [append] remoteJid=108289044049964@lid fromMe=true participant= msgId=3EB0D28C5296D6BFDECC72 text=Thanks for your message! I'll get back to you shortly. 🙏
[2026-05-26T07:04:39.412Z] [EVENT] privacy_allowed_self_chat_lid {"messageId":"3EB0D28C5296D6BFDECC72","remoteJid":"108289044049964@lid","fromMe":true}
[2026-05-26T07:04:39.412Z] [EVENT] privacy_self_jid_match {"remoteJid":"108289044049964@lid","matchType":"lid"}
[2026-05-26T07:04:39.412Z] [EVENT] fromMe_self_chat_allowed {"messageId":"3EB0D28C5296D6BFDECC72","remoteJid":"108289044049964@lid","textPreview":"Thanks for your message! I'll get back to you shortly. 🙏"}
[2026-05-26T07:04:39.412Z] [EVENT] inbound_received {"from":"108289044049964@lid","textPreview":"Thanks for your message! I'll get back to you shortly. 🙏","messageId":"3EB0D28C5296D6BFDECC72"}
[2026-05-26T07:04:39.412Z] [EVENT] bridge_invoked {"remoteJid":"108289044049964@lid","messageId":"3EB0D28C5296D6BFDECC72","type":"append"}
[2026-05-26T07:04:39.413Z] [EVENT] rim_inference_requested {"runId":"rim-20260526-090340-2965497","from":"108289044049964@lid","messageId":"3EB0D28C5296D6BFDECC72","textPreview":"Thanks for your message! I'll get back to you shortly. 🙏"}
[2026-05-26T07:04:39.413Z] [INFO] [RIM-1] Inference request: Thanks for your message! I'll get back to you shortly. 🙏 [RUN_ID=rim-20260526-090340-2965497]
[2026-05-26T07:04:39.981Z] [EVENT] rim_inference_no_reply {"runId":"rim-20260526-090340-2965497","messageId":"3EB0D28C5296D6BFDECC72","reason":"unknown"}
[2026-05-26T07:04:39.981Z] [ERROR] [RIM-1] No reply sent: unknown
[2026-05-26T07:04:40.082Z] [EVENT] inbound_event {"upsertType":"append","fromMe":true,"remoteJid":"108289044049964@lid","participant":"","messageId":"3EB0B2CE062BE7084BD7BB","timestampMs":1779779079000,"textPreview":"Thanks for your message! I'll get back to you shortly. 🙏","msgType":"extendedTextMessage,messageContextInfo"}
[2026-05-26T07:04:40.082Z] [INFO] 📩 INBOUND [append] remoteJid=108289044049964@lid fromMe=true participant= msgId=3EB0B2CE062BE7084BD7BB text=Thanks for your message! I'll get back to you shortly. 🙏
[2026-05-26T07:04:40.083Z] [EVENT] privacy_allowed_self_chat_lid {"messageId":"3EB0B2CE062BE7084BD7BB","remoteJid":"108289044049964@lid","fromMe":true}
[2026-05-26T07:04:40.083Z] [EVENT] privacy_self_jid_match {"remoteJid":"108289044049964@lid","matchType":"lid"}
[2026-05-26T07:04:40.083Z] [EVENT] fromMe_self_chat_allowed {"messageId":"3EB0B2CE062BE7084BD7BB","remoteJid":"108289044049964@lid","textPreview":"Thanks for your message! I'll get back to you shortly. 🙏"}
[2026-05-26T07:04:40.083Z] [EVENT] inbound_received {"from":"108289044049964@lid","textPreview":"Thanks for your message! I'll get back to you shortly. 🙏","messageId":"3EB0B2CE062BE7084BD7BB"}
[2026-05-26T07:04:40.083Z] [EVENT] bridge_invoked {"remoteJid":"108289044049964@lid","messageId":"3EB0B2CE062BE7084BD7BB","type":"append"}
[2026-05-26T07:04:40.083Z] [EVENT] rim_inference_requested {"runId":"rim-20260526-090340-2965497","from":"108289044049964@lid","messageId":"3EB0B2CE062BE7084BD7BB","textPreview":"Thanks for your message! I'll get back to you shortly. 🙏"}
[2026-05-26T07:04:40.084Z] [INFO] [RIM-1] Inference request: Thanks for your message! I'll get back to you shortly. 🙏 [RUN_ID=rim-20260526-090340-2965497]
[2026-05-26T07:04:40.619Z] [EVENT] rim_inference_no_reply {"runId":"rim-20260526-090340-2965497","messageId":"3EB0B2CE062BE7084BD7BB","reason":"unknown"}
[2026-05-26T07:04:40.619Z] [ERROR] [RIM-1] No reply sent: unknown
[2026-05-26T07:04:40.720Z] [EVENT] inbound_event {"upsertType":"append","fromMe":true,"remoteJid":"108289044049964@lid","participant":"","messageId":"3EB02D96793681F50DA196","timestampMs":1779779080000,"textPreview":"Thanks for your message! I'll get back to you shortly. 🙏","msgType":"extendedTextMessage,messageContextInfo"}
[2026-05-26T07:04:40.720Z] [INFO] 📩 INBOUND [append] remoteJid=108289044049964@lid fromMe=true participant= msgId=3EB02D96793681F50DA196 text=Thanks for your message! I'll get back to you shortly. 🙏
[2026-05-26T07:04:40.721Z] [EVENT] privacy_allowed_self_chat_lid {"messageId":"3EB02D96793681F50DA196","remoteJid":"108289044049964@lid","fromMe":true}
[2026-05-26T07:04:40.721Z] [EVENT] privacy_self_jid_match {"remoteJid":"108289044049964@lid","matchType":"lid"}
[2026-05-26T07:04:40.721Z] [EVENT] fromMe_self_chat_allowed {"messageId":"3EB02D96793681F50DA196","remoteJid":"108289044049964@lid","textPreview":"Thanks for your message! I'll get back to you shortly. 🙏"}
[2026-05-26T07:04:40.721Z] [EVENT] inbound_received {"from":"108289044049964@lid","textPreview":"Thanks for your message! I'll get back to you shortly. 🙏","messageId":"3EB02D96793681F50DA196"}
[2026-05-26T07:04:40.721Z] [EVENT] bridge_invoked {"remoteJid":"108289044049964@lid","messageId":"3EB02D96793681F50DA196","type":"append"}
[2026-05-26T07:04:40.721Z] [EVENT] rim_inference_requested {"runId":"rim-20260526-090340-2965497","from":"108289044049964@lid","messageId":"3EB02D96793681F50DA196","textPreview":"Thanks for your message! I'll get back to you shortly. 🙏"}
[2026-05-26T07:04:40.722Z] [INFO] [RIM-1] Inference request: Thanks for your message! I'll get back to you shortly. 🙏 [RUN_ID=rim-20260526-090340-2965497]
[2026-05-26T07:04:41.246Z] [EVENT] rim_inference_no_reply {"runId":"rim-20260526-090340-2965497","messageId":"3EB02D96793681F50DA196","reason":"unknown"}
[2026-05-26T07:04:41.246Z] [ERROR] [RIM-1] No reply sent: unknown
[2026-05-26T07:04:41.346Z] [EVENT] inbound_event {"upsertType":"append","fromMe":true,"remoteJid":"108289044049964@lid","participant":"","messageId":"3EB0FAA573B8AF334B2F19","timestampMs":1779779081000,"textPreview":"Thanks for your message! I'll get back to you shortly. 🙏","msgType":"extendedTextMessage,messageContextInfo"}
[2026-05-26T07:04:41.346Z] [INFO] 📩 INBOUND [append] remoteJid=108289044049964@lid fromMe=true participant= msgId=3EB0FAA573B8AF334B2F19 text=Thanks for your message! I'll get back to you shortly. 🙏
[2026-05-26T07:04:41.346Z] [EVENT] privacy_allowed_self_chat_lid {"messageId":"3EB0FAA573B8AF334B2F19","remoteJid":"108289044049964@lid","fromMe":true}
[2026-05-26T07:04:41.347Z] [EVENT] privacy_self_jid_match {"remoteJid":"108289044049964@lid","matchType":"lid"}
[2026-05-26T07:04:41.347Z] [EVENT] fromMe_self_chat_allowed {"messageId":"3EB0FAA573B8AF334B2F19","remoteJid":"108289044049964@lid","textPreview":"Thanks for your message! I'll get back to you shortly. 🙏"}
[2026-05-26T07:04:41.347Z] [EVENT] inbound_received {"from":"108289044049964@lid","textPreview":"Thanks for your message! I'll get back to you shortly. 🙏","messageId":"3EB0FAA573B8AF334B2F19"}
[2026-05-26T07:04:41.347Z] [EVENT] bridge_invoked {"remoteJid":"108289044049964@lid","messageId":"3EB0FAA573B8AF334B2F19","type":"append"}
[2026-05-26T07:04:41.347Z] [EVENT] rim_inference_requested {"runId":"rim-20260526-090340-2965497","from":"108289044049964@lid","messageId":"3EB0FAA573B8AF334B2F19","textPreview":"Thanks for your message! I'll get back to you shortly. 🙏"}
[2026-05-26T07:04:41.347Z] [INFO] [RIM-1] Inference request: Thanks for your message! I'll get back to you shortly. 🙏 [RUN_ID=rim-20260526-090340-2965497]
[2026-05-26T07:04:41.924Z] [EVENT] rim_inference_no_reply {"runId":"rim-20260526-090340-2965497","messageId":"3EB0FAA573B8AF334B2F19","reason":"unknown"}
[2026-05-26T07:04:41.924Z] [ERROR] [RIM-1] No reply sent: unknown
[2026-05-26T07:04:42.025Z] [EVENT] inbound_event {"upsertType":"append","fromMe":true,"remoteJid":"108289044049964@lid","participant":"","messageId":"3EB0F0927AD5D716C865EF","timestampMs":1779779081000,"textPreview":"Thanks for your message! I'll get back to you shortly. 🙏","msgType":"extendedTextMessage,messageContextInfo"}
[2026-05-26T07:04:42.025Z] [INFO] 📩 INBOUND [append] remoteJid=108289044049964@lid fromMe=true participant= msgId=3EB0F0927AD5D716C865EF text=Thanks for your message! I'll get back to you shortly. 🙏
[2026-05-26T07:04:42.025Z] [EVENT] privacy_allowed_self_chat_lid {"messageId":"3EB0F0927AD5D716C865EF","remoteJid":"108289044049964@lid","fromMe":true}
[2026-05-26T07:04:42.025Z] [EVENT] privacy_self_jid_match {"remoteJid":"108289044049964@lid","matchType":"lid"}
[2026-05-26T07:04:42.025Z] [EVENT] fromMe_self_chat_allowed {"messageId":"3EB0F0927AD5D716C865EF","remoteJid":"108289044049964@lid","textPreview":"Thanks for your message! I'll get back to you shortly. 🙏"}
[2026-05-26T07:04:42.026Z] [EVENT] inbound_received {"from":"108289044049964@lid","textPreview":"Thanks for your message! I'll get back to you shortly. 🙏","messageId":"3EB0F0927AD5D716C865EF"}
[2026-05-26T07:04:42.026Z] [EVENT] bridge_invoked {"remoteJid":"108289044049964@lid","messageId":"3EB0F0927AD5D716C865EF","type":"append"}
[2026-05-26T07:04:42.026Z] [EVENT] rim_inference_requested {"runId":"rim-20260526-090340-2965497","from":"108289044049964@lid","messageId":"3EB0F0927AD5D716C865EF","textPreview":"Thanks for your message! I'll get back to you shortly. 🙏"}
[2026-05-26T07:04:42.026Z] [INFO] [RIM-1] Inference request: Thanks for your message! I'll get back to you shortly. 🙏 [RUN_ID=rim-20260526-090340-2965497]
[2026-05-26T07:04:42.602Z] [EVENT] rim_inference_no_reply {"runId":"rim-20260526-090340-2965497","messageId":"3EB0F0927AD5D716C865EF","reason":"unknown"}
[2026-05-26T07:04:42.602Z] [ERROR] [RIM-1] No reply sent: unknown
[2026-05-26T07:04:42.702Z] [EVENT] inbound_event {"upsertType":"append","fromMe":true,"remoteJid":"108289044049964@lid","participant":"","messageId":"3EB04E8EED33587D9B857C","timestampMs":1779779082000,"textPreview":"Thanks for your message! I'll get back to you shortly. 🙏","msgType":"extendedTextMessage,messageContextInfo"}
[2026-05-26T07:04:42.702Z] [INFO] 📩 INBOUND [append] remoteJid=108289044049964@lid fromMe=true participant= msgId=3EB04E8EED33587D9B857C text=Thanks for your message! I'll get back to you shortly. 🙏
[2026-05-26T07:04:42.702Z] [EVENT] privacy_allowed_self_chat_lid {"messageId":"3EB04E8EED33587D9B857C","remoteJid":"108289044049964@lid","fromMe":true}
[2026-05-26T07:04:42.703Z] [EVENT] privacy_self_jid_match {"remoteJid":"108289044049964@lid","matchType":"lid"}
[2026-05-26T07:04:42.703Z] [EVENT] fromMe_self_chat_allowed {"messageId":"3EB04E8EED33587D9B857C","remoteJid":"108289044049964@lid","textPreview":"Thanks for your message! I'll get back to you shortly. 🙏"}
[2026-05-26T07:04:42.703Z] [EVENT] inbound_received {"from":"108289044049964@lid","textPreview":"Thanks for your message! I'll get back to you shortly. 🙏","messageId":"3EB04E8EED33587D9B857C"}
[2026-05-26T07:04:42.703Z] [EVENT] bridge_invoked {"remoteJid":"108289044049964@lid","messageId":"3EB04E8EED33587D9B857C","type":"append"}
[2026-05-26T07:04:42.703Z] [EVENT] rim_inference_requested {"runId":"rim-20260526-090340-2965497","from":"108289044049964@lid","messageId":"3EB04E8EED33587D9B857C","textPreview":"Thanks for your message! I'll get back to you shortly. 🙏"}
[2026-05-26T07:04:42.703Z] [INFO] [RIM-1] Inference request: Thanks for your message! I'll get back to you shortly. 🙏 [RUN_ID=rim-20260526-090340-2965497]
[2026-05-26T07:04:43.226Z] [EVENT] rim_inference_no_reply {"runId":"rim-20260526-090340-2965497","messageId":"3EB04E8EED33587D9B857C","reason":"unknown"}
[2026-05-26T07:04:43.226Z] [ERROR] [RIM-1] No reply sent: unknown
[2026-05-26T07:04:43.327Z] [EVENT] inbound_event {"upsertType":"append","fromMe":true,"remoteJid":"108289044049964@lid","participant":"","messageId":"3EB068C7A59C8907119469","timestampMs":1779779083000,"textPreview":"Thanks for your message! I'll get back to you shortly. 🙏","msgType":"extendedTextMessage,messageContextInfo"}
[2026-05-26T07:04:43.327Z] [INFO] 📩 INBOUND [append] remoteJid=108289044049964@lid fromMe=true participant= msgId=3EB068C7A59C8907119469 text=Thanks for your message! I'll get back to you shortly. 🙏
[2026-05-26T07:04:43.327Z] [EVENT] privacy_allowed_self_chat_lid {"messageId":"3EB068C7A59C8907119469","remoteJid":"108289044049964@lid","fromMe":true}
[2026-05-26T07:04:43.327Z] [EVENT] privacy_self_jid_match {"remoteJid":"108289044049964@lid","matchType":"lid"}
[2026-05-26T07:04:43.327Z] [EVENT] fromMe_self_chat_allowed {"messageId":"3EB068C7A59C8907119469","remoteJid":"108289044049964@lid","textPreview":"Thanks for your message! I'll get back to you shortly. 🙏"}
[2026-05-26T07:04:43.328Z] [EVENT] inbound_received {"from":"108289044049964@lid","textPreview":"Thanks for your message! I'll get back to you shortly. 🙏","messageId":"3EB068C7A59C8907119469"}
[2026-05-26T07:04:43.328Z] [EVENT] bridge_invoked {"remoteJid":"108289044049964@lid","messageId":"3EB068C7A59C8907119469","type":"append"}
[2026-05-26T07:04:43.328Z] [EVENT] rim_inference_requested {"runId":"rim-20260526-090340-2965497","from":"108289044049964@lid","messageId":"3EB068C7A59C8907119469","textPreview":"Thanks for your message! I'll get back to you shortly. 🙏"}
[2026-05-26T07:04:43.328Z] [INFO] [RIM-1] Inference request: Thanks for your message! I'll get back to you shortly. 🙏 [RUN_ID=rim-20260526-090340-2965497]
[2026-05-26T07:04:44.284Z] [EVENT] rim_inference_no_reply {"runId":"rim-20260526-090340-2965497","messageId":"3EB068C7A59C8907119469","reason":"unknown"}
[2026-05-26T07:04:44.284Z] [ERROR] [RIM-1] No reply sent: unknown
[2026-05-26T07:04:44.385Z] [EVENT] inbound_event {"upsertType":"append","fromMe":true,"remoteJid":"108289044049964@lid","participant":"","messageId":"3EB02CDEBBDF642D139B22","timestampMs":1779779084000,"textPreview":"Thanks for your message! I'll get back to you shortly. 🙏","msgType":"extendedTextMessage,messageContextInfo"}
[2026-05-26T07:04:44.385Z] [INFO] 📩 INBOUND [append] remoteJid=108289044049964@lid fromMe=true participant= msgId=3EB02CDEBBDF642D139B22 text=Thanks for your message! I'll get back to you shortly. 🙏
[2026-05-26T07:04:44.385Z] [EVENT] privacy_allowed_self_chat_lid {"messageId":"3EB02CDEBBDF642D139B22","remoteJid":"108289044049964@lid","fromMe":true}
[2026-05-26T07:04:44.385Z] [EVENT] privacy_self_jid_match {"remoteJid":"108289044049964@lid","matchType":"lid"}
[2026-05-26T07:04:44.386Z] [EVENT] fromMe_self_chat_allowed {"messageId":"3EB02CDEBBDF642D139B22","remoteJid":"108289044049964@lid","textPreview":"Thanks for your message! I'll get back to you shortly. 🙏"}
[2026-05-26T07:04:44.386Z] [EVENT] inbound_received {"from":"108289044049964@lid","textPreview":"Thanks for your message! I'll get back to you shortly. 🙏","messageId":"3EB02CDEBBDF642D139B22"}
[2026-05-26T07:04:44.386Z] [EVENT] bridge_invoked {"remoteJid":"108289044049964@lid","messageId":"3EB02CDEBBDF642D139B22","type":"append"}
[2026-05-26T07:04:44.386Z] [EVENT] rim_inference_requested {"runId":"rim-20260526-090340-2965497","from":"108289044049964@lid","messageId":"3EB02CDEBBDF642D139B22","textPreview":"Thanks for your message! I'll get back to you shortly. 🙏"}
[2026-05-26T07:04:44.386Z] [INFO] [RIM-1] Inference request: Thanks for your message! I'll get back to you shortly. 🙏 [RUN_ID=rim-20260526-090340-2965497]
[2026-05-26T07:04:44.917Z] [EVENT] rim_inference_no_reply {"runId":"rim-20260526-090340-2965497","messageId":"3EB02CDEBBDF642D139B22","reason":"unknown"}
[2026-05-26T07:04:44.917Z] [ERROR] [RIM-1] No reply sent: unknown
[2026-05-26T07:04:45.019Z] [EVENT] inbound_event {"upsertType":"append","fromMe":true,"remoteJid":"108289044049964@lid","participant":"","messageId":"3EB00B687AA10F1B117070","timestampMs":1779779084000,"textPreview":"Thanks for your message! I'll get back to you shortly. 🙏","msgType":"extendedTextMessage,messageContextInfo"}
[2026-05-26T07:04:45.019Z] [INFO] 📩 INBOUND [append] remoteJid=108289044049964@lid fromMe=true participant= msgId=3EB00B687AA10F1B117070 text=Thanks for your message! I'll get back to you shortly. 🙏
[2026-05-26T07:04:45.019Z] [EVENT] privacy_allowed_self_chat_lid {"messageId":"3EB00B687AA10F1B117070","remoteJid":"108289044049964@lid","fromMe":true}
[2026-05-26T07:04:45.019Z] [EVENT] privacy_self_jid_match {"remoteJid":"108289044049964@lid","matchType":"lid"}
[2026-05-26T07:04:45.019Z] [EVENT] fromMe_self_chat_allowed {"messageId":"3EB00B687AA10F1B117070","remoteJid":"108289044049964@lid","textPreview":"Thanks for your message! I'll get back to you shortly. 🙏"}
[2026-05-26T07:04:45.020Z] [EVENT] inbound_received {"from":"108289044049964@lid","textPreview":"Thanks for your message! I'll get back to you shortly. 🙏","messageId":"3EB00B687AA10F1B117070"}
[2026-05-26T07:04:45.020Z] [EVENT] bridge_invoked {"remoteJid":"108289044049964@lid","messageId":"3EB00B687AA10F1B117070","type":"append"}
[2026-05-26T07:04:45.020Z] [EVENT] rim_inference_requested {"runId":"rim-20260526-090340-2965497","from":"108289044049964@lid","messageId":"3EB00B687AA10F1B117070","textPreview":"Thanks for your message! I'll get back to you shortly. 🙏"}
[2026-05-26T07:04:45.020Z] [INFO] [RIM-1] Inference request: Thanks for your message! I'll get back to you shortly. 🙏 [RUN_ID=rim-20260526-090340-2965497]
[2026-05-26T07:04:45.591Z] [EVENT] rim_inference_no_reply {"runId":"rim-20260526-090340-2965497","messageId":"3EB00B687AA10F1B117070","reason":"unknown"}
[2026-05-26T07:04:45.591Z] [ERROR] [RIM-1] No reply sent: unknown
[2026-05-26T07:04:45.692Z] [EVENT] inbound_event {"upsertType":"append","fromMe":true,"remoteJid":"108289044049964@lid","participant":"","messageId":"3EB0B6E180A76B41D78237","timestampMs":1779779085000,"textPreview":"Thanks for your message! I'll get back to you shortly. 🙏","msgType":"extendedTextMessage,messageContextInfo"}
[2026-05-26T07:04:45.692Z] [INFO] 📩 INBOUND [append] remoteJid=108289044049964@lid fromMe=true participant= msgId=3EB0B6E180A76B41D78237 text=Thanks for your message! I'll get back to you shortly. 🙏
[2026-05-26T07:04:45.693Z] [EVENT] privacy_allowed_self_chat_lid {"messageId":"3EB0B6E180A76B41D78237","remoteJid":"108289044049964@lid","fromMe":true}
[2026-05-26T07:04:45.693Z] [EVENT] privacy_self_jid_match {"remoteJid":"108289044049964@lid","matchType":"lid"}
[2026-05-26T07:04:45.693Z] [EVENT] fromMe_self_chat_allowed {"messageId":"3EB0B6E180A76B41D78237","remoteJid":"108289044049964@lid","textPreview":"Thanks for your message! I'll get back to you shortly. 🙏"}
[2026-05-26T07:04:45.693Z] [EVENT] inbound_received {"from":"108289044049964@lid","textPreview":"Thanks for your message! I'll get back to you shortly. 🙏","messageId":"3EB0B6E180A76B41D78237"}
[2026-05-26T07:04:45.693Z] [EVENT] bridge_invoked {"remoteJid":"108289044049964@lid","messageId":"3EB0B6E180A76B41D78237","type":"append"}
[2026-05-26T07:04:45.693Z] [EVENT] rim_inference_requested {"runId":"rim-20260526-090340-2965497","from":"108289044049964@lid","messageId":"3EB0B6E180A76B41D78237","textPreview":"Thanks for your message! I'll get back to you shortly. 🙏"}
[2026-05-26T07:04:45.694Z] [INFO] [RIM-1] Inference request: Thanks for your message! I'll get back to you shortly. 🙏 [RUN_ID=rim-20260526-090340-2965497]
[2026-05-26T07:04:46.261Z] [EVENT] rim_inference_no_reply {"runId":"rim-20260526-090340-2965497","messageId":"3EB0B6E180A76B41D78237","reason":"unknown"}
[2026-05-26T07:04:46.261Z] [ERROR] [RIM-1] No reply sent: unknown
[2026-05-26T07:04:46.361Z] [EVENT] inbound_event {"upsertType":"append","fromMe":true,"remoteJid":"108289044049964@lid","participant":"","messageId":"3EB02C9FF177C603965148","timestampMs":1779779086000,"textPreview":"Thanks for your message! I'll get back to you shortly. 🙏","msgType":"extendedTextMessage,messageContextInfo"}
[2026-05-26T07:04:46.361Z] [INFO] 📩 INBOUND [append] remoteJid=108289044049964@lid fromMe=true participant= msgId=3EB02C9FF177C603965148 text=Thanks for your message! I'll get back to you shortly. 🙏
[2026-05-26T07:04:46.362Z] [EVENT] privacy_allowed_self_chat_lid {"messageId":"3EB02C9FF177C603965148","remoteJid":"108289044049964@lid","fromMe":true}
[2026-05-26T07:04:46.362Z] [EVENT] privacy_self_jid_match {"remoteJid":"108289044049964@lid","matchType":"lid"}
[2026-05-26T07:04:46.362Z] [EVENT] fromMe_self_chat_allowed {"messageId":"3EB02C9FF177C603965148","remoteJid":"108289044049964@lid","textPreview":"Thanks for your message! I'll get back to you shortly. 🙏"}
[2026-05-26T07:04:46.362Z] [EVENT] inbound_received {"from":"108289044049964@lid","textPreview":"Thanks for your message! I'll get back to you shortly. 🙏","messageId":"3EB02C9FF177C603965148"}
[2026-05-26T07:04:46.362Z] [EVENT] bridge_invoked {"remoteJid":"108289044049964@lid","messageId":"3EB02C9FF177C603965148","type":"append"}
[2026-05-26T07:04:46.362Z] [EVENT] rim_inference_requested {"runId":"rim-20260526-090340-2965497","from":"108289044049964@lid","messageId":"3EB02C9FF177C603965148","textPreview":"Thanks for your message! I'll get back to you shortly. 🙏"}
[2026-05-26T07:04:46.363Z] [INFO] [RIM-1] Inference request: Thanks for your message! I'll get back to you shortly. 🙏 [RUN_ID=rim-20260526-090340-2965497]
[2026-05-26T07:04:46.940Z] [EVENT] rim_inference_no_reply {"runId":"rim-20260526-090340-2965497","messageId":"3EB02C9FF177C603965148","reason":"unknown"}
[2026-05-26T07:04:46.940Z] [ERROR] [RIM-1] No reply sent: unknown
[2026-05-26T07:04:47.040Z] [EVENT] inbound_event {"upsertType":"append","fromMe":true,"remoteJid":"108289044049964@lid","participant":"","messageId":"3EB0777FD1E46B1A8B7651","timestampMs":1779779086000,"textPreview":"Thanks for your message! I'll get back to you shortly. 🙏","msgType":"extendedTextMessage,messageContextInfo"}
[2026-05-26T07:04:47.040Z] [INFO] 📩 INBOUND [append] remoteJid=108289044049964@lid fromMe=true participant= msgId=3EB0777FD1E46B1A8B7651 text=Thanks for your message! I'll get back to you shortly. 🙏
[2026-05-26T07:04:47.041Z] [EVENT] privacy_allowed_self_chat_lid {"messageId":"3EB0777FD1E46B1A8B7651","remoteJid":"108289044049964@lid","fromMe":true}
[2026-05-26T07:04:47.041Z] [EVENT] privacy_self_jid_match {"remoteJid":"108289044049964@lid","matchType":"lid"}
[2026-05-26T07:04:47.041Z] [EVENT] fromMe_self_chat_allowed {"messageId":"3EB0777FD1E46B1A8B7651","remoteJid":"108289044049964@lid","textPreview":"Thanks for your message! I'll get back to you shortly. 🙏"}
[2026-05-26T07:04:47.041Z] [EVENT] inbound_received {"from":"108289044049964@lid","textPreview":"Thanks for your message! I'll get back to you shortly. 🙏","messageId":"3EB0777FD1E46B1A8B7651"}
[2026-05-26T07:04:47.041Z] [EVENT] bridge_invoked {"remoteJid":"108289044049964@lid","messageId":"3EB0777FD1E46B1A8B7651","type":"append"}
[2026-05-26T07:04:47.041Z] [EVENT] rim_inference_requested {"runId":"rim-20260526-090340-2965497","from":"108289044049964@lid","messageId":"3EB0777FD1E46B1A8B7651","textPreview":"Thanks for your message! I'll get back to you shortly. 🙏"}
[2026-05-26T07:04:47.042Z] [INFO] [RIM-1] Inference request: Thanks for your message! I'll get back to you shortly. 🙏 [RUN_ID=rim-20260526-090340-2965497]
[2026-05-26T07:04:47.611Z] [EVENT] rim_inference_no_reply {"runId":"rim-20260526-090340-2965497","messageId":"3EB0777FD1E46B1A8B7651","reason":"unknown"}
[2026-05-26T07:04:47.611Z] [ERROR] [RIM-1] No reply sent: unknown
[2026-05-26T07:04:47.711Z] [EVENT] inbound_event {"upsertType":"append","fromMe":true,"remoteJid":"108289044049964@lid","participant":"","messageId":"3EB0669AF0EB905BE6DF24","timestampMs":1779779087000,"textPreview":"Thanks for your message! I'll get back to you shortly. 🙏","msgType":"extendedTextMessage,messageContextInfo"}
[2026-05-26T07:04:47.711Z] [INFO] 📩 INBOUND [append] remoteJid=108289044049964@lid fromMe=true participant= msgId=3EB0669AF0EB905BE6DF24 text=Thanks for your message! I'll get back to you shortly. 🙏
[2026-05-26T07:04:47.711Z] [EVENT] privacy_allowed_self_chat_lid {"messageId":"3EB0669AF0EB905BE6DF24","remoteJid":"108289044049964@lid","fromMe":true}
[2026-05-26T07:04:47.711Z] [EVENT] privacy_self_jid_match {"remoteJid":"108289044049964@lid","matchType":"lid"}
[2026-05-26T07:04:47.711Z] [EVENT] fromMe_self_chat_allowed {"messageId":"3EB0669AF0EB905BE6DF24","remoteJid":"108289044049964@lid","textPreview":"Thanks for your message! I'll get back to you shortly. 🙏"}
[2026-05-26T07:04:47.712Z] [EVENT] inbound_received {"from":"108289044049964@lid","textPreview":"Thanks for your message! I'll get back to you shortly. 🙏","messageId":"3EB0669AF0EB905BE6DF24"}
[2026-05-26T07:04:47.712Z] [EVENT] bridge_invoked {"remoteJid":"108289044049964@lid","messageId":"3EB0669AF0EB905BE6DF24","type":"append"}
[2026-05-26T07:04:47.712Z] [EVENT] rim_inference_requested {"runId":"rim-20260526-090340-2965497","from":"108289044049964@lid","messageId":"3EB0669AF0EB905BE6DF24","textPreview":"Thanks for your message! I'll get back to you shortly. 🙏"}
[2026-05-26T07:04:47.712Z] [INFO] [RIM-1] Inference request: Thanks for your message! I'll get back to you shortly. 🙏 [RUN_ID=rim-20260526-090340-2965497]
[2026-05-26T07:04:48.282Z] [EVENT] rim_inference_no_reply {"runId":"rim-20260526-090340-2965497","messageId":"3EB0669AF0EB905BE6DF24","reason":"unknown"}
[2026-05-26T07:04:48.282Z] [ERROR] [RIM-1] No reply sent: unknown
[2026-05-26T07:04:48.382Z] [EVENT] inbound_event {"upsertType":"append","fromMe":true,"remoteJid":"108289044049964@lid","participant":"","messageId":"3EB0DBE58A48420CF6D8B9","timestampMs":1779779088000,"textPreview":"Thanks for your message! I'll get back to you shortly. 🙏","msgType":"extendedTextMessage,messageContextInfo"}
[2026-05-26T07:04:48.383Z] [INFO] 📩 INBOUND [append] remoteJid=108289044049964@lid fromMe=true participant= msgId=3EB0DBE58A48420CF6D8B9 text=Thanks for your message! I'll get back to you shortly. 🙏
[2026-05-26T07:04:48.383Z] [EVENT] privacy_allowed_self_chat_lid {"messageId":"3EB0DBE58A48420CF6D8B9","remoteJid":"108289044049964@lid","fromMe":true}
[2026-05-26T07:04:48.383Z] [EVENT] privacy_self_jid_match {"remoteJid":"108289044049964@lid","matchType":"lid"}
[2026-05-26T07:04:48.383Z] [EVENT] fromMe_self_chat_allowed {"messageId":"3EB0DBE58A48420CF6D8B9","remoteJid":"108289044049964@lid","textPreview":"Thanks for your message! I'll get back to you shortly. 🙏"}
[2026-05-26T07:04:48.383Z] [EVENT] inbound_received {"from":"108289044049964@lid","textPreview":"Thanks for your message! I'll get back to you shortly. 🙏","messageId":"3EB0DBE58A48420CF6D8B9"}
[2026-05-26T07:04:48.383Z] [EVENT] bridge_invoked {"remoteJid":"108289044049964@lid","messageId":"3EB0DBE58A48420CF6D8B9","type":"append"}
[2026-05-26T07:04:48.384Z] [EVENT] rim_inference_requested {"runId":"rim-20260526-090340-2965497","from":"108289044049964@lid","messageId":"3EB0DBE58A48420CF6D8B9","textPreview":"Thanks for your message! I'll get back to you shortly. 🙏"}
[2026-05-26T07:04:48.384Z] [INFO] [RIM-1] Inference request: Thanks for your message! I'll get back to you shortly. 🙏 [RUN_ID=rim-20260526-090340-2965497]
[2026-05-26T07:04:48.952Z] [EVENT] rim_inference_no_reply {"runId":"rim-20260526-090340-2965497","messageId":"3EB0DBE58A48420CF6D8B9","reason":"unknown"}
[2026-05-26T07:04:48.952Z] [ERROR] [RIM-1] No reply sent: unknown
[2026-05-26T07:04:49.052Z] [EVENT] inbound_event {"upsertType":"append","fromMe":true,"remoteJid":"108289044049964@lid","participant":"","messageId":"3EB05519FF3B45A5E2503C","timestampMs":1779779088000,"textPreview":"Thanks for your message! I'll get back to you shortly. 🙏","msgType":"extendedTextMessage,messageContextInfo"}
[2026-05-26T07:04:49.053Z] [INFO] 📩 INBOUND [append] remoteJid=108289044049964@lid fromMe=true participant= msgId=3EB05519FF3B45A5E2503C text=Thanks for your message! I'll get back to you shortly. 🙏
[2026-05-26T07:04:49.053Z] [EVENT] privacy_allowed_self_chat_lid {"messageId":"3EB05519FF3B45A5E2503C","remoteJid":"108289044049964@lid","fromMe":true}
[2026-05-26T07:04:49.053Z] [EVENT] privacy_self_jid_match {"remoteJid":"108289044049964@lid","matchType":"lid"}
[2026-05-26T07:04:49.053Z] [EVENT] fromMe_self_chat_allowed {"messageId":"3EB05519FF3B45A5E2503C","remoteJid":"108289044049964@lid","textPreview":"Thanks for your message! I'll get back to you shortly. 🙏"}
[2026-05-26T07:04:49.053Z] [EVENT] inbound_received {"from":"108289044049964@lid","textPreview":"Thanks for your message! I'll get back to you shortly. 🙏","messageId":"3EB05519FF3B45A5E2503C"}
[2026-05-26T07:04:49.054Z] [EVENT] bridge_invoked {"remoteJid":"108289044049964@lid","messageId":"3EB05519FF3B45A5E2503C","type":"append"}
[2026-05-26T07:04:49.054Z] [EVENT] rim_inference_requested {"runId":"rim-20260526-090340-2965497","from":"108289044049964@lid","messageId":"3EB05519FF3B45A5E2503C","textPreview":"Thanks for your message! I'll get back to you shortly. 🙏"}
[2026-05-26T07:04:49.054Z] [INFO] [RIM-1] Inference request: Thanks for your message! I'll get back to you shortly. 🙏 [RUN_ID=rim-20260526-090340-2965497]
[2026-05-26T07:04:49.624Z] [EVENT] rim_inference_no_reply {"runId":"rim-20260526-090340-2965497","messageId":"3EB05519FF3B45A5E2503C","reason":"unknown"}
[2026-05-26T07:04:49.624Z] [ERROR] [RIM-1] No reply sent: unknown
[2026-05-26T07:04:49.725Z] [EVENT] inbound_event {"upsertType":"append","fromMe":true,"remoteJid":"108289044049964@lid","participant":"","messageId":"3EB048C5629FE3E85BD1D0","timestampMs":1779779089000,"textPreview":"Thanks for your message! I'll get back to you shortly. 🙏","msgType":"extendedTextMessage,messageContextInfo"}
[2026-05-26T07:04:49.725Z] [INFO] 📩 INBOUND [append] remoteJid=108289044049964@lid fromMe=true participant= msgId=3EB048C5629FE3E85BD1D0 text=Thanks for your message! I'll get back to you shortly. 🙏
[2026-05-26T07:04:49.725Z] [EVENT] privacy_allowed_self_chat_lid {"messageId":"3EB048C5629FE3E85BD1D0","remoteJid":"108289044049964@lid","fromMe":true}
[2026-05-26T07:04:49.725Z] [EVENT] privacy_self_jid_match {"remoteJid":"108289044049964@lid","matchType":"lid"}
[2026-05-26T07:04:49.725Z] [EVENT] fromMe_self_chat_allowed {"messageId":"3EB048C5629FE3E85BD1D0","remoteJid":"108289044049964@lid","textPreview":"Thanks for your message! I'll get back to you shortly. 🙏"}
[2026-05-26T07:04:49.725Z] [EVENT] inbound_received {"from":"108289044049964@lid","textPreview":"Thanks for your message! I'll get back to you shortly. 🙏","messageId":"3EB048C5629FE3E85BD1D0"}
[2026-05-26T07:04:49.726Z] [EVENT] bridge_invoked {"remoteJid":"108289044049964@lid","messageId":"3EB048C5629FE3E85BD1D0","type":"append"}
[2026-05-26T07:04:49.726Z] [EVENT] rim_inference_requested {"runId":"rim-20260526-090340-2965497","from":"108289044049964@lid","messageId":"3EB048C5629FE3E85BD1D0","textPreview":"Thanks for your message! I'll get back to you shortly. 🙏"}
[2026-05-26T07:04:49.726Z] [INFO] [RIM-1] Inference request: Thanks for your message! I'll get back to you shortly. 🙏 [RUN_ID=rim-20260526-090340-2965497]
[2026-05-26T07:04:50.309Z] [EVENT] rim_inference_no_reply {"runId":"rim-20260526-090340-2965497","messageId":"3EB048C5629FE3E85BD1D0","reason":"unknown"}
[2026-05-26T07:04:50.309Z] [ERROR] [RIM-1] No reply sent: unknown
[2026-05-26T07:04:50.410Z] [EVENT] inbound_event {"upsertType":"append","fromMe":true,"remoteJid":"108289044049964@lid","participant":"","messageId":"3EB045D3FDA54B9F584749","timestampMs":1779779090000,"textPreview":"Thanks for your message! I'll get back to you shortly. 🙏","msgType":"extendedTextMessage,messageContextInfo"}
[2026-05-26T07:04:50.411Z] [INFO] 📩 INBOUND [append] remoteJid=108289044049964@lid fromMe=true participant= msgId=3EB045D3FDA54B9F584749 text=Thanks for your message! I'll get back to you shortly. 🙏
[2026-05-26T07:04:50.411Z] [EVENT] privacy_allowed_self_chat_lid {"messageId":"3EB045D3FDA54B9F584749","remoteJid":"108289044049964@lid","fromMe":true}
[2026-05-26T07:04:50.411Z] [EVENT] privacy_self_jid_match {"remoteJid":"108289044049964@lid","matchType":"lid"}
[2026-05-26T07:04:50.411Z] [EVENT] fromMe_self_chat_allowed {"messageId":"3EB045D3FDA54B9F584749","remoteJid":"108289044049964@lid","textPreview":"Thanks for your message! I'll get back to you shortly. 🙏"}
[2026-05-26T07:04:50.411Z] [EVENT] inbound_received {"from":"108289044049964@lid","textPreview":"Thanks for your message! I'll get back to you shortly. 🙏","messageId":"3EB045D3FDA54B9F584749"}
[2026-05-26T07:04:50.412Z] [EVENT] bridge_invoked {"remoteJid":"108289044049964@lid","messageId":"3EB045D3FDA54B9F584749","type":"append"}
[2026-05-26T07:04:50.412Z] [EVENT] rim_inference_requested {"runId":"rim-20260526-090340-2965497","from":"108289044049964@lid","messageId":"3EB045D3FDA54B9F584749","textPreview":"Thanks for your message! I'll get back to you shortly. 🙏"}
[2026-05-26T07:04:50.412Z] [INFO] [RIM-1] Inference request: Thanks for your message! I'll get back to you shortly. 🙏 [RUN_ID=rim-20260526-090340-2965497]
[2026-05-26T07:04:51.004Z] [EVENT] rim_inference_no_reply {"runId":"rim-20260526-090340-2965497","messageId":"3EB045D3FDA54B9F584749","reason":"unknown"}
[2026-05-26T07:04:51.004Z] [ERROR] [RIM-1] No reply sent: unknown
[2026-05-26T07:04:51.104Z] [EVENT] inbound_event {"upsertType":"append","fromMe":true,"remoteJid":"108289044049964@lid","participant":"","messageId":"3EB06CCBEE2344BDE55E7C","timestampMs":1779779090000,"textPreview":"Thanks for your message! I'll get back to you shortly. 🙏","msgType":"extendedTextMessage,messageContextInfo"}
[2026-05-26T07:04:51.104Z] [INFO] 📩 INBOUND [append] remoteJid=108289044049964@lid fromMe=true participant= msgId=3EB06CCBEE2344BDE55E7C text=Thanks for your message! I'll get back to you shortly. 🙏
[2026-05-26T07:04:51.105Z] [EVENT] privacy_allowed_self_chat_lid {"messageId":"3EB06CCBEE2344BDE55E7C","remoteJid":"108289044049964@lid","fromMe":true}
[2026-05-26T07:04:51.105Z] [EVENT] privacy_self_jid_match {"remoteJid":"108289044049964@lid","matchType":"lid"}
[2026-05-26T07:04:51.105Z] [EVENT] fromMe_self_chat_allowed {"messageId":"3EB06CCBEE2344BDE55E7C","remoteJid":"108289044049964@lid","textPreview":"Thanks for your message! I'll get back to you shortly. 🙏"}
[2026-05-26T07:04:51.105Z] [EVENT] inbound_received {"from":"108289044049964@lid","textPreview":"Thanks for your message! I'll get back to you shortly. 🙏","messageId":"3EB06CCBEE2344BDE55E7C"}
[2026-05-26T07:04:51.105Z] [EVENT] bridge_invoked {"remoteJid":"108289044049964@lid","messageId":"3EB06CCBEE2344BDE55E7C","type":"append"}
[2026-05-26T07:04:51.105Z] [EVENT] rim_inference_requested {"runId":"rim-20260526-090340-2965497","from":"108289044049964@lid","messageId":"3EB06CCBEE2344BDE55E7C","textPreview":"Thanks for your message! I'll get back to you shortly. 🙏"}
[2026-05-26T07:04:51.106Z] [INFO] [RIM-1] Inference request: Thanks for your message! I'll get back to you shortly. 🙏 [RUN_ID=rim-20260526-090340-2965497]
[2026-05-26T07:04:51.638Z] [EVENT] rim_inference_no_reply {"runId":"rim-20260526-090340-2965497","messageId":"3EB06CCBEE2344BDE55E7C","reason":"unknown"}
[2026-05-26T07:04:51.638Z] [ERROR] [RIM-1] No reply sent: unknown
[2026-05-26T07:04:51.681Z] [EVENT] inbound_event {"upsertType":"append","fromMe":true,"remoteJid":"108289044049964@lid","participant":"","messageId":"3EB0519342BE9B723E9E17","timestampMs":1779779091000,"textPreview":"Thanks for your message! I'll get back to you shortly. 🙏","msgType":"extendedTextMessage,messageContextInfo"}
[2026-05-26T07:04:51.682Z] [INFO] 📩 INBOUND [append] remoteJid=108289044049964@lid fromMe=true participant= msgId=3EB0519342BE9B723E9E17 text=Thanks for your message! I'll get back to you shortly. 🙏
[2026-05-26T07:04:51.682Z] [EVENT] privacy_allowed_self_chat_lid {"messageId":"3EB0519342BE9B723E9E17","remoteJid":"108289044049964@lid","fromMe":true}
[2026-05-26T07:04:51.682Z] [EVENT] privacy_self_jid_match {"remoteJid":"108289044049964@lid","matchType":"lid"}
[2026-05-26T07:04:51.682Z] [EVENT] fromMe_self_chat_allowed {"messageId":"3EB0519342BE9B723E9E17","remoteJid":"108289044049964@lid","textPreview":"Thanks for your message! I'll get back to you shortly. 🙏"}
[2026-05-26T07:04:51.682Z] [EVENT] inbound_received {"from":"108289044049964@lid","textPreview":"Thanks for your message! I'll get back to you shortly. 🙏","messageId":"3EB0519342BE9B723E9E17"}
[2026-05-26T07:04:51.682Z] [EVENT] bridge_invoked {"remoteJid":"108289044049964@lid","messageId":"3EB0519342BE9B723E9E17","type":"append"}
[2026-05-26T07:04:51.682Z] [EVENT] rim_inference_requested {"runId":"rim-20260526-090340-2965497","from":"108289044049964@lid","messageId":"3EB0519342BE9B723E9E17","textPreview":"Thanks for your message! I'll get back to you shortly. 🙏"}
[2026-05-26T07:04:51.683Z] [INFO] [RIM-1] Inference request: Thanks for your message! I'll get back to you shortly. 🙏 [RUN_ID=rim-20260526-090340-2965497]
[2026-05-26T07:04:52.257Z] [EVENT] rim_inference_no_reply {"runId":"rim-20260526-090340-2965497","messageId":"3EB0519342BE9B723E9E17","reason":"unknown"}
[2026-05-26T07:04:52.257Z] [ERROR] [RIM-1] No reply sent: unknown
[2026-05-26T07:04:52.359Z] [EVENT] inbound_event {"upsertType":"append","fromMe":true,"remoteJid":"108289044049964@lid","participant":"","messageId":"3EB0CD37D16B77218B07A5","timestampMs":1779779092000,"textPreview":"Thanks for your message! I'll get back to you shortly. 🙏","msgType":"extendedTextMessage,messageContextInfo"}
[2026-05-26T07:04:52.359Z] [INFO] 📩 INBOUND [append] remoteJid=108289044049964@lid fromMe=true participant= msgId=3EB0CD37D16B77218B07A5 text=Thanks for your message! I'll get back to you shortly. 🙏
[2026-05-26T07:04:52.359Z] [EVENT] privacy_allowed_self_chat_lid {"messageId":"3EB0CD37D16B77218B07A5","remoteJid":"108289044049964@lid","fromMe":true}
[2026-05-26T07:04:52.359Z] [EVENT] privacy_self_jid_match {"remoteJid":"108289044049964@lid","matchType":"lid"}
[2026-05-26T07:04:52.359Z] [EVENT] fromMe_self_chat_allowed {"messageId":"3EB0CD37D16B77218B07A5","remoteJid":"108289044049964@lid","textPreview":"Thanks for your message! I'll get back to you shortly. 🙏"}
[2026-05-26T07:04:52.360Z] [EVENT] inbound_received {"from":"108289044049964@lid","textPreview":"Thanks for your message! I'll get back to you shortly. 🙏","messageId":"3EB0CD37D16B77218B07A5"}
[2026-05-26T07:04:52.360Z] [EVENT] bridge_invoked {"remoteJid":"108289044049964@lid","messageId":"3EB0CD37D16B77218B07A5","type":"append"}
[2026-05-26T07:04:52.360Z] [EVENT] rim_inference_requested {"runId":"rim-20260526-090340-2965497","from":"108289044049964@lid","messageId":"3EB0CD37D16B77218B07A5","textPreview":"Thanks for your message! I'll get back to you shortly. 🙏"}
[2026-05-26T07:04:52.360Z] [INFO] [RIM-1] Inference request: Thanks for your message! I'll get back to you shortly. 🙏 [RUN_ID=rim-20260526-090340-2965497]
[2026-05-26T07:04:52.891Z] [EVENT] rim_inference_no_reply {"runId":"rim-20260526-090340-2965497","messageId":"3EB0CD37D16B77218B07A5","reason":"unknown"}
[2026-05-26T07:04:52.891Z] [ERROR] [RIM-1] No reply sent: unknown
[2026-05-26T07:04:52.992Z] [EVENT] inbound_event {"upsertType":"append","fromMe":true,"remoteJid":"108289044049964@lid","participant":"","messageId":"3EB032DC865212FCB056B5","timestampMs":1779779092000,"textPreview":"Thanks for your message! I'll get back to you shortly. 🙏","msgType":"extendedTextMessage,messageContextInfo"}
[2026-05-26T07:04:52.993Z] [INFO] 📩 INBOUND [append] remoteJid=108289044049964@lid fromMe=true participant= msgId=3EB032DC865212FCB056B5 text=Thanks for your message! I'll get back to you shortly. 🙏
[2026-05-26T07:04:52.993Z] [EVENT] privacy_allowed_self_chat_lid {"messageId":"3EB032DC865212FCB056B5","remoteJid":"108289044049964@lid","fromMe":true}
[2026-05-26T07:04:52.993Z] [EVENT] privacy_self_jid_match {"remoteJid":"108289044049964@lid","matchType":"lid"}
[2026-05-26T07:04:52.993Z] [EVENT] fromMe_self_chat_allowed {"messageId":"3EB032DC865212FCB056B5","remoteJid":"108289044049964@lid","textPreview":"Thanks for your message! I'll get back to you shortly. 🙏"}
[2026-05-26T07:04:52.993Z] [EVENT] inbound_received {"from":"108289044049964@lid","textPreview":"Thanks for your message! I'll get back to you shortly. 🙏","messageId":"3EB032DC865212FCB056B5"}
[2026-05-26T07:04:52.993Z] [EVENT] bridge_invoked {"remoteJid":"108289044049964@lid","messageId":"3EB032DC865212FCB056B5","type":"append"}
[2026-05-26T07:04:52.994Z] [EVENT] rim_inference_requested {"runId":"rim-20260526-090340-2965497","from":"108289044049964@lid","messageId":"3EB032DC865212FCB056B5","textPreview":"Thanks for your message! I'll get back to you shortly. 🙏"}
[2026-05-26T07:04:52.994Z] [INFO] [RIM-1] Inference request: Thanks for your message! I'll get back to you shortly. 🙏 [RUN_ID=rim-20260526-090340-2965497]
[2026-05-26T07:04:53.557Z] [EVENT] rim_inference_no_reply {"runId":"rim-20260526-090340-2965497","messageId":"3EB032DC865212FCB056B5","reason":"unknown"}
[2026-05-26T07:04:53.557Z] [ERROR] [RIM-1] No reply sent: unknown
[2026-05-26T07:04:53.657Z] [EVENT] inbound_event {"upsertType":"append","fromMe":true,"remoteJid":"108289044049964@lid","participant":"","messageId":"3EB0B3B5365B3DF33F4DA4","timestampMs":1779779093000,"textPreview":"Thanks for your message! I'll get back to you shortly. 🙏","msgType":"extendedTextMessage,messageContextInfo"}
[2026-05-26T07:04:53.657Z] [INFO] 📩 INBOUND [append] remoteJid=108289044049964@lid fromMe=true participant= msgId=3EB0B3B5365B3DF33F4DA4 text=Thanks for your message! I'll get back to you shortly. 🙏
[2026-05-26T07:04:53.657Z] [EVENT] privacy_allowed_self_chat_lid {"messageId":"3EB0B3B5365B3DF33F4DA4","remoteJid":"108289044049964@lid","fromMe":true}
[2026-05-26T07:04:53.658Z] [EVENT] privacy_self_jid_match {"remoteJid":"108289044049964@lid","matchType":"lid"}
[2026-05-26T07:04:53.658Z] [EVENT] fromMe_self_chat_allowed {"messageId":"3EB0B3B5365B3DF33F4DA4","remoteJid":"108289044049964@lid","textPreview":"Thanks for your message! I'll get back to you shortly. 🙏"}
[2026-05-26T07:04:53.658Z] [EVENT] inbound_received {"from":"108289044049964@lid","textPreview":"Thanks for your message! I'll get back to you shortly. 🙏","messageId":"3EB0B3B5365B3DF33F4DA4"}
[2026-05-26T07:04:53.658Z] [EVENT] bridge_invoked {"remoteJid":"108289044049964@lid","messageId":"3EB0B3B5365B3DF33F4DA4","type":"append"}
[2026-05-26T07:04:53.658Z] [EVENT] rim_inference_requested {"runId":"rim-20260526-090340-2965497","from":"108289044049964@lid","messageId":"3EB0B3B5365B3DF33F4DA4","textPreview":"Thanks for your message! I'll get back to you shortly. 🙏"}
[2026-05-26T07:04:53.658Z] [INFO] [RIM-1] Inference request: Thanks for your message! I'll get back to you shortly. 🙏 [RUN_ID=rim-20260526-090340-2965497]
[2026-05-26T07:04:54.238Z] [EVENT] rim_inference_no_reply {"runId":"rim-20260526-090340-2965497","messageId":"3EB0B3B5365B3DF33F4DA4","reason":"unknown"}
[2026-05-26T07:04:54.239Z] [ERROR] [RIM-1] No reply sent: unknown
[2026-05-26T07:04:54.315Z] [EVENT] inbound_event {"upsertType":"append","fromMe":true,"remoteJid":"108289044049964@lid","participant":"","messageId":"3EB0B673D37541E220D760","timestampMs":1779779094000,"textPreview":"Thanks for your message! I'll get back to you shortly. 🙏","msgType":"extendedTextMessage,messageContextInfo"}
[2026-05-26T07:04:54.316Z] [INFO] 📩 INBOUND [append] remoteJid=108289044049964@lid fromMe=true participant= msgId=3EB0B673D37541E220D760 text=Thanks for your message! I'll get back to you shortly. 🙏
[2026-05-26T07:04:54.316Z] [EVENT] privacy_allowed_self_chat_lid {"messageId":"3EB0B673D37541E220D760","remoteJid":"108289044049964@lid","fromMe":true}
[2026-05-26T07:04:54.316Z] [EVENT] privacy_self_jid_match {"remoteJid":"108289044049964@lid","matchType":"lid"}
[2026-05-26T07:04:54.316Z] [EVENT] fromMe_self_chat_allowed {"messageId":"3EB0B673D37541E220D760","remoteJid":"108289044049964@lid","textPreview":"Thanks for your message! I'll get back to you shortly. 🙏"}
[2026-05-26T07:04:54.316Z] [EVENT] inbound_received {"from":"108289044049964@lid","textPreview":"Thanks for your message! I'll get back to you shortly. 🙏","messageId":"3EB0B673D37541E220D760"}
[2026-05-26T07:04:54.317Z] [EVENT] bridge_invoked {"remoteJid":"108289044049964@lid","messageId":"3EB0B673D37541E220D760","type":"append"}
[2026-05-26T07:04:54.317Z] [EVENT] rim_inference_requested {"runId":"rim-20260526-090340-2965497","from":"108289044049964@lid","messageId":"3EB0B673D37541E220D760","textPreview":"Thanks for your message! I'll get back to you shortly. 🙏"}
[2026-05-26T07:04:54.317Z] [INFO] [RIM-1] Inference request: Thanks for your message! I'll get back to you shortly. 🙏 [RUN_ID=rim-20260526-090340-2965497]
[2026-05-26T07:04:54.895Z] [EVENT] rim_inference_no_reply {"runId":"rim-20260526-090340-2965497","messageId":"3EB0B673D37541E220D760","reason":"unknown"}
[2026-05-26T07:04:54.895Z] [ERROR] [RIM-1] No reply sent: unknown
[2026-05-26T07:04:54.995Z] [EVENT] inbound_event {"upsertType":"append","fromMe":true,"remoteJid":"108289044049964@lid","participant":"","messageId":"3EB05869B4D166F0AFF714","timestampMs":1779779094000,"textPreview":"Thanks for your message! I'll get back to you shortly. 🙏","msgType":"extendedTextMessage,messageContextInfo"}
[2026-05-26T07:04:54.995Z] [INFO] 📩 INBOUND [append] remoteJid=108289044049964@lid fromMe=true participant= msgId=3EB05869B4D166F0AFF714 text=Thanks for your message! I'll get back to you shortly. 🙏
[2026-05-26T07:04:54.996Z] [EVENT] privacy_allowed_self_chat_lid {"messageId":"3EB05869B4D166F0AFF714","remoteJid":"108289044049964@lid","fromMe":true}
[2026-05-26T07:04:54.996Z] [EVENT] privacy_self_jid_match {"remoteJid":"108289044049964@lid","matchType":"lid"}
[2026-05-26T07:04:54.996Z] [EVENT] fromMe_self_chat_allowed {"messageId":"3EB05869B4D166F0AFF714","remoteJid":"108289044049964@lid","textPreview":"Thanks for your message! I'll get back to you shortly. 🙏"}
[2026-05-26T07:04:54.996Z] [EVENT] inbound_received {"from":"108289044049964@lid","textPreview":"Thanks for your message! I'll get back to you shortly. 🙏","messageId":"3EB05869B4D166F0AFF714"}
[2026-05-26T07:04:54.996Z] [EVENT] bridge_invoked {"remoteJid":"108289044049964@lid","messageId":"3EB05869B4D166F0AFF714","type":"append"}
[2026-05-26T07:04:54.996Z] [EVENT] rim_inference_requested {"runId":"rim-20260526-090340-2965497","from":"108289044049964@lid","messageId":"3EB05869B4D166F0AFF714","textPreview":"Thanks for your message! I'll get back to you shortly. 🙏"}
[2026-05-26T07:04:54.997Z] [INFO] [RIM-1] Inference request: Thanks for your message! I'll get back to you shortly. 🙏 [RUN_ID=rim-20260526-090340-2965497]
[2026-05-26T07:04:55.538Z] [EVENT] rim_inference_no_reply {"runId":"rim-20260526-090340-2965497","messageId":"3EB05869B4D166F0AFF714","reason":"unknown"}
[2026-05-26T07:04:55.538Z] [ERROR] [RIM-1] No reply sent: unknown
[2026-05-26T07:04:55.638Z] [EVENT] inbound_event {"upsertType":"append","fromMe":true,"remoteJid":"108289044049964@lid","participant":"","messageId":"3EB05CF9DB2052D37AFD20","timestampMs":1779779095000,"textPreview":"Thanks for your message! I'll get back to you shortly. 🙏","msgType":"extendedTextMessage,messageContextInfo"}
[2026-05-26T07:04:55.638Z] [INFO] 📩 INBOUND [append] remoteJid=108289044049964@lid fromMe=true participant= msgId=3EB05CF9DB2052D37AFD20 text=Thanks for your message! I'll get back to you shortly. 🙏
[2026-05-26T07:04:55.638Z] [EVENT] privacy_allowed_self_chat_lid {"messageId":"3EB05CF9DB2052D37AFD20","remoteJid":"108289044049964@lid","fromMe":true}
[2026-05-26T07:04:55.639Z] [EVENT] privacy_self_jid_match {"remoteJid":"108289044049964@lid","matchType":"lid"}
[2026-05-26T07:04:55.639Z] [EVENT] fromMe_self_chat_allowed {"messageId":"3EB05CF9DB2052D37AFD20","remoteJid":"108289044049964@lid","textPreview":"Thanks for your message! I'll get back to you shortly. 🙏"}
[2026-05-26T07:04:55.639Z] [EVENT] inbound_received {"from":"108289044049964@lid","textPreview":"Thanks for your message! I'll get back to you shortly. 🙏","messageId":"3EB05CF9DB2052D37AFD20"}
[2026-05-26T07:04:55.639Z] [EVENT] bridge_invoked {"remoteJid":"108289044049964@lid","messageId":"3EB05CF9DB2052D37AFD20","type":"append"}
[2026-05-26T07:04:55.639Z] [EVENT] rim_inference_requested {"runId":"rim-20260526-090340-2965497","from":"108289044049964@lid","messageId":"3EB05CF9DB2052D37AFD20","textPreview":"Thanks for your message! I'll get back to you shortly. 🙏"}
[2026-05-26T07:04:55.639Z] [INFO] [RIM-1] Inference request: Thanks for your message! I'll get back to you shortly. 🙏 [RUN_ID=rim-20260526-090340-2965497]
[2026-05-26T07:04:56.188Z] [EVENT] rim_inference_no_reply {"runId":"rim-20260526-090340-2965497","messageId":"3EB05CF9DB2052D37AFD20","reason":"unknown"}
[2026-05-26T07:04:56.188Z] [ERROR] [RIM-1] No reply sent: unknown
[2026-05-26T07:04:56.288Z] [EVENT] inbound_event {"upsertType":"append","fromMe":true,"remoteJid":"108289044049964@lid","participant":"","messageId":"3EB08FBFE57FE095DE84D7","timestampMs":1779779096000,"textPreview":"Thanks for your message! I'll get back to you shortly. 🙏","msgType":"extendedTextMessage,messageContextInfo"}
[2026-05-26T07:04:56.288Z] [INFO] 📩 INBOUND [append] remoteJid=108289044049964@lid fromMe=true participant= msgId=3EB08FBFE57FE095DE84D7 text=Thanks for your message! I'll get back to you shortly. 🙏
[2026-05-26T07:04:56.289Z] [EVENT] privacy_allowed_self_chat_lid {"messageId":"3EB08FBFE57FE095DE84D7","remoteJid":"108289044049964@lid","fromMe":true}
[2026-05-26T07:04:56.289Z] [EVENT] privacy_self_jid_match {"remoteJid":"108289044049964@lid","matchType":"lid"}
[2026-05-26T07:04:56.289Z] [EVENT] fromMe_self_chat_allowed {"messageId":"3EB08FBFE57FE095DE84D7","remoteJid":"108289044049964@lid","textPreview":"Thanks for your message! I'll get back to you shortly. 🙏"}
[2026-05-26T07:04:56.289Z] [EVENT] inbound_received {"from":"108289044049964@lid","textPreview":"Thanks for your message! I'll get back to you shortly. 🙏","messageId":"3EB08FBFE57FE095DE84D7"}
[2026-05-26T07:04:56.289Z] [EVENT] bridge_invoked {"remoteJid":"108289044049964@lid","messageId":"3EB08FBFE57FE095DE84D7","type":"append"}
[2026-05-26T07:04:56.290Z] [EVENT] rim_inference_requested {"runId":"rim-20260526-090340-2965497","from":"108289044049964@lid","messageId":"3EB08FBFE57FE095DE84D7","textPreview":"Thanks for your message! I'll get back to you shortly. 🙏"}
[2026-05-26T07:04:56.290Z] [INFO] [RIM-1] Inference request: Thanks for your message! I'll get back to you shortly. 🙏 [RUN_ID=rim-20260526-090340-2965497]
[2026-05-26T07:04:56.859Z] [EVENT] rim_inference_no_reply {"runId":"rim-20260526-090340-2965497","messageId":"3EB08FBFE57FE095DE84D7","reason":"unknown"}
[2026-05-26T07:04:56.859Z] [ERROR] [RIM-1] No reply sent: unknown
[2026-05-26T07:04:56.961Z] [EVENT] inbound_event {"upsertType":"append","fromMe":true,"remoteJid":"108289044049964@lid","participant":"","messageId":"3EB014267274F93351A653","timestampMs":1779779096000,"textPreview":"Thanks for your message! I'll get back to you shortly. 🙏","msgType":"extendedTextMessage,messageContextInfo"}
[2026-05-26T07:04:56.961Z] [INFO] 📩 INBOUND [append] remoteJid=108289044049964@lid fromMe=true participant= msgId=3EB014267274F93351A653 text=Thanks for your message! I'll get back to you shortly. 🙏
[2026-05-26T07:04:56.961Z] [EVENT] privacy_allowed_self_chat_lid {"messageId":"3EB014267274F93351A653","remoteJid":"108289044049964@lid","fromMe":true}
[2026-05-26T07:04:56.961Z] [EVENT] privacy_self_jid_match {"remoteJid":"108289044049964@lid","matchType":"lid"}
[2026-05-26T07:04:56.961Z] [EVENT] fromMe_self_chat_allowed {"messageId":"3EB014267274F93351A653","remoteJid":"108289044049964@lid","textPreview":"Thanks for your message! I'll get back to you shortly. 🙏"}
[2026-05-26T07:04:56.962Z] [EVENT] inbound_received {"from":"108289044049964@lid","textPreview":"Thanks for your message! I'll get back to you shortly. 🙏","messageId":"3EB014267274F93351A653"}
[2026-05-26T07:04:56.962Z] [EVENT] bridge_invoked {"remoteJid":"108289044049964@lid","messageId":"3EB014267274F93351A653","type":"append"}
[2026-05-26T07:04:56.962Z] [EVENT] rim_inference_requested {"runId":"rim-20260526-090340-2965497","from":"108289044049964@lid","messageId":"3EB014267274F93351A653","textPreview":"Thanks for your message! I'll get back to you shortly. 🙏"}
[2026-05-26T07:04:56.962Z] [INFO] [RIM-1] Inference request: Thanks for your message! I'll get back to you shortly. 🙏 [RUN_ID=rim-20260526-090340-2965497]
[2026-05-26T07:04:57.487Z] [EVENT] rim_inference_no_reply {"runId":"rim-20260526-090340-2965497","messageId":"3EB014267274F93351A653","reason":"unknown"}
[2026-05-26T07:04:57.487Z] [ERROR] [RIM-1] No reply sent: unknown
[2026-05-26T07:04:57.516Z] [EVENT] inbound_event {"upsertType":"append","fromMe":true,"remoteJid":"108289044049964@lid","participant":"","messageId":"3EB0A19F0C123E02F6B545","timestampMs":1779779097000,"textPreview":"Thanks for your message! I'll get back to you shortly. 🙏","msgType":"extendedTextMessage,messageContextInfo"}
[2026-05-26T07:04:57.516Z] [INFO] 📩 INBOUND [append] remoteJid=108289044049964@lid fromMe=true participant= msgId=3EB0A19F0C123E02F6B545 text=Thanks for your message! I'll get back to you shortly. 🙏
[2026-05-26T07:04:57.517Z] [EVENT] privacy_allowed_self_chat_lid {"messageId":"3EB0A19F0C123E02F6B545","remoteJid":"108289044049964@lid","fromMe":true}
[2026-05-26T07:04:57.517Z] [EVENT] privacy_self_jid_match {"remoteJid":"108289044049964@lid","matchType":"lid"}
[2026-05-26T07:04:57.517Z] [EVENT] fromMe_self_chat_allowed {"messageId":"3EB0A19F0C123E02F6B545","remoteJid":"108289044049964@lid","textPreview":"Thanks for your message! I'll get back to you shortly. 🙏"}
[2026-05-26T07:04:57.517Z] [EVENT] inbound_received {"from":"108289044049964@lid","textPreview":"Thanks for your message! I'll get back to you shortly. 🙏","messageId":"3EB0A19F0C123E02F6B545"}
[2026-05-26T07:04:57.517Z] [EVENT] bridge_invoked {"remoteJid":"108289044049964@lid","messageId":"3EB0A19F0C123E02F6B545","type":"append"}
[2026-05-26T07:04:57.517Z] [EVENT] rim_inference_requested {"runId":"rim-20260526-090340-2965497","from":"108289044049964@lid","messageId":"3EB0A19F0C123E02F6B545","textPreview":"Thanks for your message! I'll get back to you shortly. 🙏"}
[2026-05-26T07:04:57.517Z] [INFO] [RIM-1] Inference request: Thanks for your message! I'll get back to you shortly. 🙏 [RUN_ID=rim-20260526-090340-2965497]
[2026-05-26T07:04:58.092Z] [EVENT] rim_inference_no_reply {"runId":"rim-20260526-090340-2965497","messageId":"3EB0A19F0C123E02F6B545","reason":"unknown"}
[2026-05-26T07:04:58.092Z] [ERROR] [RIM-1] No reply sent: unknown
[2026-05-26T07:04:58.111Z] [EVENT] inbound_event {"upsertType":"append","fromMe":true,"remoteJid":"108289044049964@lid","participant":"","messageId":"3EB07D8883CA24BC36F238","timestampMs":1779779098000,"textPreview":"Thanks for your message! I'll get back to you shortly. 🙏","msgType":"extendedTextMessage,messageContextInfo"}
[2026-05-26T07:04:58.111Z] [INFO] 📩 INBOUND [append] remoteJid=108289044049964@lid fromMe=true participant= msgId=3EB07D8883CA24BC36F238 text=Thanks for your message! I'll get back to you shortly. 🙏
[2026-05-26T07:04:58.111Z] [EVENT] privacy_allowed_self_chat_lid {"messageId":"3EB07D8883CA24BC36F238","remoteJid":"108289044049964@lid","fromMe":true}
[2026-05-26T07:04:58.111Z] [EVENT] privacy_self_jid_match {"remoteJid":"108289044049964@lid","matchType":"lid"}
[2026-05-26T07:04:58.111Z] [EVENT] fromMe_self_chat_allowed {"messageId":"3EB07D8883CA24BC36F238","remoteJid":"108289044049964@lid","textPreview":"Thanks for your message! I'll get back to you shortly. 🙏"}
[2026-05-26T07:04:58.111Z] [EVENT] inbound_received {"from":"108289044049964@lid","textPreview":"Thanks for your message! I'll get back to you shortly. 🙏","messageId":"3EB07D8883CA24BC36F238"}
[2026-05-26T07:04:58.112Z] [EVENT] bridge_invoked {"remoteJid":"108289044049964@lid","messageId":"3EB07D8883CA24BC36F238","type":"append"}
[2026-05-26T07:04:58.112Z] [EVENT] rim_inference_requested {"runId":"rim-20260526-090340-2965497","from":"108289044049964@lid","messageId":"3EB07D8883CA24BC36F238","textPreview":"Thanks for your message! I'll get back to you shortly. 🙏"}
[2026-05-26T07:04:58.112Z] [INFO] [RIM-1] Inference request: Thanks for your message! I'll get back to you shortly. 🙏 [RUN_ID=rim-20260526-090340-2965497]
[2026-05-26T07:04:58.687Z] [EVENT] rim_inference_no_reply {"runId":"rim-20260526-090340-2965497","messageId":"3EB07D8883CA24BC36F238","reason":"unknown"}
[2026-05-26T07:04:58.687Z] [ERROR] [RIM-1] No reply sent: unknown
[2026-05-26T07:04:58.696Z] [EVENT] inbound_event {"upsertType":"append","fromMe":true,"remoteJid":"108289044049964@lid","participant":"","messageId":"3EB026959147520BC97B6F","timestampMs":1779779098000,"textPreview":"Thanks for your message! I'll get back to you shortly. 🙏","msgType":"extendedTextMessage,messageContextInfo"}
[2026-05-26T07:04:58.696Z] [INFO] 📩 INBOUND [append] remoteJid=108289044049964@lid fromMe=true participant= msgId=3EB026959147520BC97B6F text=Thanks for your message! I'll get back to you shortly. 🙏
[2026-05-26T07:04:58.696Z] [EVENT] privacy_allowed_self_chat_lid {"messageId":"3EB026959147520BC97B6F","remoteJid":"108289044049964@lid","fromMe":true}
[2026-05-26T07:04:58.696Z] [EVENT] privacy_self_jid_match {"remoteJid":"108289044049964@lid","matchType":"lid"}
[2026-05-26T07:04:58.697Z] [EVENT] fromMe_self_chat_allowed {"messageId":"3EB026959147520BC97B6F","remoteJid":"108289044049964@lid","textPreview":"Thanks for your message! I'll get back to you shortly. 🙏"}
[2026-05-26T07:04:58.697Z] [EVENT] inbound_received {"from":"108289044049964@lid","textPreview":"Thanks for your message! I'll get back to you shortly. 🙏","messageId":"3EB026959147520BC97B6F"}
[2026-05-26T07:04:58.697Z] [EVENT] bridge_invoked {"remoteJid":"108289044049964@lid","messageId":"3EB026959147520BC97B6F","type":"append"}
[2026-05-26T07:04:58.697Z] [EVENT] rim_inference_requested {"runId":"rim-20260526-090340-2965497","from":"108289044049964@lid","messageId":"3EB026959147520BC97B6F","textPreview":"Thanks for your message! I'll get back to you shortly. 🙏"}
[2026-05-26T07:04:58.698Z] [INFO] [RIM-1] Inference request: Thanks for your message! I'll get back to you shortly. 🙏 [RUN_ID=rim-20260526-090340-2965497]
[2026-05-26T07:04:59.259Z] [EVENT] rim_inference_no_reply {"runId":"rim-20260526-090340-2965497","messageId":"3EB026959147520BC97B6F","reason":"unknown"}
[2026-05-26T07:04:59.259Z] [ERROR] [RIM-1] No reply sent: unknown
[2026-05-26T07:04:59.360Z] [EVENT] inbound_event {"upsertType":"append","fromMe":true,"remoteJid":"108289044049964@lid","participant":"","messageId":"3EB015EE8816701AAC9C0E","timestampMs":1779779099000,"textPreview":"Thanks for your message! I'll get back to you shortly. 🙏","msgType":"extendedTextMessage,messageContextInfo"}
[2026-05-26T07:04:59.361Z] [INFO] 📩 INBOUND [append] remoteJid=108289044049964@lid fromMe=true participant= msgId=3EB015EE8816701AAC9C0E text=Thanks for your message! I'll get back to you shortly. 🙏
[2026-05-26T07:04:59.361Z] [EVENT] privacy_allowed_self_chat_lid {"messageId":"3EB015EE8816701AAC9C0E","remoteJid":"108289044049964@lid","fromMe":true}
[2026-05-26T07:04:59.361Z] [EVENT] privacy_self_jid_match {"remoteJid":"108289044049964@lid","matchType":"lid"}
[2026-05-26T07:04:59.361Z] [EVENT] fromMe_self_chat_allowed {"messageId":"3EB015EE8816701AAC9C0E","remoteJid":"108289044049964@lid","textPreview":"Thanks for your message! I'll get back to you shortly. 🙏"}
[2026-05-26T07:04:59.361Z] [EVENT] inbound_received {"from":"108289044049964@lid","textPreview":"Thanks for your message! I'll get back to you shortly. 🙏","messageId":"3EB015EE8816701AAC9C0E"}
[2026-05-26T07:04:59.362Z] [EVENT] bridge_invoked {"remoteJid":"108289044049964@lid","messageId":"3EB015EE8816701AAC9C0E","type":"append"}
[2026-05-26T07:04:59.362Z] [EVENT] rim_inference_requested {"runId":"rim-20260526-090340-2965497","from":"108289044049964@lid","messageId":"3EB015EE8816701AAC9C0E","textPreview":"Thanks for your message! I'll get back to you shortly. 🙏"}
[2026-05-26T07:04:59.362Z] [INFO] [RIM-1] Inference request: Thanks for your message! I'll get back to you shortly. 🙏 [RUN_ID=rim-20260526-090340-2965497]
[2026-05-26T07:04:59.932Z] [EVENT] rim_inference_no_reply {"runId":"rim-20260526-090340-2965497","messageId":"3EB015EE8816701AAC9C0E","reason":"unknown"}
[2026-05-26T07:04:59.932Z] [ERROR] [RIM-1] No reply sent: unknown
[2026-05-26T07:05:00.033Z] [EVENT] inbound_event {"upsertType":"append","fromMe":true,"remoteJid":"108289044049964@lid","participant":"","messageId":"3EB0BA11832BB203D6E788","timestampMs":1779779099000,"textPreview":"Thanks for your message! I'll get back to you shortly. 🙏","msgType":"extendedTextMessage,messageContextInfo"}
[2026-05-26T07:05:00.033Z] [INFO] 📩 INBOUND [append] remoteJid=108289044049964@lid fromMe=true participant= msgId=3EB0BA11832BB203D6E788 text=Thanks for your message! I'll get back to you shortly. 🙏
[2026-05-26T07:05:00.033Z] [EVENT] privacy_allowed_self_chat_lid {"messageId":"3EB0BA11832BB203D6E788","remoteJid":"108289044049964@lid","fromMe":true}
[2026-05-26T07:05:00.033Z] [EVENT] privacy_self_jid_match {"remoteJid":"108289044049964@lid","matchType":"lid"}
[2026-05-26T07:05:00.033Z] [EVENT] fromMe_self_chat_allowed {"messageId":"3EB0BA11832BB203D6E788","remoteJid":"108289044049964@lid","textPreview":"Thanks for your message! I'll get back to you shortly. 🙏"}
[2026-05-26T07:05:00.033Z] [EVENT] inbound_received {"from":"108289044049964@lid","textPreview":"Thanks for your message! I'll get back to you shortly. 🙏","messageId":"3EB0BA11832BB203D6E788"}
[2026-05-26T07:05:00.034Z] [EVENT] bridge_invoked {"remoteJid":"108289044049964@lid","messageId":"3EB0BA11832BB203D6E788","type":"append"}
[2026-05-26T07:05:00.034Z] [EVENT] rim_inference_requested {"runId":"rim-20260526-090340-2965497","from":"108289044049964@lid","messageId":"3EB0BA11832BB203D6E788","textPreview":"Thanks for your message! I'll get back to you shortly. 🙏"}
[2026-05-26T07:05:00.034Z] [INFO] [RIM-1] Inference request: Thanks for your message! I'll get back to you shortly. 🙏 [RUN_ID=rim-20260526-090340-2965497]
[2026-05-26T07:05:00.606Z] [EVENT] rim_inference_no_reply {"runId":"rim-20260526-090340-2965497","messageId":"3EB0BA11832BB203D6E788","reason":"unknown"}
[2026-05-26T07:05:00.606Z] [ERROR] [RIM-1] No reply sent: unknown
[2026-05-26T07:05:00.707Z] [EVENT] inbound_event {"upsertType":"append","fromMe":true,"remoteJid":"108289044049964@lid","participant":"","messageId":"3EB0F74BA3D1598BE546D7","timestampMs":1779779100000,"textPreview":"Thanks for your message! I'll get back to you shortly. 🙏","msgType":"extendedTextMessage,messageContextInfo"}
[2026-05-26T07:05:00.707Z] [INFO] 📩 INBOUND [append] remoteJid=108289044049964@lid fromMe=true participant= msgId=3EB0F74BA3D1598BE546D7 text=Thanks for your message! I'll get back to you shortly. 🙏
[2026-05-26T07:05:00.707Z] [EVENT] privacy_allowed_self_chat_lid {"messageId":"3EB0F74BA3D1598BE546D7","remoteJid":"108289044049964@lid","fromMe":true}
[2026-05-26T07:05:00.707Z] [EVENT] privacy_self_jid_match {"remoteJid":"108289044049964@lid","matchType":"lid"}
[2026-05-26T07:05:00.707Z] [EVENT] fromMe_self_chat_allowed {"messageId":"3EB0F74BA3D1598BE546D7","remoteJid":"108289044049964@lid","textPreview":"Thanks for your message! I'll get back to you shortly. 🙏"}
[2026-05-26T07:05:00.708Z] [EVENT] inbound_received {"from":"108289044049964@lid","textPreview":"Thanks for your message! I'll get back to you shortly. 🙏","messageId":"3EB0F74BA3D1598BE546D7"}
[2026-05-26T07:05:00.708Z] [EVENT] bridge_invoked {"remoteJid":"108289044049964@lid","messageId":"3EB0F74BA3D1598BE546D7","type":"append"}
[2026-05-26T07:05:00.708Z] [EVENT] rim_inference_requested {"runId":"rim-20260526-090340-2965497","from":"108289044049964@lid","messageId":"3EB0F74BA3D1598BE546D7","textPreview":"Thanks for your message! I'll get back to you shortly. 🙏"}
[2026-05-26T07:05:00.709Z] [INFO] [RIM-1] Inference request: Thanks for your message! I'll get back to you shortly. 🙏 [RUN_ID=rim-20260526-090340-2965497]
[2026-05-26T07:05:01.289Z] [EVENT] rim_inference_no_reply {"runId":"rim-20260526-090340-2965497","messageId":"3EB0F74BA3D1598BE546D7","reason":"unknown"}
[2026-05-26T07:05:01.289Z] [ERROR] [RIM-1] No reply sent: unknown
[2026-05-26T07:05:01.389Z] [EVENT] inbound_event {"upsertType":"append","fromMe":true,"remoteJid":"108289044049964@lid","participant":"","messageId":"3EB06DF42A13736DF3E72D","timestampMs":1779779101000,"textPreview":"Thanks for your message! I'll get back to you shortly. 🙏","msgType":"extendedTextMessage,messageContextInfo"}
[2026-05-26T07:05:01.390Z] [INFO] 📩 INBOUND [append] remoteJid=108289044049964@lid fromMe=true participant= msgId=3EB06DF42A13736DF3E72D text=Thanks for your message! I'll get back to you shortly. 🙏
[2026-05-26T07:05:01.390Z] [EVENT] privacy_allowed_self_chat_lid {"messageId":"3EB06DF42A13736DF3E72D","remoteJid":"108289044049964@lid","fromMe":true}
[2026-05-26T07:05:01.390Z] [EVENT] privacy_self_jid_match {"remoteJid":"108289044049964@lid","matchType":"lid"}
[2026-05-26T07:05:01.390Z] [EVENT] fromMe_self_chat_allowed {"messageId":"3EB06DF42A13736DF3E72D","remoteJid":"108289044049964@lid","textPreview":"Thanks for your message! I'll get back to you shortly. 🙏"}
[2026-05-26T07:05:01.390Z] [EVENT] inbound_received {"from":"108289044049964@lid","textPreview":"Thanks for your message! I'll get back to you shortly. 🙏","messageId":"3EB06DF42A13736DF3E72D"}
[2026-05-26T07:05:01.390Z] [EVENT] bridge_invoked {"remoteJid":"108289044049964@lid","messageId":"3EB06DF42A13736DF3E72D","type":"append"}
[2026-05-26T07:05:01.391Z] [EVENT] rim_inference_requested {"runId":"rim-20260526-090340-2965497","from":"108289044049964@lid","messageId":"3EB06DF42A13736DF3E72D","textPreview":"Thanks for your message! I'll get back to you shortly. 🙏"}
[2026-05-26T07:05:01.391Z] [INFO] [RIM-1] Inference request: Thanks for your message! I'll get back to you shortly. 🙏 [RUN_ID=rim-20260526-090340-2965497]
[2026-05-26T07:05:01.923Z] [EVENT] rim_inference_no_reply {"runId":"rim-20260526-090340-2965497","messageId":"3EB06DF42A13736DF3E72D","reason":"unknown"}
[2026-05-26T07:05:01.923Z] [ERROR] [RIM-1] No reply sent: unknown
[2026-05-26T07:05:02.023Z] [EVENT] inbound_event {"upsertType":"append","fromMe":true,"remoteJid":"108289044049964@lid","participant":"","messageId":"3EB09DF0E18C4DB717C54E","timestampMs":1779779101000,"textPreview":"Thanks for your message! I'll get back to you shortly. 🙏","msgType":"extendedTextMessage,messageContextInfo"}
[2026-05-26T07:05:02.023Z] [INFO] 📩 INBOUND [append] remoteJid=108289044049964@lid fromMe=true participant= msgId=3EB09DF0E18C4DB717C54E text=Thanks for your message! I'll get back to you shortly. 🙏
[2026-05-26T07:05:02.023Z] [EVENT] privacy_allowed_self_chat_lid {"messageId":"3EB09DF0E18C4DB717C54E","remoteJid":"108289044049964@lid","fromMe":true}
[2026-05-26T07:05:02.023Z] [EVENT] privacy_self_jid_match {"remoteJid":"108289044049964@lid","matchType":"lid"}
[2026-05-26T07:05:02.023Z] [EVENT] fromMe_self_chat_allowed {"messageId":"3EB09DF0E18C4DB717C54E","remoteJid":"108289044049964@lid","textPreview":"Thanks for your message! I'll get back to you shortly. 🙏"}
[2026-05-26T07:05:02.023Z] [EVENT] inbound_received {"from":"108289044049964@lid","textPreview":"Thanks for your message! I'll get back to you shortly. 🙏","messageId":"3EB09DF0E18C4DB717C54E"}
[2026-05-26T07:05:02.023Z] [EVENT] bridge_invoked {"remoteJid":"108289044049964@lid","messageId":"3EB09DF0E18C4DB717C54E","type":"append"}
[2026-05-26T07:05:02.023Z] [EVENT] rim_inference_requested {"runId":"rim-20260526-090340-2965497","from":"108289044049964@lid","messageId":"3EB09DF0E18C4DB717C54E","textPreview":"Thanks for your message! I'll get back to you shortly. 🙏"}
[2026-05-26T07:05:02.023Z] [INFO] [RIM-1] Inference request: Thanks for your message! I'll get back to you shortly. 🙏 [RUN_ID=rim-20260526-090340-2965497]
[2026-05-26T07:05:02.535Z] [EVENT] rim_inference_no_reply {"runId":"rim-20260526-090340-2965497","messageId":"3EB09DF0E18C4DB717C54E","reason":"unknown"}
[2026-05-26T07:05:02.535Z] [ERROR] [RIM-1] No reply sent: unknown
[2026-05-26T07:05:02.636Z] [EVENT] inbound_event {"upsertType":"append","fromMe":true,"remoteJid":"108289044049964@lid","participant":"","messageId":"3EB06D289A1B93E625C5BE","timestampMs":1779779102000,"textPreview":"Thanks for your message! I'll get back to you shortly. 🙏","msgType":"extendedTextMessage,messageContextInfo"}
[2026-05-26T07:05:02.636Z] [INFO] 📩 INBOUND [append] remoteJid=108289044049964@lid fromMe=true participant= msgId=3EB06D289A1B93E625C5BE text=Thanks for your message! I'll get back to you shortly. 🙏
[2026-05-26T07:05:02.636Z] [EVENT] privacy_allowed_self_chat_lid {"messageId":"3EB06D289A1B93E625C5BE","remoteJid":"108289044049964@lid","fromMe":true}
[2026-05-26T07:05:02.636Z] [EVENT] privacy_self_jid_match {"remoteJid":"108289044049964@lid","matchType":"lid"}
[2026-05-26T07:05:02.636Z] [EVENT] fromMe_self_chat_allowed {"messageId":"3EB06D289A1B93E625C5BE","remoteJid":"108289044049964@lid","textPreview":"Thanks for your message! I'll get back to you shortly. 🙏"}
[2026-05-26T07:05:02.636Z] [EVENT] inbound_received {"from":"108289044049964@lid","textPreview":"Thanks for your message! I'll get back to you shortly. 🙏","messageId":"3EB06D289A1B93E625C5BE"}
[2026-05-26T07:05:02.637Z] [EVENT] bridge_invoked {"remoteJid":"108289044049964@lid","messageId":"3EB06D289A1B93E625C5BE","type":"append"}
[2026-05-26T07:05:02.637Z] [EVENT] rim_inference_requested {"runId":"rim-20260526-090340-2965497","from":"108289044049964@lid","messageId":"3EB06D289A1B93E625C5BE","textPreview":"Thanks for your message! I'll get back to you shortly. 🙏"}
[2026-05-26T07:05:02.637Z] [INFO] [RIM-1] Inference request: Thanks for your message! I'll get back to you shortly. 🙏 [RUN_ID=rim-20260526-090340-2965497]
[2026-05-26T07:05:03.301Z] [EVENT] rim_inference_no_reply {"runId":"rim-20260526-090340-2965497","messageId":"3EB06D289A1B93E625C5BE","reason":"unknown"}
[2026-05-26T07:05:03.301Z] [ERROR] [RIM-1] No reply sent: unknown
[2026-05-26T07:05:03.311Z] [EVENT] inbound_event {"upsertType":"append","fromMe":true,"remoteJid":"108289044049964@lid","participant":"","messageId":"3EB0D24513EC8574232A51","timestampMs":1779779103000,"textPreview":"Thanks for your message! I'll get back to you shortly. 🙏","msgType":"extendedTextMessage,messageContextInfo"}
[2026-05-26T07:05:03.311Z] [INFO] 📩 INBOUND [append] remoteJid=108289044049964@lid fromMe=true participant= msgId=3EB0D24513EC8574232A51 text=Thanks for your message! I'll get back to you shortly. 🙏
[2026-05-26T07:05:03.311Z] [EVENT] privacy_allowed_self_chat_lid {"messageId":"3EB0D24513EC8574232A51","remoteJid":"108289044049964@lid","fromMe":true}
[2026-05-26T07:05:03.311Z] [EVENT] privacy_self_jid_match {"remoteJid":"108289044049964@lid","matchType":"lid"}
[2026-05-26T07:05:03.311Z] [EVENT] fromMe_self_chat_allowed {"messageId":"3EB0D24513EC8574232A51","remoteJid":"108289044049964@lid","textPreview":"Thanks for your message! I'll get back to you shortly. 🙏"}
[2026-05-26T07:05:03.311Z] [EVENT] inbound_received {"from":"108289044049964@lid","textPreview":"Thanks for your message! I'll get back to you shortly. 🙏","messageId":"3EB0D24513EC8574232A51"}
[2026-05-26T07:05:03.311Z] [EVENT] bridge_invoked {"remoteJid":"108289044049964@lid","messageId":"3EB0D24513EC8574232A51","type":"append"}
[2026-05-26T07:05:03.311Z] [EVENT] rim_inference_requested {"runId":"rim-20260526-090340-2965497","from":"108289044049964@lid","messageId":"3EB0D24513EC8574232A51","textPreview":"Thanks for your message! I'll get back to you shortly. 🙏"}
[2026-05-26T07:05:03.311Z] [INFO] [RIM-1] Inference request: Thanks for your message! I'll get back to you shortly. 🙏 [RUN_ID=rim-20260526-090340-2965497]
[2026-05-26T07:05:03.836Z] [EVENT] rim_inference_no_reply {"runId":"rim-20260526-090340-2965497","messageId":"3EB0D24513EC8574232A51","reason":"unknown"}
[2026-05-26T07:05:03.836Z] [ERROR] [RIM-1] No reply sent: unknown
[2026-05-26T07:05:03.903Z] [EVENT] inbound_event {"upsertType":"append","fromMe":true,"remoteJid":"108289044049964@lid","participant":"","messageId":"3EB0B8C7C120104F7953A4","timestampMs":1779779103000,"textPreview":"Thanks for your message! I'll get back to you shortly. 🙏","msgType":"extendedTextMessage,messageContextInfo"}
[2026-05-26T07:05:03.903Z] [INFO] 📩 INBOUND [append] remoteJid=108289044049964@lid fromMe=true participant= msgId=3EB0B8C7C120104F7953A4 text=Thanks for your message! I'll get back to you shortly. 🙏
[2026-05-26T07:05:03.903Z] [EVENT] privacy_allowed_self_chat_lid {"messageId":"3EB0B8C7C120104F7953A4","remoteJid":"108289044049964@lid","fromMe":true}
[2026-05-26T07:05:03.904Z] [EVENT] privacy_self_jid_match {"remoteJid":"108289044049964@lid","matchType":"lid"}
[2026-05-26T07:05:03.904Z] [EVENT] fromMe_self_chat_allowed {"messageId":"3EB0B8C7C120104F7953A4","remoteJid":"108289044049964@lid","textPreview":"Thanks for your message! I'll get back to you shortly. 🙏"}
[2026-05-26T07:05:03.904Z] [EVENT] inbound_received {"from":"108289044049964@lid","textPreview":"Thanks for your message! I'll get back to you shortly. 🙏","messageId":"3EB0B8C7C120104F7953A4"}
[2026-05-26T07:05:03.904Z] [EVENT] bridge_invoked {"remoteJid":"108289044049964@lid","messageId":"3EB0B8C7C120104F7953A4","type":"append"}
[2026-05-26T07:05:03.904Z] [EVENT] rim_inference_requested {"runId":"rim-20260526-090340-2965497","from":"108289044049964@lid","messageId":"3EB0B8C7C120104F7953A4","textPreview":"Thanks for your message! I'll get back to you shortly. 🙏"}
[2026-05-26T07:05:03.904Z] [INFO] [RIM-1] Inference request: Thanks for your message! I'll get back to you shortly. 🙏 [RUN_ID=rim-20260526-090340-2965497]
[2026-05-26T07:05:04.429Z] [EVENT] rim_inference_no_reply {"runId":"rim-20260526-090340-2965497","messageId":"3EB0B8C7C120104F7953A4","reason":"unknown"}
[2026-05-26T07:05:04.429Z] [ERROR] [RIM-1] No reply sent: unknown
[2026-05-26T07:05:04.443Z] [EVENT] inbound_event {"upsertType":"append","fromMe":true,"remoteJid":"108289044049964@lid","participant":"","messageId":"3EB0D2B1AFA24FF84C3086","timestampMs":1779779104000,"textPreview":"Thanks for your message! I'll get back to you shortly. 🙏","msgType":"extendedTextMessage,messageContextInfo"}
[2026-05-26T07:05:04.443Z] [INFO] 📩 INBOUND [append] remoteJid=108289044049964@lid fromMe=true participant= msgId=3EB0D2B1AFA24FF84C3086 text=Thanks for your message! I'll get back to you shortly. 🙏
[2026-05-26T07:05:04.443Z] [EVENT] privacy_allowed_self_chat_lid {"messageId":"3EB0D2B1AFA24FF84C3086","remoteJid":"108289044049964@lid","fromMe":true}
[2026-05-26T07:05:04.443Z] [EVENT] privacy_self_jid_match {"remoteJid":"108289044049964@lid","matchType":"lid"}
[2026-05-26T07:05:04.443Z] [EVENT] fromMe_self_chat_allowed {"messageId":"3EB0D2B1AFA24FF84C3086","remoteJid":"108289044049964@lid","textPreview":"Thanks for your message! I'll get back to you shortly. 🙏"}
[2026-05-26T07:05:04.443Z] [EVENT] inbound_received {"from":"108289044049964@lid","textPreview":"Thanks for your message! I'll get back to you shortly. 🙏","messageId":"3EB0D2B1AFA24FF84C3086"}
[2026-05-26T07:05:04.444Z] [EVENT] bridge_invoked {"remoteJid":"108289044049964@lid","messageId":"3EB0D2B1AFA24FF84C3086","type":"append"}
[2026-05-26T07:05:04.444Z] [EVENT] rim_inference_requested {"runId":"rim-20260526-090340-2965497","from":"108289044049964@lid","messageId":"3EB0D2B1AFA24FF84C3086","textPreview":"Thanks for your message! I'll get back to you shortly. 🙏"}
[2026-05-26T07:05:04.444Z] [INFO] [RIM-1] Inference request: Thanks for your message! I'll get back to you shortly. 🙏 [RUN_ID=rim-20260526-090340-2965497]
[2026-05-26T07:05:04.968Z] [EVENT] rim_inference_no_reply {"runId":"rim-20260526-090340-2965497","messageId":"3EB0D2B1AFA24FF84C3086","reason":"unknown"}
[2026-05-26T07:05:04.968Z] [ERROR] [RIM-1] No reply sent: unknown
[2026-05-26T07:05:05.069Z] [EVENT] inbound_event {"upsertType":"append","fromMe":true,"remoteJid":"108289044049964@lid","participant":"","messageId":"3EB0000E20CDD8658C2E70","timestampMs":1779779104000,"textPreview":"Thanks for your message! I'll get back to you shortly. 🙏","msgType":"extendedTextMessage,messageContextInfo"}
[2026-05-26T07:05:05.069Z] [INFO] 📩 INBOUND [append] remoteJid=108289044049964@lid fromMe=true participant= msgId=3EB0000E20CDD8658C2E70 text=Thanks for your message! I'll get back to you shortly. 🙏
[2026-05-26T07:05:05.070Z] [EVENT] privacy_allowed_self_chat_lid {"messageId":"3EB0000E20CDD8658C2E70","remoteJid":"108289044049964@lid","fromMe":true}
[2026-05-26T07:05:05.070Z] [EVENT] privacy_self_jid_match {"remoteJid":"108289044049964@lid","matchType":"lid"}
[2026-05-26T07:05:05.070Z] [EVENT] fromMe_self_chat_allowed {"messageId":"3EB0000E20CDD8658C2E70","remoteJid":"108289044049964@lid","textPreview":"Thanks for your message! I'll get back to you shortly. 🙏"}
[2026-05-26T07:05:05.070Z] [EVENT] inbound_received {"from":"108289044049964@lid","textPreview":"Thanks for your message! I'll get back to you shortly. 🙏","messageId":"3EB0000E20CDD8658C2E70"}
[2026-05-26T07:05:05.070Z] [EVENT] bridge_invoked {"remoteJid":"108289044049964@lid","messageId":"3EB0000E20CDD8658C2E70","type":"append"}
[2026-05-26T07:05:05.070Z] [EVENT] rim_inference_requested {"runId":"rim-20260526-090340-2965497","from":"108289044049964@lid","messageId":"3EB0000E20CDD8658C2E70","textPreview":"Thanks for your message! I'll get back to you shortly. 🙏"}
[2026-05-26T07:05:05.071Z] [INFO] [RIM-1] Inference request: Thanks for your message! I'll get back to you shortly. 🙏 [RUN_ID=rim-20260526-090340-2965497]
[2026-05-26T07:05:05.638Z] [EVENT] rim_inference_no_reply {"runId":"rim-20260526-090340-2965497","messageId":"3EB0000E20CDD8658C2E70","reason":"unknown"}
[2026-05-26T07:05:05.638Z] [ERROR] [RIM-1] No reply sent: unknown
[2026-05-26T07:05:05.740Z] [EVENT] inbound_event {"upsertType":"append","fromMe":true,"remoteJid":"108289044049964@lid","participant":"","messageId":"3EB064B98E258DD915262A","timestampMs":1779779105000,"textPreview":"Thanks for your message! I'll get back to you shortly. 🙏","msgType":"extendedTextMessage,messageContextInfo"}
[2026-05-26T07:05:05.740Z] [INFO] 📩 INBOUND [append] remoteJid=108289044049964@lid fromMe=true participant= msgId=3EB064B98E258DD915262A text=Thanks for your message! I'll get back to you shortly. 🙏
[2026-05-26T07:05:05.740Z] [EVENT] privacy_allowed_self_chat_lid {"messageId":"3EB064B98E258DD915262A","remoteJid":"108289044049964@lid","fromMe":true}
[2026-05-26T07:05:05.740Z] [EVENT] privacy_self_jid_match {"remoteJid":"108289044049964@lid","matchType":"lid"}
[2026-05-26T07:05:05.740Z] [EVENT] fromMe_self_chat_allowed {"messageId":"3EB064B98E258DD915262A","remoteJid":"108289044049964@lid","textPreview":"Thanks for your message! I'll get back to you shortly. 🙏"}
[2026-05-26T07:05:05.740Z] [EVENT] inbound_received {"from":"108289044049964@lid","textPreview":"Thanks for your message! I'll get back to you shortly. 🙏","messageId":"3EB064B98E258DD915262A"}
[2026-05-26T07:05:05.741Z] [EVENT] bridge_invoked {"remoteJid":"108289044049964@lid","messageId":"3EB064B98E258DD915262A","type":"append"}
[2026-05-26T07:05:05.741Z] [EVENT] rim_inference_requested {"runId":"rim-20260526-090340-2965497","from":"108289044049964@lid","messageId":"3EB064B98E258DD915262A","textPreview":"Thanks for your message! I'll get back to you shortly. 🙏"}
[2026-05-26T07:05:05.741Z] [INFO] [RIM-1] Inference request: Thanks for your message! I'll get back to you shortly. 🙏 [RUN_ID=rim-20260526-090340-2965497]
[2026-05-26T07:05:06.318Z] [EVENT] rim_inference_no_reply {"runId":"rim-20260526-090340-2965497","messageId":"3EB064B98E258DD915262A","reason":"unknown"}
[2026-05-26T07:05:06.318Z] [ERROR] [RIM-1] No reply sent: unknown
[2026-05-26T07:05:06.418Z] [EVENT] inbound_event {"upsertType":"append","fromMe":true,"remoteJid":"108289044049964@lid","participant":"","messageId":"3EB022CEC1674AF34A82D3","timestampMs":1779779106000,"textPreview":"Thanks for your message! I'll get back to you shortly. 🙏","msgType":"extendedTextMessage,messageContextInfo"}
[2026-05-26T07:05:06.419Z] [INFO] 📩 INBOUND [append] remoteJid=108289044049964@lid fromMe=true participant= msgId=3EB022CEC1674AF34A82D3 text=Thanks for your message! I'll get back to you shortly. 🙏
[2026-05-26T07:05:06.419Z] [EVENT] privacy_allowed_self_chat_lid {"messageId":"3EB022CEC1674AF34A82D3","remoteJid":"108289044049964@lid","fromMe":true}
[2026-05-26T07:05:06.419Z] [EVENT] privacy_self_jid_match {"remoteJid":"108289044049964@lid","matchType":"lid"}
[2026-05-26T07:05:06.419Z] [EVENT] fromMe_self_chat_allowed {"messageId":"3EB022CEC1674AF34A82D3","remoteJid":"108289044049964@lid","textPreview":"Thanks for your message! I'll get back to you shortly. 🙏"}
[2026-05-26T07:05:06.419Z] [EVENT] inbound_received {"from":"108289044049964@lid","textPreview":"Thanks for your message! I'll get back to you shortly. 🙏","messageId":"3EB022CEC1674AF34A82D3"}
[2026-05-26T07:05:06.420Z] [EVENT] bridge_invoked {"remoteJid":"108289044049964@lid","messageId":"3EB022CEC1674AF34A82D3","type":"append"}
[2026-05-26T07:05:06.420Z] [EVENT] rim_inference_requested {"runId":"rim-20260526-090340-2965497","from":"108289044049964@lid","messageId":"3EB022CEC1674AF34A82D3","textPreview":"Thanks for your message! I'll get back to you shortly. 🙏"}
[2026-05-26T07:05:06.420Z] [INFO] [RIM-1] Inference request: Thanks for your message! I'll get back to you shortly. 🙏 [RUN_ID=rim-20260526-090340-2965497]
[2026-05-26T07:05:07.000Z] [EVENT] rim_inference_no_reply {"runId":"rim-20260526-090340-2965497","messageId":"3EB022CEC1674AF34A82D3","reason":"unknown"}
[2026-05-26T07:05:07.000Z] [ERROR] [RIM-1] No reply sent: unknown
[2026-05-26T07:05:07.102Z] [EVENT] inbound_event {"upsertType":"append","fromMe":true,"remoteJid":"108289044049964@lid","participant":"","messageId":"3EB02ECAC9C77075FD1A83","timestampMs":1779779106000,"textPreview":"Thanks for your message! I'll get back to you shortly. 🙏","msgType":"extendedTextMessage,messageContextInfo"}
[2026-05-26T07:05:07.102Z] [INFO] 📩 INBOUND [append] remoteJid=108289044049964@lid fromMe=true participant= msgId=3EB02ECAC9C77075FD1A83 text=Thanks for your message! I'll get back to you shortly. 🙏
[2026-05-26T07:05:07.102Z] [EVENT] privacy_allowed_self_chat_lid {"messageId":"3EB02ECAC9C77075FD1A83","remoteJid":"108289044049964@lid","fromMe":true}
[2026-05-26T07:05:07.102Z] [EVENT] privacy_self_jid_match {"remoteJid":"108289044049964@lid","matchType":"lid"}
[2026-05-26T07:05:07.102Z] [EVENT] fromMe_self_chat_allowed {"messageId":"3EB02ECAC9C77075FD1A83","remoteJid":"108289044049964@lid","textPreview":"Thanks for your message! I'll get back to you shortly. 🙏"}
[2026-05-26T07:05:07.102Z] [EVENT] inbound_received {"from":"108289044049964@lid","textPreview":"Thanks for your message! I'll get back to you shortly. 🙏","messageId":"3EB02ECAC9C77075FD1A83"}
[2026-05-26T07:05:07.103Z] [EVENT] bridge_invoked {"remoteJid":"108289044049964@lid","messageId":"3EB02ECAC9C77075FD1A83","type":"append"}
[2026-05-26T07:05:07.103Z] [EVENT] rim_inference_requested {"runId":"rim-20260526-090340-2965497","from":"108289044049964@lid","messageId":"3EB02ECAC9C77075FD1A83","textPreview":"Thanks for your message! I'll get back to you shortly. 🙏"}
[2026-05-26T07:05:07.103Z] [INFO] [RIM-1] Inference request: Thanks for your message! I'll get back to you shortly. 🙏 [RUN_ID=rim-20260526-090340-2965497]
[2026-05-26T07:05:07.680Z] [EVENT] rim_inference_no_reply {"runId":"rim-20260526-090340-2965497","messageId":"3EB02ECAC9C77075FD1A83","reason":"unknown"}
[2026-05-26T07:05:07.680Z] [ERROR] [RIM-1] No reply sent: unknown
[2026-05-26T07:05:07.780Z] [EVENT] inbound_event {"upsertType":"append","fromMe":true,"remoteJid":"108289044049964@lid","participant":"","messageId":"3EB06662536073AAF43ABF","timestampMs":1779779107000,"textPreview":"Thanks for your message! I'll get back to you shortly. 🙏","msgType":"extendedTextMessage,messageContextInfo"}
[2026-05-26T07:05:07.780Z] [INFO] 📩 INBOUND [append] remoteJid=108289044049964@lid fromMe=true participant= msgId=3EB06662536073AAF43ABF text=Thanks for your message! I'll get back to you shortly. 🙏
[2026-05-26T07:05:07.781Z] [EVENT] privacy_allowed_self_chat_lid {"messageId":"3EB06662536073AAF43ABF","remoteJid":"108289044049964@lid","fromMe":true}
[2026-05-26T07:05:07.781Z] [EVENT] privacy_self_jid_match {"remoteJid":"108289044049964@lid","matchType":"lid"}
[2026-05-26T07:05:07.781Z] [EVENT] fromMe_self_chat_allowed {"messageId":"3EB06662536073AAF43ABF","remoteJid":"108289044049964@lid","textPreview":"Thanks for your message! I'll get back to you shortly. 🙏"}
[2026-05-26T07:05:07.781Z] [EVENT] inbound_received {"from":"108289044049964@lid","textPreview":"Thanks for your message! I'll get back to you shortly. 🙏","messageId":"3EB06662536073AAF43ABF"}
[2026-05-26T07:05:07.781Z] [EVENT] bridge_invoked {"remoteJid":"108289044049964@lid","messageId":"3EB06662536073AAF43ABF","type":"append"}
[2026-05-26T07:05:07.781Z] [EVENT] rim_inference_requested {"runId":"rim-20260526-090340-2965497","from":"108289044049964@lid","messageId":"3EB06662536073AAF43ABF","textPreview":"Thanks for your message! I'll get back to you shortly. 🙏"}
[2026-05-26T07:05:07.782Z] [INFO] [RIM-1] Inference request: Thanks for your message! I'll get back to you shortly. 🙏 [RUN_ID=rim-20260526-090340-2965497]
[2026-05-26T07:05:08.336Z] [EVENT] rim_inference_no_reply {"runId":"rim-20260526-090340-2965497","messageId":"3EB06662536073AAF43ABF","reason":"unknown"}
[2026-05-26T07:05:08.336Z] [ERROR] [RIM-1] No reply sent: unknown
[2026-05-26T07:05:08.436Z] [EVENT] inbound_event {"upsertType":"append","fromMe":true,"remoteJid":"108289044049964@lid","participant":"","messageId":"3EB0D799E42603D0144E00","timestampMs":1779779108000,"textPreview":"Thanks for your message! I'll get back to you shortly. 🙏","msgType":"extendedTextMessage,messageContextInfo"}
[2026-05-26T07:05:08.437Z] [INFO] 📩 INBOUND [append] remoteJid=108289044049964@lid fromMe=true participant= msgId=3EB0D799E42603D0144E00 text=Thanks for your message! I'll get back to you shortly. 🙏
[2026-05-26T07:05:08.437Z] [EVENT] privacy_allowed_self_chat_lid {"messageId":"3EB0D799E42603D0144E00","remoteJid":"108289044049964@lid","fromMe":true}
[2026-05-26T07:05:08.437Z] [EVENT] privacy_self_jid_match {"remoteJid":"108289044049964@lid","matchType":"lid"}
[2026-05-26T07:05:08.437Z] [EVENT] fromMe_self_chat_allowed {"messageId":"3EB0D799E42603D0144E00","remoteJid":"108289044049964@lid","textPreview":"Thanks for your message! I'll get back to you shortly. 🙏"}
[2026-05-26T07:05:08.437Z] [EVENT] inbound_received {"from":"108289044049964@lid","textPreview":"Thanks for your message! I'll get back to you shortly. 🙏","messageId":"3EB0D799E42603D0144E00"}
[2026-05-26T07:05:08.438Z] [EVENT] bridge_invoked {"remoteJid":"108289044049964@lid","messageId":"3EB0D799E42603D0144E00","type":"append"}
[2026-05-26T07:05:08.438Z] [EVENT] rim_inference_requested {"runId":"rim-20260526-090340-2965497","from":"108289044049964@lid","messageId":"3EB0D799E42603D0144E00","textPreview":"Thanks for your message! I'll get back to you shortly. 🙏"}
[2026-05-26T07:05:08.438Z] [INFO] [RIM-1] Inference request: Thanks for your message! I'll get back to you shortly. 🙏 [RUN_ID=rim-20260526-090340-2965497]
[2026-05-26T07:05:08.967Z] [EVENT] rim_inference_no_reply {"runId":"rim-20260526-090340-2965497","messageId":"3EB0D799E42603D0144E00","reason":"unknown"}
[2026-05-26T07:05:08.967Z] [ERROR] [RIM-1] No reply sent: unknown
[2026-05-26T07:05:09.067Z] [EVENT] inbound_event {"upsertType":"append","fromMe":true,"remoteJid":"108289044049964@lid","participant":"","messageId":"3EB08F71C919F104488185","timestampMs":1779779108000,"textPreview":"Thanks for your message! I'll get back to you shortly. 🙏","msgType":"extendedTextMessage,messageContextInfo"}
[2026-05-26T07:05:09.067Z] [INFO] 📩 INBOUND [append] remoteJid=108289044049964@lid fromMe=true participant= msgId=3EB08F71C919F104488185 text=Thanks for your message! I'll get back to you shortly. 🙏
[2026-05-26T07:05:09.068Z] [EVENT] privacy_allowed_self_chat_lid {"messageId":"3EB08F71C919F104488185","remoteJid":"108289044049964@lid","fromMe":true}
[2026-05-26T07:05:09.068Z] [EVENT] privacy_self_jid_match {"remoteJid":"108289044049964@lid","matchType":"lid"}
[2026-05-26T07:05:09.068Z] [EVENT] fromMe_self_chat_allowed {"messageId":"3EB08F71C919F104488185","remoteJid":"108289044049964@lid","textPreview":"Thanks for your message! I'll get back to you shortly. 🙏"}
[2026-05-26T07:05:09.068Z] [EVENT] inbound_received {"from":"108289044049964@lid","textPreview":"Thanks for your message! I'll get back to you shortly. 🙏","messageId":"3EB08F71C919F104488185"}
[2026-05-26T07:05:09.068Z] [EVENT] bridge_invoked {"remoteJid":"108289044049964@lid","messageId":"3EB08F71C919F104488185","type":"append"}
[2026-05-26T07:05:09.069Z] [EVENT] rim_inference_requested {"runId":"rim-20260526-090340-2965497","from":"108289044049964@lid","messageId":"3EB08F71C919F104488185","textPreview":"Thanks for your message! I'll get back to you shortly. 🙏"}
[2026-05-26T07:05:09.069Z] [INFO] [RIM-1] Inference request: Thanks for your message! I'll get back to you shortly. 🙏 [RUN_ID=rim-20260526-090340-2965497]
[2026-05-26T07:05:09.606Z] [EVENT] rim_inference_no_reply {"runId":"rim-20260526-090340-2965497","messageId":"3EB08F71C919F104488185","reason":"unknown"}
[2026-05-26T07:05:09.606Z] [ERROR] [RIM-1] No reply sent: unknown
[2026-05-26T07:05:09.707Z] [EVENT] inbound_event {"upsertType":"append","fromMe":true,"remoteJid":"108289044049964@lid","participant":"","messageId":"3EB0F16FF0384B7D86F75A","timestampMs":1779779109000,"textPreview":"Thanks for your message! I'll get back to you shortly. 🙏","msgType":"extendedTextMessage,messageContextInfo"}
[2026-05-26T07:05:09.707Z] [INFO] 📩 INBOUND [append] remoteJid=108289044049964@lid fromMe=true participant= msgId=3EB0F16FF0384B7D86F75A text=Thanks for your message! I'll get back to you shortly. 🙏
[2026-05-26T07:05:09.707Z] [EVENT] privacy_allowed_self_chat_lid {"messageId":"3EB0F16FF0384B7D86F75A","remoteJid":"108289044049964@lid","fromMe":true}
[2026-05-26T07:05:09.708Z] [EVENT] privacy_self_jid_match {"remoteJid":"108289044049964@lid","matchType":"lid"}
[2026-05-26T07:05:09.708Z] [EVENT] fromMe_self_chat_allowed {"messageId":"3EB0F16FF0384B7D86F75A","remoteJid":"108289044049964@lid","textPreview":"Thanks for your message! I'll get back to you shortly. 🙏"}
[2026-05-26T07:05:09.708Z] [EVENT] inbound_received {"from":"108289044049964@lid","textPreview":"Thanks for your message! I'll get back to you shortly. 🙏","messageId":"3EB0F16FF0384B7D86F75A"}
[2026-05-26T07:05:09.709Z] [EVENT] bridge_invoked {"remoteJid":"108289044049964@lid","messageId":"3EB0F16FF0384B7D86F75A","type":"append"}
[2026-05-26T07:05:09.709Z] [EVENT] rim_inference_requested {"runId":"rim-20260526-090340-2965497","from":"108289044049964@lid","messageId":"3EB0F16FF0384B7D86F75A","textPreview":"Thanks for your message! I'll get back to you shortly. 🙏"}
[2026-05-26T07:05:09.709Z] [INFO] [RIM-1] Inference request: Thanks for your message! I'll get back to you shortly. 🙏 [RUN_ID=rim-20260526-090340-2965497]
[2026-05-26T07:05:10.287Z] [EVENT] rim_inference_no_reply {"runId":"rim-20260526-090340-2965497","messageId":"3EB0F16FF0384B7D86F75A","reason":"unknown"}
[2026-05-26T07:05:10.287Z] [ERROR] [RIM-1] No reply sent: unknown
[2026-05-26T07:05:10.389Z] [EVENT] inbound_event {"upsertType":"append","fromMe":true,"remoteJid":"108289044049964@lid","participant":"","messageId":"3EB0AE22A580A0403FA425","timestampMs":1779779110000,"textPreview":"Thanks for your message! I'll get back to you shortly. 🙏","msgType":"extendedTextMessage,messageContextInfo"}
[2026-05-26T07:05:10.389Z] [INFO] 📩 INBOUND [append] remoteJid=108289044049964@lid fromMe=true participant= msgId=3EB0AE22A580A0403FA425 text=Thanks for your message! I'll get back to you shortly. 🙏
[2026-05-26T07:05:10.389Z] [EVENT] privacy_allowed_self_chat_lid {"messageId":"3EB0AE22A580A0403FA425","remoteJid":"108289044049964@lid","fromMe":true}
[2026-05-26T07:05:10.389Z] [EVENT] privacy_self_jid_match {"remoteJid":"108289044049964@lid","matchType":"lid"}
[2026-05-26T07:05:10.389Z] [EVENT] fromMe_self_chat_allowed {"messageId":"3EB0AE22A580A0403FA425","remoteJid":"108289044049964@lid","textPreview":"Thanks for your message! I'll get back to you shortly. 🙏"}
[2026-05-26T07:05:10.389Z] [EVENT] inbound_received {"from":"108289044049964@lid","textPreview":"Thanks for your message! I'll get back to you shortly. 🙏","messageId":"3EB0AE22A580A0403FA425"}
[2026-05-26T07:05:10.390Z] [EVENT] bridge_invoked {"remoteJid":"108289044049964@lid","messageId":"3EB0AE22A580A0403FA425","type":"append"}
[2026-05-26T07:05:10.390Z] [EVENT] rim_inference_requested {"runId":"rim-20260526-090340-2965497","from":"108289044049964@lid","messageId":"3EB0AE22A580A0403FA425","textPreview":"Thanks for your message! I'll get back to you shortly. 🙏"}
[2026-05-26T07:05:10.390Z] [INFO] [RIM-1] Inference request: Thanks for your message! I'll get back to you shortly. 🙏 [RUN_ID=rim-20260526-090340-2965497]
[2026-05-26T07:05:10.921Z] [EVENT] rim_inference_no_reply {"runId":"rim-20260526-090340-2965497","messageId":"3EB0AE22A580A0403FA425","reason":"unknown"}
[2026-05-26T07:05:10.921Z] [ERROR] [RIM-1] No reply sent: unknown
[2026-05-26T07:05:11.021Z] [EVENT] inbound_event {"upsertType":"append","fromMe":true,"remoteJid":"108289044049964@lid","participant":"","messageId":"3EB06DBDEBEBBB7A3785F9","timestampMs":1779779110000,"textPreview":"Thanks for your message! I'll get back to you shortly. 🙏","msgType":"extendedTextMessage,messageContextInfo"}
[2026-05-26T07:05:11.021Z] [INFO] 📩 INBOUND [append] remoteJid=108289044049964@lid fromMe=true participant= msgId=3EB06DBDEBEBBB7A3785F9 text=Thanks for your message! I'll get back to you shortly. 🙏
[2026-05-26T07:05:11.021Z] [EVENT] privacy_allowed_self_chat_lid {"messageId":"3EB06DBDEBEBBB7A3785F9","remoteJid":"108289044049964@lid","fromMe":true}
[2026-05-26T07:05:11.021Z] [EVENT] privacy_self_jid_match {"remoteJid":"108289044049964@lid","matchType":"lid"}
[2026-05-26T07:05:11.022Z] [EVENT] fromMe_self_chat_allowed {"messageId":"3EB06DBDEBEBBB7A3785F9","remoteJid":"108289044049964@lid","textPreview":"Thanks for your message! I'll get back to you shortly. 🙏"}
[2026-05-26T07:05:11.022Z] [EVENT] inbound_received {"from":"108289044049964@lid","textPreview":"Thanks for your message! I'll get back to you shortly. 🙏","messageId":"3EB06DBDEBEBBB7A3785F9"}
[2026-05-26T07:05:11.022Z] [EVENT] bridge_invoked {"remoteJid":"108289044049964@lid","messageId":"3EB06DBDEBEBBB7A3785F9","type":"append"}
[2026-05-26T07:05:11.022Z] [EVENT] rim_inference_requested {"runId":"rim-20260526-090340-2965497","from":"108289044049964@lid","messageId":"3EB06DBDEBEBBB7A3785F9","textPreview":"Thanks for your message! I'll get back to you shortly. 🙏"}
[2026-05-26T07:05:11.022Z] [INFO] [RIM-1] Inference request: Thanks for your message! I'll get back to you shortly. 🙏 [RUN_ID=rim-20260526-090340-2965497]
[2026-05-26T07:05:11.595Z] [EVENT] rim_inference_no_reply {"runId":"rim-20260526-090340-2965497","messageId":"3EB06DBDEBEBBB7A3785F9","reason":"unknown"}
[2026-05-26T07:05:11.595Z] [ERROR] [RIM-1] No reply sent: unknown
[2026-05-26T07:05:11.696Z] [EVENT] inbound_event {"upsertType":"append","fromMe":true,"remoteJid":"108289044049964@lid","participant":"","messageId":"3EB05BF958EFE05E13C282","timestampMs":1779779111000,"textPreview":"Thanks for your message! I'll get back to you shortly. 🙏","msgType":"extendedTextMessage,messageContextInfo"}
[2026-05-26T07:05:11.697Z] [INFO] 📩 INBOUND [append] remoteJid=108289044049964@lid fromMe=true participant= msgId=3EB05BF958EFE05E13C282 text=Thanks for your message! I'll get back to you shortly. 🙏
[2026-05-26T07:05:11.697Z] [EVENT] privacy_allowed_self_chat_lid {"messageId":"3EB05BF958EFE05E13C282","remoteJid":"108289044049964@lid","fromMe":true}
[2026-05-26T07:05:11.697Z] [EVENT] privacy_self_jid_match {"remoteJid":"108289044049964@lid","matchType":"lid"}
[2026-05-26T07:05:11.697Z] [EVENT] fromMe_self_chat_allowed {"messageId":"3EB05BF958EFE05E13C282","remoteJid":"108289044049964@lid","textPreview":"Thanks for your message! I'll get back to you shortly. 🙏"}
[2026-05-26T07:05:11.697Z] [EVENT] inbound_received {"from":"108289044049964@lid","textPreview":"Thanks for your message! I'll get back to you shortly. 🙏","messageId":"3EB05BF958EFE05E13C282"}
[2026-05-26T07:05:11.698Z] [EVENT] bridge_invoked {"remoteJid":"108289044049964@lid","messageId":"3EB05BF958EFE05E13C282","type":"append"}
[2026-05-26T07:05:11.698Z] [EVENT] rim_inference_requested {"runId":"rim-20260526-090340-2965497","from":"108289044049964@lid","messageId":"3EB05BF958EFE05E13C282","textPreview":"Thanks for your message! I'll get back to you shortly. 🙏"}
[2026-05-26T07:05:11.698Z] [INFO] [RIM-1] Inference request: Thanks for your message! I'll get back to you shortly. 🙏 [RUN_ID=rim-20260526-090340-2965497]
[2026-05-26T07:05:12.272Z] [EVENT] rim_inference_no_reply {"runId":"rim-20260526-090340-2965497","messageId":"3EB05BF958EFE05E13C282","reason":"unknown"}
[2026-05-26T07:05:12.272Z] [ERROR] [RIM-1] No reply sent: unknown
[2026-05-26T07:05:12.341Z] [EVENT] inbound_event {"upsertType":"append","fromMe":true,"remoteJid":"108289044049964@lid","participant":"","messageId":"3EB0AAFF3B355744BFB9B0","timestampMs":1779779112000,"textPreview":"Thanks for your message! I'll get back to you shortly. 🙏","msgType":"extendedTextMessage,messageContextInfo"}
[2026-05-26T07:05:12.342Z] [INFO] 📩 INBOUND [append] remoteJid=108289044049964@lid fromMe=true participant= msgId=3EB0AAFF3B355744BFB9B0 text=Thanks for your message! I'll get back to you shortly. 🙏
[2026-05-26T07:05:12.342Z] [EVENT] privacy_allowed_self_chat_lid {"messageId":"3EB0AAFF3B355744BFB9B0","remoteJid":"108289044049964@lid","fromMe":true}
[2026-05-26T07:05:12.342Z] [EVENT] privacy_self_jid_match {"remoteJid":"108289044049964@lid","matchType":"lid"}
[2026-05-26T07:05:12.342Z] [EVENT] fromMe_self_chat_allowed {"messageId":"3EB0AAFF3B355744BFB9B0","remoteJid":"108289044049964@lid","textPreview":"Thanks for your message! I'll get back to you shortly. 🙏"}
[2026-05-26T07:05:12.342Z] [EVENT] inbound_received {"from":"108289044049964@lid","textPreview":"Thanks for your message! I'll get back to you shortly. 🙏","messageId":"3EB0AAFF3B355744BFB9B0"}
[2026-05-26T07:05:12.343Z] [EVENT] bridge_invoked {"remoteJid":"108289044049964@lid","messageId":"3EB0AAFF3B355744BFB9B0","type":"append"}
[2026-05-26T07:05:12.343Z] [EVENT] rim_inference_requested {"runId":"rim-20260526-090340-2965497","from":"108289044049964@lid","messageId":"3EB0AAFF3B355744BFB9B0","textPreview":"Thanks for your message! I'll get back to you shortly. 🙏"}
[2026-05-26T07:05:12.343Z] [INFO] [RIM-1] Inference request: Thanks for your message! I'll get back to you shortly. 🙏 [RUN_ID=rim-20260526-090340-2965497]
[2026-05-26T07:05:12.876Z] [EVENT] rim_inference_no_reply {"runId":"rim-20260526-090340-2965497","messageId":"3EB0AAFF3B355744BFB9B0","reason":"unknown"}
[2026-05-26T07:05:12.876Z] [ERROR] [RIM-1] No reply sent: unknown
[2026-05-26T07:05:12.976Z] [EVENT] inbound_event {"upsertType":"append","fromMe":true,"remoteJid":"108289044049964@lid","participant":"","messageId":"3EB08319B82C9119E4E46A","timestampMs":1779779112000,"textPreview":"Thanks for your message! I'll get back to you shortly. 🙏","msgType":"extendedTextMessage,messageContextInfo"}
[2026-05-26T07:05:12.976Z] [INFO] 📩 INBOUND [append] remoteJid=108289044049964@lid fromMe=true participant= msgId=3EB08319B82C9119E4E46A text=Thanks for your message! I'll get back to you shortly. 🙏
[2026-05-26T07:05:12.977Z] [EVENT] privacy_allowed_self_chat_lid {"messageId":"3EB08319B82C9119E4E46A","remoteJid":"108289044049964@lid","fromMe":true}
[2026-05-26T07:05:12.977Z] [EVENT] privacy_self_jid_match {"remoteJid":"108289044049964@lid","matchType":"lid"}
[2026-05-26T07:05:12.977Z] [EVENT] fromMe_self_chat_allowed {"messageId":"3EB08319B82C9119E4E46A","remoteJid":"108289044049964@lid","textPreview":"Thanks for your message! I'll get back to you shortly. 🙏"}
[2026-05-26T07:05:12.977Z] [EVENT] inbound_received {"from":"108289044049964@lid","textPreview":"Thanks for your message! I'll get back to you shortly. 🙏","messageId":"3EB08319B82C9119E4E46A"}
[2026-05-26T07:05:12.977Z] [EVENT] bridge_invoked {"remoteJid":"108289044049964@lid","messageId":"3EB08319B82C9119E4E46A","type":"append"}
[2026-05-26T07:05:12.977Z] [EVENT] rim_inference_requested {"runId":"rim-20260526-090340-2965497","from":"108289044049964@lid","messageId":"3EB08319B82C9119E4E46A","textPreview":"Thanks for your message! I'll get back to you shortly. 🙏"}
[2026-05-26T07:05:12.978Z] [INFO] [RIM-1] Inference request: Thanks for your message! I'll get back to you shortly. 🙏 [RUN_ID=rim-20260526-090340-2965497]
[2026-05-26T07:05:13.539Z] [EVENT] rim_inference_no_reply {"runId":"rim-20260526-090340-2965497","messageId":"3EB08319B82C9119E4E46A","reason":"unknown"}
[2026-05-26T07:05:13.539Z] [ERROR] [RIM-1] No reply sent: unknown
[2026-05-26T07:05:13.641Z] [EVENT] inbound_event {"upsertType":"append","fromMe":true,"remoteJid":"108289044049964@lid","participant":"","messageId":"3EB07C64A45542BB0DE047","timestampMs":1779779113000,"textPreview":"Thanks for your message! I'll get back to you shortly. 🙏","msgType":"extendedTextMessage,messageContextInfo"}
[2026-05-26T07:05:13.641Z] [INFO] 📩 INBOUND [append] remoteJid=108289044049964@lid fromMe=true participant= msgId=3EB07C64A45542BB0DE047 text=Thanks for your message! I'll get back to you shortly. 🙏
[2026-05-26T07:05:13.641Z] [EVENT] privacy_allowed_self_chat_lid {"messageId":"3EB07C64A45542BB0DE047","remoteJid":"108289044049964@lid","fromMe":true}
[2026-05-26T07:05:13.641Z] [EVENT] privacy_self_jid_match {"remoteJid":"108289044049964@lid","matchType":"lid"}
[2026-05-26T07:05:13.641Z] [EVENT] fromMe_self_chat_allowed {"messageId":"3EB07C64A45542BB0DE047","remoteJid":"108289044049964@lid","textPreview":"Thanks for your message! I'll get back to you shortly. 🙏"}
[2026-05-26T07:05:13.641Z] [EVENT] inbound_received {"from":"108289044049964@lid","textPreview":"Thanks for your message! I'll get back to you shortly. 🙏","messageId":"3EB07C64A45542BB0DE047"}
[2026-05-26T07:05:13.642Z] [EVENT] bridge_invoked {"remoteJid":"108289044049964@lid","messageId":"3EB07C64A45542BB0DE047","type":"append"}
[2026-05-26T07:05:13.642Z] [EVENT] rim_inference_requested {"runId":"rim-20260526-090340-2965497","from":"108289044049964@lid","messageId":"3EB07C64A45542BB0DE047","textPreview":"Thanks for your message! I'll get back to you shortly. 🙏"}
[2026-05-26T07:05:13.642Z] [INFO] [RIM-1] Inference request: Thanks for your message! I'll get back to you shortly. 🙏 [RUN_ID=rim-20260526-090340-2965497]
[2026-05-26T07:05:14.196Z] [EVENT] rim_inference_no_reply {"runId":"rim-20260526-090340-2965497","messageId":"3EB07C64A45542BB0DE047","reason":"unknown"}
[2026-05-26T07:05:14.196Z] [ERROR] [RIM-1] No reply sent: unknown
[2026-05-26T07:05:14.296Z] [EVENT] inbound_event {"upsertType":"append","fromMe":true,"remoteJid":"108289044049964@lid","participant":"","messageId":"3EB0A57ABC1CA6F6C416F8","timestampMs":1779779114000,"textPreview":"Thanks for your message! I'll get back to you shortly. 🙏","msgType":"extendedTextMessage,messageContextInfo"}
[2026-05-26T07:05:14.296Z] [INFO] 📩 INBOUND [append] remoteJid=108289044049964@lid fromMe=true participant= msgId=3EB0A57ABC1CA6F6C416F8 text=Thanks for your message! I'll get back to you shortly. 🙏
[2026-05-26T07:05:14.296Z] [EVENT] privacy_allowed_self_chat_lid {"messageId":"3EB0A57ABC1CA6F6C416F8","remoteJid":"108289044049964@lid","fromMe":true}
[2026-05-26T07:05:14.297Z] [EVENT] privacy_self_jid_match {"remoteJid":"108289044049964@lid","matchType":"lid"}
[2026-05-26T07:05:14.297Z] [EVENT] fromMe_self_chat_allowed {"messageId":"3EB0A57ABC1CA6F6C416F8","remoteJid":"108289044049964@lid","textPreview":"Thanks for your message! I'll get back to you shortly. 🙏"}
[2026-05-26T07:05:14.297Z] [EVENT] inbound_received {"from":"108289044049964@lid","textPreview":"Thanks for your message! I'll get back to you shortly. 🙏","messageId":"3EB0A57ABC1CA6F6C416F8"}
[2026-05-26T07:05:14.297Z] [EVENT] bridge_invoked {"remoteJid":"108289044049964@lid","messageId":"3EB0A57ABC1CA6F6C416F8","type":"append"}
[2026-05-26T07:05:14.297Z] [EVENT] rim_inference_requested {"runId":"rim-20260526-090340-2965497","from":"108289044049964@lid","messageId":"3EB0A57ABC1CA6F6C416F8","textPreview":"Thanks for your message! I'll get back to you shortly. 🙏"}
[2026-05-26T07:05:14.298Z] [INFO] [RIM-1] Inference request: Thanks for your message! I'll get back to you shortly. 🙏 [RUN_ID=rim-20260526-090340-2965497]
[2026-05-26T07:05:14.822Z] [EVENT] rim_inference_no_reply {"runId":"rim-20260526-090340-2965497","messageId":"3EB0A57ABC1CA6F6C416F8","reason":"unknown"}
[2026-05-26T07:05:14.822Z] [ERROR] [RIM-1] No reply sent: unknown
[2026-05-26T07:05:14.923Z] [EVENT] inbound_event {"upsertType":"append","fromMe":true,"remoteJid":"108289044049964@lid","participant":"","messageId":"3EB03FF1B1DAF1B3EB2CA4","timestampMs":1779779114000,"textPreview":"Thanks for your message! I'll get back to you shortly. 🙏","msgType":"extendedTextMessage,messageContextInfo"}
[2026-05-26T07:05:14.924Z] [INFO] 📩 INBOUND [append] remoteJid=108289044049964@lid fromMe=true participant= msgId=3EB03FF1B1DAF1B3EB2CA4 text=Thanks for your message! I'll get back to you shortly. 🙏
[2026-05-26T07:05:14.924Z] [EVENT] privacy_allowed_self_chat_lid {"messageId":"3EB03FF1B1DAF1B3EB2CA4","remoteJid":"108289044049964@lid","fromMe":true}
[2026-05-26T07:05:14.924Z] [EVENT] privacy_self_jid_match {"remoteJid":"108289044049964@lid","matchType":"lid"}
[2026-05-26T07:05:14.924Z] [EVENT] fromMe_self_chat_allowed {"messageId":"3EB03FF1B1DAF1B3EB2CA4","remoteJid":"108289044049964@lid","textPreview":"Thanks for your message! I'll get back to you shortly. 🙏"}
[2026-05-26T07:05:14.924Z] [EVENT] inbound_received {"from":"108289044049964@lid","textPreview":"Thanks for your message! I'll get back to you shortly. 🙏","messageId":"3EB03FF1B1DAF1B3EB2CA4"}
[2026-05-26T07:05:14.925Z] [EVENT] bridge_invoked {"remoteJid":"108289044049964@lid","messageId":"3EB03FF1B1DAF1B3EB2CA4","type":"append"}
[2026-05-26T07:05:14.925Z] [EVENT] rim_inference_requested {"runId":"rim-20260526-090340-2965497","from":"108289044049964@lid","messageId":"3EB03FF1B1DAF1B3EB2CA4","textPreview":"Thanks for your message! I'll get back to you shortly. 🙏"}
[2026-05-26T07:05:14.925Z] [INFO] [RIM-1] Inference request: Thanks for your message! I'll get back to you shortly. 🙏 [RUN_ID=rim-20260526-090340-2965497]
[2026-05-26T07:05:15.503Z] [EVENT] rim_inference_no_reply {"runId":"rim-20260526-090340-2965497","messageId":"3EB03FF1B1DAF1B3EB2CA4","reason":"unknown"}
[2026-05-26T07:05:15.503Z] [ERROR] [RIM-1] No reply sent: unknown
[2026-05-26T07:05:15.603Z] [EVENT] inbound_event {"upsertType":"append","fromMe":true,"remoteJid":"108289044049964@lid","participant":"","messageId":"3EB09C04B1D4D5BF8A0EB3","timestampMs":1779779115000,"textPreview":"Thanks for your message! I'll get back to you shortly. 🙏","msgType":"extendedTextMessage,messageContextInfo"}
[2026-05-26T07:05:15.603Z] [INFO] 📩 INBOUND [append] remoteJid=108289044049964@lid fromMe=true participant= msgId=3EB09C04B1D4D5BF8A0EB3 text=Thanks for your message! I'll get back to you shortly. 🙏
[2026-05-26T07:05:15.604Z] [EVENT] privacy_allowed_self_chat_lid {"messageId":"3EB09C04B1D4D5BF8A0EB3","remoteJid":"108289044049964@lid","fromMe":true}
[2026-05-26T07:05:15.604Z] [EVENT] privacy_self_jid_match {"remoteJid":"108289044049964@lid","matchType":"lid"}
[2026-05-26T07:05:15.604Z] [EVENT] fromMe_self_chat_allowed {"messageId":"3EB09C04B1D4D5BF8A0EB3","remoteJid":"108289044049964@lid","textPreview":"Thanks for your message! I'll get back to you shortly. 🙏"}
[2026-05-26T07:05:15.604Z] [EVENT] inbound_received {"from":"108289044049964@lid","textPreview":"Thanks for your message! I'll get back to you shortly. 🙏","messageId":"3EB09C04B1D4D5BF8A0EB3"}
[2026-05-26T07:05:15.604Z] [EVENT] bridge_invoked {"remoteJid":"108289044049964@lid","messageId":"3EB09C04B1D4D5BF8A0EB3","type":"append"}
[2026-05-26T07:05:15.605Z] [EVENT] rim_inference_requested {"runId":"rim-20260526-090340-2965497","from":"108289044049964@lid","messageId":"3EB09C04B1D4D5BF8A0EB3","textPreview":"Thanks for your message! I'll get back to you shortly. 🙏"}
[2026-05-26T07:05:15.605Z] [INFO] [RIM-1] Inference request: Thanks for your message! I'll get back to you shortly. 🙏 [RUN_ID=rim-20260526-090340-2965497]
[2026-05-26T07:05:16.343Z] [EVENT] rim_inference_no_reply {"runId":"rim-20260526-090340-2965497","messageId":"3EB09C04B1D4D5BF8A0EB3","reason":"unknown"}
[2026-05-26T07:05:16.343Z] [ERROR] [RIM-1] No reply sent: unknown
[2026-05-26T07:05:16.443Z] [EVENT] inbound_event {"upsertType":"append","fromMe":true,"remoteJid":"108289044049964@lid","participant":"","messageId":"3EB0639476D59DFEF75748","timestampMs":1779779116000,"textPreview":"Thanks for your message! I'll get back to you shortly. 🙏","msgType":"extendedTextMessage,messageContextInfo"}
[2026-05-26T07:05:16.444Z] [INFO] 📩 INBOUND [append] remoteJid=108289044049964@lid fromMe=true participant= msgId=3EB0639476D59DFEF75748 text=Thanks for your message! I'll get back to you shortly. 🙏
[2026-05-26T07:05:16.444Z] [EVENT] privacy_allowed_self_chat_lid {"messageId":"3EB0639476D59DFEF75748","remoteJid":"108289044049964@lid","fromMe":true}
[2026-05-26T07:05:16.444Z] [EVENT] privacy_self_jid_match {"remoteJid":"108289044049964@lid","matchType":"lid"}
[2026-05-26T07:05:16.444Z] [EVENT] fromMe_self_chat_allowed {"messageId":"3EB0639476D59DFEF75748","remoteJid":"108289044049964@lid","textPreview":"Thanks for your message! I'll get back to you shortly. 🙏"}
[2026-05-26T07:05:16.444Z] [EVENT] inbound_received {"from":"108289044049964@lid","textPreview":"Thanks for your message! I'll get back to you shortly. 🙏","messageId":"3EB0639476D59DFEF75748"}
[2026-05-26T07:05:16.445Z] [EVENT] bridge_invoked {"remoteJid":"108289044049964@lid","messageId":"3EB0639476D59DFEF75748","type":"append"}
[2026-05-26T07:05:16.445Z] [EVENT] rim_inference_requested {"runId":"rim-20260526-090340-2965497","from":"108289044049964@lid","messageId":"3EB0639476D59DFEF75748","textPreview":"Thanks for your message! I'll get back to you shortly. 🙏"}
[2026-05-26T07:05:16.445Z] [INFO] [RIM-1] Inference request: Thanks for your message! I'll get back to you shortly. 🙏 [RUN_ID=rim-20260526-090340-2965497]
[2026-05-26T07:05:16.977Z] [EVENT] rim_inference_no_reply {"runId":"rim-20260526-090340-2965497","messageId":"3EB0639476D59DFEF75748","reason":"unknown"}
[2026-05-26T07:05:16.977Z] [ERROR] [RIM-1] No reply sent: unknown
[2026-05-26T07:05:17.078Z] [EVENT] inbound_event {"upsertType":"append","fromMe":true,"remoteJid":"108289044049964@lid","participant":"","messageId":"3EB0A3F4F5507883B25B15","timestampMs":1779779116000,"textPreview":"Thanks for your message! I'll get back to you shortly. 🙏","msgType":"extendedTextMessage,messageContextInfo"}
[2026-05-26T07:05:17.078Z] [INFO] 📩 INBOUND [append] remoteJid=108289044049964@lid fromMe=true participant= msgId=3EB0A3F4F5507883B25B15 text=Thanks for your message! I'll get back to you shortly. 🙏
[2026-05-26T07:05:17.078Z] [EVENT] privacy_allowed_self_chat_lid {"messageId":"3EB0A3F4F5507883B25B15","remoteJid":"108289044049964@lid","fromMe":true}
[2026-05-26T07:05:17.079Z] [EVENT] privacy_self_jid_match {"remoteJid":"108289044049964@lid","matchType":"lid"}
[2026-05-26T07:05:17.079Z] [EVENT] fromMe_self_chat_allowed {"messageId":"3EB0A3F4F5507883B25B15","remoteJid":"108289044049964@lid","textPreview":"Thanks for your message! I'll get back to you shortly. 🙏"}
[2026-05-26T07:05:17.079Z] [EVENT] inbound_received {"from":"108289044049964@lid","textPreview":"Thanks for your message! I'll get back to you shortly. 🙏","messageId":"3EB0A3F4F5507883B25B15"}
[2026-05-26T07:05:17.079Z] [EVENT] bridge_invoked {"remoteJid":"108289044049964@lid","messageId":"3EB0A3F4F5507883B25B15","type":"append"}
[2026-05-26T07:05:17.079Z] [EVENT] rim_inference_requested {"runId":"rim-20260526-090340-2965497","from":"108289044049964@lid","messageId":"3EB0A3F4F5507883B25B15","textPreview":"Thanks for your message! I'll get back to you shortly. 🙏"}
[2026-05-26T07:05:17.080Z] [INFO] [RIM-1] Inference request: Thanks for your message! I'll get back to you shortly. 🙏 [RUN_ID=rim-20260526-090340-2965497]
[2026-05-26T07:05:17.709Z] [EVENT] rim_inference_no_reply {"runId":"rim-20260526-090340-2965497","messageId":"3EB0A3F4F5507883B25B15","reason":"unknown"}
[2026-05-26T07:05:17.710Z] [ERROR] [RIM-1] No reply sent: unknown
[2026-05-26T07:05:17.810Z] [EVENT] inbound_event {"upsertType":"append","fromMe":true,"remoteJid":"108289044049964@lid","participant":"","messageId":"3EB0131D2FBF8DCBEBC745","timestampMs":1779779117000,"textPreview":"Thanks for your message! I'll get back to you shortly. 🙏","msgType":"extendedTextMessage,messageContextInfo"}
[2026-05-26T07:05:17.811Z] [INFO] 📩 INBOUND [append] remoteJid=108289044049964@lid fromMe=true participant= msgId=3EB0131D2FBF8DCBEBC745 text=Thanks for your message! I'll get back to you shortly. 🙏
[2026-05-26T07:05:17.811Z] [EVENT] privacy_allowed_self_chat_lid {"messageId":"3EB0131D2FBF8DCBEBC745","remoteJid":"108289044049964@lid","fromMe":true}
[2026-05-26T07:05:17.811Z] [EVENT] privacy_self_jid_match {"remoteJid":"108289044049964@lid","matchType":"lid"}
[2026-05-26T07:05:17.811Z] [EVENT] fromMe_self_chat_allowed {"messageId":"3EB0131D2FBF8DCBEBC745","remoteJid":"108289044049964@lid","textPreview":"Thanks for your message! I'll get back to you shortly. 🙏"}
[2026-05-26T07:05:17.811Z] [EVENT] inbound_received {"from":"108289044049964@lid","textPreview":"Thanks for your message! I'll get back to you shortly. 🙏","messageId":"3EB0131D2FBF8DCBEBC745"}
[2026-05-26T07:05:17.812Z] [EVENT] bridge_invoked {"remoteJid":"108289044049964@lid","messageId":"3EB0131D2FBF8DCBEBC745","type":"append"}
[2026-05-26T07:05:17.812Z] [EVENT] rim_inference_requested {"runId":"rim-20260526-090340-2965497","from":"108289044049964@lid","messageId":"3EB0131D2FBF8DCBEBC745","textPreview":"Thanks for your message! I'll get back to you shortly. 🙏"}
[2026-05-26T07:05:17.812Z] [INFO] [RIM-1] Inference request: Thanks for your message! I'll get back to you shortly. 🙏 [RUN_ID=rim-20260526-090340-2965497]
[2026-05-26T07:05:18.334Z] [EVENT] rim_inference_no_reply {"runId":"rim-20260526-090340-2965497","messageId":"3EB0131D2FBF8DCBEBC745","reason":"unknown"}
[2026-05-26T07:05:18.334Z] [ERROR] [RIM-1] No reply sent: unknown
[2026-05-26T07:05:18.435Z] [EVENT] inbound_event {"upsertType":"append","fromMe":true,"remoteJid":"108289044049964@lid","participant":"","messageId":"3EB0C2DDE8EE96C6FE9059","timestampMs":1779779118000,"textPreview":"Thanks for your message! I'll get back to you shortly. 🙏","msgType":"extendedTextMessage,messageContextInfo"}
[2026-05-26T07:05:18.435Z] [INFO] 📩 INBOUND [append] remoteJid=108289044049964@lid fromMe=true participant= msgId=3EB0C2DDE8EE96C6FE9059 text=Thanks for your message! I'll get back to you shortly. 🙏
[2026-05-26T07:05:18.435Z] [EVENT] privacy_allowed_self_chat_lid {"messageId":"3EB0C2DDE8EE96C6FE9059","remoteJid":"108289044049964@lid","fromMe":true}
[2026-05-26T07:05:18.435Z] [EVENT] privacy_self_jid_match {"remoteJid":"108289044049964@lid","matchType":"lid"}
[2026-05-26T07:05:18.435Z] [EVENT] fromMe_self_chat_allowed {"messageId":"3EB0C2DDE8EE96C6FE9059","remoteJid":"108289044049964@lid","textPreview":"Thanks for your message! I'll get back to you shortly. 🙏"}
[2026-05-26T07:05:18.435Z] [EVENT] inbound_received {"from":"108289044049964@lid","textPreview":"Thanks for your message! I'll get back to you shortly. 🙏","messageId":"3EB0C2DDE8EE96C6FE9059"}
[2026-05-26T07:05:18.436Z] [EVENT] bridge_invoked {"remoteJid":"108289044049964@lid","messageId":"3EB0C2DDE8EE96C6FE9059","type":"append"}
[2026-05-26T07:05:18.436Z] [EVENT] rim_inference_requested {"runId":"rim-20260526-090340-2965497","from":"108289044049964@lid","messageId":"3EB0C2DDE8EE96C6FE9059","textPreview":"Thanks for your message! I'll get back to you shortly. 🙏"}
[2026-05-26T07:05:18.436Z] [INFO] [RIM-1] Inference request: Thanks for your message! I'll get back to you shortly. 🙏 [RUN_ID=rim-20260526-090340-2965497]
[2026-05-26T07:05:19.009Z] [EVENT] rim_inference_no_reply {"runId":"rim-20260526-090340-2965497","messageId":"3EB0C2DDE8EE96C6FE9059","reason":"unknown"}
[2026-05-26T07:05:19.010Z] [ERROR] [RIM-1] No reply sent: unknown
[2026-05-26T07:05:19.110Z] [EVENT] inbound_event {"upsertType":"append","fromMe":true,"remoteJid":"108289044049964@lid","participant":"","messageId":"3EB038FF61E0AB9F4C0284","timestampMs":1779779118000,"textPreview":"Thanks for your message! I'll get back to you shortly. 🙏","msgType":"extendedTextMessage,messageContextInfo"}
[2026-05-26T07:05:19.110Z] [INFO] 📩 INBOUND [append] remoteJid=108289044049964@lid fromMe=true participant= msgId=3EB038FF61E0AB9F4C0284 text=Thanks for your message! I'll get back to you shortly. 🙏
[2026-05-26T07:05:19.110Z] [EVENT] privacy_allowed_self_chat_lid {"messageId":"3EB038FF61E0AB9F4C0284","remoteJid":"108289044049964@lid","fromMe":true}
[2026-05-26T07:05:19.110Z] [EVENT] privacy_self_jid_match {"remoteJid":"108289044049964@lid","matchType":"lid"}
[2026-05-26T07:05:19.110Z] [EVENT] fromMe_self_chat_allowed {"messageId":"3EB038FF61E0AB9F4C0284","remoteJid":"108289044049964@lid","textPreview":"Thanks for your message! I'll get back to you shortly. 🙏"}
[2026-05-26T07:05:19.111Z] [EVENT] inbound_received {"from":"108289044049964@lid","textPreview":"Thanks for your message! I'll get back to you shortly. 🙏","messageId":"3EB038FF61E0AB9F4C0284"}
[2026-05-26T07:05:19.111Z] [EVENT] bridge_invoked {"remoteJid":"108289044049964@lid","messageId":"3EB038FF61E0AB9F4C0284","type":"append"}
[2026-05-26T07:05:19.111Z] [EVENT] rim_inference_requested {"runId":"rim-20260526-090340-2965497","from":"108289044049964@lid","messageId":"3EB038FF61E0AB9F4C0284","textPreview":"Thanks for your message! I'll get back to you shortly. 🙏"}
[2026-05-26T07:05:19.111Z] [INFO] [RIM-1] Inference request: Thanks for your message! I'll get back to you shortly. 🙏 [RUN_ID=rim-20260526-090340-2965497]
[2026-05-26T07:05:19.653Z] [EVENT] rim_inference_no_reply {"runId":"rim-20260526-090340-2965497","messageId":"3EB038FF61E0AB9F4C0284","reason":"unknown"}
[2026-05-26T07:05:19.653Z] [ERROR] [RIM-1] No reply sent: unknown
[2026-05-26T07:05:19.754Z] [EVENT] inbound_event {"upsertType":"append","fromMe":true,"remoteJid":"108289044049964@lid","participant":"","messageId":"3EB0C2F3093F0DB1BEEF86","timestampMs":1779779119000,"textPreview":"Thanks for your message! I'll get back to you shortly. 🙏","msgType":"extendedTextMessage,messageContextInfo"}
[2026-05-26T07:05:19.754Z] [INFO] 📩 INBOUND [append] remoteJid=108289044049964@lid fromMe=true participant= msgId=3EB0C2F3093F0DB1BEEF86 text=Thanks for your message! I'll get back to you shortly. 🙏
[2026-05-26T07:05:19.754Z] [EVENT] privacy_allowed_self_chat_lid {"messageId":"3EB0C2F3093F0DB1BEEF86","remoteJid":"108289044049964@lid","fromMe":true}
[2026-05-26T07:05:19.754Z] [EVENT] privacy_self_jid_match {"remoteJid":"108289044049964@lid","matchType":"lid"}
[2026-05-26T07:05:19.754Z] [EVENT] fromMe_self_chat_allowed {"messageId":"3EB0C2F3093F0DB1BEEF86","remoteJid":"108289044049964@lid","textPreview":"Thanks for your message! I'll get back to you shortly. 🙏"}
[2026-05-26T07:05:19.754Z] [EVENT] inbound_received {"from":"108289044049964@lid","textPreview":"Thanks for your message! I'll get back to you shortly. 🙏","messageId":"3EB0C2F3093F0DB1BEEF86"}
[2026-05-26T07:05:19.755Z] [EVENT] bridge_invoked {"remoteJid":"108289044049964@lid","messageId":"3EB0C2F3093F0DB1BEEF86","type":"append"}
[2026-05-26T07:05:19.755Z] [EVENT] rim_inference_requested {"runId":"rim-20260526-090340-2965497","from":"108289044049964@lid","messageId":"3EB0C2F3093F0DB1BEEF86","textPreview":"Thanks for your message! I'll get back to you shortly. 🙏"}
[2026-05-26T07:05:19.755Z] [INFO] [RIM-1] Inference request: Thanks for your message! I'll get back to you shortly. 🙏 [RUN_ID=rim-20260526-090340-2965497]
[2026-05-26T07:05:20.323Z] [EVENT] rim_inference_no_reply {"runId":"rim-20260526-090340-2965497","messageId":"3EB0C2F3093F0DB1BEEF86","reason":"unknown"}
[2026-05-26T07:05:20.323Z] [ERROR] [RIM-1] No reply sent: unknown
[2026-05-26T07:05:20.423Z] [EVENT] inbound_event {"upsertType":"append","fromMe":true,"remoteJid":"108289044049964@lid","participant":"","messageId":"3EB05801565EFB488AD94C","timestampMs":1779779120000,"textPreview":"Thanks for your message! I'll get back to you shortly. 🙏","msgType":"extendedTextMessage,messageContextInfo"}
[2026-05-26T07:05:20.423Z] [INFO] 📩 INBOUND [append] remoteJid=108289044049964@lid fromMe=true participant= msgId=3EB05801565EFB488AD94C text=Thanks for your message! I'll get back to you shortly. 🙏
[2026-05-26T07:05:20.423Z] [EVENT] privacy_allowed_self_chat_lid {"messageId":"3EB05801565EFB488AD94C","remoteJid":"108289044049964@lid","fromMe":true}
[2026-05-26T07:05:20.423Z] [EVENT] privacy_self_jid_match {"remoteJid":"108289044049964@lid","matchType":"lid"}
[2026-05-26T07:05:20.423Z] [EVENT] fromMe_self_chat_allowed {"messageId":"3EB05801565EFB488AD94C","remoteJid":"108289044049964@lid","textPreview":"Thanks for your message! I'll get back to you shortly. 🙏"}
[2026-05-26T07:05:20.424Z] [EVENT] inbound_received {"from":"108289044049964@lid","textPreview":"Thanks for your message! I'll get back to you shortly. 🙏","messageId":"3EB05801565EFB488AD94C"}
[2026-05-26T07:05:20.424Z] [EVENT] bridge_invoked {"remoteJid":"108289044049964@lid","messageId":"3EB05801565EFB488AD94C","type":"append"}
[2026-05-26T07:05:20.424Z] [EVENT] rim_inference_requested {"runId":"rim-20260526-090340-2965497","from":"108289044049964@lid","messageId":"3EB05801565EFB488AD94C","textPreview":"Thanks for your message! I'll get back to you shortly. 🙏"}
[2026-05-26T07:05:20.424Z] [INFO] [RIM-1] Inference request: Thanks for your message! I'll get back to you shortly. 🙏 [RUN_ID=rim-20260526-090340-2965497]
[2026-05-26T07:05:21.000Z] [EVENT] rim_inference_no_reply {"runId":"rim-20260526-090340-2965497","messageId":"3EB05801565EFB488AD94C","reason":"unknown"}
[2026-05-26T07:05:21.000Z] [ERROR] [RIM-1] No reply sent: unknown
[2026-05-26T07:05:21.101Z] [EVENT] inbound_event {"upsertType":"append","fromMe":true,"remoteJid":"108289044049964@lid","participant":"","messageId":"3EB01E3A490BF72445659D","timestampMs":1779779120000,"textPreview":"Thanks for your message! I'll get back to you shortly. 🙏","msgType":"extendedTextMessage,messageContextInfo"}
[2026-05-26T07:05:21.102Z] [INFO] 📩 INBOUND [append] remoteJid=108289044049964@lid fromMe=true participant= msgId=3EB01E3A490BF72445659D text=Thanks for your message! I'll get back to you shortly. 🙏
[2026-05-26T07:05:21.102Z] [EVENT] privacy_allowed_self_chat_lid {"messageId":"3EB01E3A490BF72445659D","remoteJid":"108289044049964@lid","fromMe":true}
[2026-05-26T07:05:21.102Z] [EVENT] privacy_self_jid_match {"remoteJid":"108289044049964@lid","matchType":"lid"}
[2026-05-26T07:05:21.102Z] [EVENT] fromMe_self_chat_allowed {"messageId":"3EB01E3A490BF72445659D","remoteJid":"108289044049964@lid","textPreview":"Thanks for your message! I'll get back to you shortly. 🙏"}
[2026-05-26T07:05:21.102Z] [EVENT] inbound_received {"from":"108289044049964@lid","textPreview":"Thanks for your message! I'll get back to you shortly. 🙏","messageId":"3EB01E3A490BF72445659D"}
[2026-05-26T07:05:21.103Z] [EVENT] bridge_invoked {"remoteJid":"108289044049964@lid","messageId":"3EB01E3A490BF72445659D","type":"append"}
[2026-05-26T07:05:21.103Z] [EVENT] rim_inference_requested {"runId":"rim-20260526-090340-2965497","from":"108289044049964@lid","messageId":"3EB01E3A490BF72445659D","textPreview":"Thanks for your message! I'll get back to you shortly. 🙏"}
[2026-05-26T07:05:21.103Z] [INFO] [RIM-1] Inference request: Thanks for your message! I'll get back to you shortly. 🙏 [RUN_ID=rim-20260526-090340-2965497]
[2026-05-26T07:05:21.673Z] [EVENT] rim_inference_no_reply {"runId":"rim-20260526-090340-2965497","messageId":"3EB01E3A490BF72445659D","reason":"unknown"}
[2026-05-26T07:05:21.673Z] [ERROR] [RIM-1] No reply sent: unknown
[2026-05-26T07:05:21.773Z] [EVENT] inbound_event {"upsertType":"append","fromMe":true,"remoteJid":"108289044049964@lid","participant":"","messageId":"3EB0D446100877F2FD0D0E","timestampMs":1779779121000,"textPreview":"Thanks for your message! I'll get back to you shortly. 🙏","msgType":"extendedTextMessage,messageContextInfo"}
[2026-05-26T07:05:21.774Z] [INFO] 📩 INBOUND [append] remoteJid=108289044049964@lid fromMe=true participant= msgId=3EB0D446100877F2FD0D0E text=Thanks for your message! I'll get back to you shortly. 🙏
[2026-05-26T07:05:21.774Z] [EVENT] privacy_allowed_self_chat_lid {"messageId":"3EB0D446100877F2FD0D0E","remoteJid":"108289044049964@lid","fromMe":true}
[2026-05-26T07:05:21.774Z] [EVENT] privacy_self_jid_match {"remoteJid":"108289044049964@lid","matchType":"lid"}
[2026-05-26T07:05:21.774Z] [EVENT] fromMe_self_chat_allowed {"messageId":"3EB0D446100877F2FD0D0E","remoteJid":"108289044049964@lid","textPreview":"Thanks for your message! I'll get back to you shortly. 🙏"}
[2026-05-26T07:05:21.774Z] [EVENT] inbound_received {"from":"108289044049964@lid","textPreview":"Thanks for your message! I'll get back to you shortly. 🙏","messageId":"3EB0D446100877F2FD0D0E"}
[2026-05-26T07:05:21.775Z] [EVENT] bridge_invoked {"remoteJid":"108289044049964@lid","messageId":"3EB0D446100877F2FD0D0E","type":"append"}
[2026-05-26T07:05:21.775Z] [EVENT] rim_inference_requested {"runId":"rim-20260526-090340-2965497","from":"108289044049964@lid","messageId":"3EB0D446100877F2FD0D0E","textPreview":"Thanks for your message! I'll get back to you shortly. 🙏"}
[2026-05-26T07:05:21.775Z] [INFO] [RIM-1] Inference request: Thanks for your message! I'll get back to you shortly. 🙏 [RUN_ID=rim-20260526-090340-2965497]
[2026-05-26T07:05:22.335Z] [EVENT] rim_inference_no_reply {"runId":"rim-20260526-090340-2965497","messageId":"3EB0D446100877F2FD0D0E","reason":"unknown"}
[2026-05-26T07:05:22.335Z] [ERROR] [RIM-1] No reply sent: unknown
[2026-05-26T07:05:22.435Z] [EVENT] inbound_event {"upsertType":"append","fromMe":true,"remoteJid":"108289044049964@lid","participant":"","messageId":"3EB04DE510C72BC6DC388B","timestampMs":1779779122000,"textPreview":"Thanks for your message! I'll get back to you shortly. 🙏","msgType":"extendedTextMessage,messageContextInfo"}
[2026-05-26T07:05:22.435Z] [INFO] 📩 INBOUND [append] remoteJid=108289044049964@lid fromMe=true participant= msgId=3EB04DE510C72BC6DC388B text=Thanks for your message! I'll get back to you shortly. 🙏
[2026-05-26T07:05:22.435Z] [EVENT] privacy_allowed_self_chat_lid {"messageId":"3EB04DE510C72BC6DC388B","remoteJid":"108289044049964@lid","fromMe":true}
[2026-05-26T07:05:22.435Z] [EVENT] privacy_self_jid_match {"remoteJid":"108289044049964@lid","matchType":"lid"}
[2026-05-26T07:05:22.436Z] [EVENT] fromMe_self_chat_allowed {"messageId":"3EB04DE510C72BC6DC388B","remoteJid":"108289044049964@lid","textPreview":"Thanks for your message! I'll get back to you shortly. 🙏"}
[2026-05-26T07:05:22.436Z] [EVENT] inbound_received {"from":"108289044049964@lid","textPreview":"Thanks for your message! I'll get back to you shortly. 🙏","messageId":"3EB04DE510C72BC6DC388B"}
[2026-05-26T07:05:22.436Z] [EVENT] bridge_invoked {"remoteJid":"108289044049964@lid","messageId":"3EB04DE510C72BC6DC388B","type":"append"}
[2026-05-26T07:05:22.436Z] [EVENT] rim_inference_requested {"runId":"rim-20260526-090340-2965497","from":"108289044049964@lid","messageId":"3EB04DE510C72BC6DC388B","textPreview":"Thanks for your message! I'll get back to you shortly. 🙏"}
[2026-05-26T07:05:22.436Z] [INFO] [RIM-1] Inference request: Thanks for your message! I'll get back to you shortly. 🙏 [RUN_ID=rim-20260526-090340-2965497]
[2026-05-26T07:05:23.158Z] [EVENT] rim_inference_no_reply {"runId":"rim-20260526-090340-2965497","messageId":"3EB04DE510C72BC6DC388B","reason":"unknown"}
[2026-05-26T07:05:23.158Z] [ERROR] [RIM-1] No reply sent: unknown
[2026-05-26T07:05:23.258Z] [EVENT] inbound_event {"upsertType":"append","fromMe":true,"remoteJid":"108289044049964@lid","participant":"","messageId":"3EB02F6747C552B763D4BB","timestampMs":1779779123000,"textPreview":"Thanks for your message! I'll get back to you shortly. 🙏","msgType":"extendedTextMessage,messageContextInfo"}
[2026-05-26T07:05:23.259Z] [INFO] 📩 INBOUND [append] remoteJid=108289044049964@lid fromMe=true participant= msgId=3EB02F6747C552B763D4BB text=Thanks for your message! I'll get back to you shortly. 🙏
[2026-05-26T07:05:23.259Z] [EVENT] privacy_allowed_self_chat_lid {"messageId":"3EB02F6747C552B763D4BB","remoteJid":"108289044049964@lid","fromMe":true}
[2026-05-26T07:05:23.259Z] [EVENT] privacy_self_jid_match {"remoteJid":"108289044049964@lid","matchType":"lid"}
[2026-05-26T07:05:23.259Z] [EVENT] fromMe_self_chat_allowed {"messageId":"3EB02F6747C552B763D4BB","remoteJid":"108289044049964@lid","textPreview":"Thanks for your message! I'll get back to you shortly. 🙏"}
[2026-05-26T07:05:23.259Z] [EVENT] inbound_received {"from":"108289044049964@lid","textPreview":"Thanks for your message! I'll get back to you shortly. 🙏","messageId":"3EB02F6747C552B763D4BB"}
[2026-05-26T07:05:23.260Z] [EVENT] bridge_invoked {"remoteJid":"108289044049964@lid","messageId":"3EB02F6747C552B763D4BB","type":"append"}
[2026-05-26T07:05:23.261Z] [EVENT] rim_inference_requested {"runId":"rim-20260526-090340-2965497","from":"108289044049964@lid","messageId":"3EB02F6747C552B763D4BB","textPreview":"Thanks for your message! I'll get back to you shortly. 🙏"}
[2026-05-26T07:05:23.261Z] [INFO] [RIM-1] Inference request: Thanks for your message! I'll get back to you shortly. 🙏 [RUN_ID=rim-20260526-090340-2965497]
[2026-05-26T07:05:23.822Z] [EVENT] rim_inference_no_reply {"runId":"rim-20260526-090340-2965497","messageId":"3EB02F6747C552B763D4BB","reason":"unknown"}
[2026-05-26T07:05:23.822Z] [ERROR] [RIM-1] No reply sent: unknown
[2026-05-26T07:05:23.923Z] [EVENT] inbound_event {"upsertType":"append","fromMe":true,"remoteJid":"108289044049964@lid","participant":"","messageId":"3EB085AD32B4D8786701B9","timestampMs":1779779123000,"textPreview":"Thanks for your message! I'll get back to you shortly. 🙏","msgType":"extendedTextMessage,messageContextInfo"}
[2026-05-26T07:05:23.923Z] [INFO] 📩 INBOUND [append] remoteJid=108289044049964@lid fromMe=true participant= msgId=3EB085AD32B4D8786701B9 text=Thanks for your message! I'll get back to you shortly. 🙏
[2026-05-26T07:05:23.923Z] [EVENT] privacy_allowed_self_chat_lid {"messageId":"3EB085AD32B4D8786701B9","remoteJid":"108289044049964@lid","fromMe":true}
[2026-05-26T07:05:23.923Z] [EVENT] privacy_self_jid_match {"remoteJid":"108289044049964@lid","matchType":"lid"}
[2026-05-26T07:05:23.923Z] [EVENT] fromMe_self_chat_allowed {"messageId":"3EB085AD32B4D8786701B9","remoteJid":"108289044049964@lid","textPreview":"Thanks for your message! I'll get back to you shortly. 🙏"}
[2026-05-26T07:05:23.923Z] [EVENT] inbound_received {"from":"108289044049964@lid","textPreview":"Thanks for your message! I'll get back to you shortly. 🙏","messageId":"3EB085AD32B4D8786701B9"}
[2026-05-26T07:05:23.924Z] [EVENT] bridge_invoked {"remoteJid":"108289044049964@lid","messageId":"3EB085AD32B4D8786701B9","type":"append"}
[2026-05-26T07:05:23.924Z] [EVENT] rim_inference_requested {"runId":"rim-20260526-090340-2965497","from":"108289044049964@lid","messageId":"3EB085AD32B4D8786701B9","textPreview":"Thanks for your message! I'll get back to you shortly. 🙏"}
[2026-05-26T07:05:23.924Z] [INFO] [RIM-1] Inference request: Thanks for your message! I'll get back to you shortly. 🙏 [RUN_ID=rim-20260526-090340-2965497]
[2026-05-26T07:05:24.460Z] [EVENT] rim_inference_no_reply {"runId":"rim-20260526-090340-2965497","messageId":"3EB085AD32B4D8786701B9","reason":"unknown"}
[2026-05-26T07:05:24.460Z] [ERROR] [RIM-1] No reply sent: unknown
[2026-05-26T07:05:24.560Z] [EVENT] inbound_event {"upsertType":"append","fromMe":true,"remoteJid":"108289044049964@lid","participant":"","messageId":"3EB02B92FD94ED014C55BA","timestampMs":1779779124000,"textPreview":"Thanks for your message! I'll get back to you shortly. 🙏","msgType":"extendedTextMessage,messageContextInfo"}
[2026-05-26T07:05:24.561Z] [INFO] 📩 INBOUND [append] remoteJid=108289044049964@lid fromMe=true participant= msgId=3EB02B92FD94ED014C55BA text=Thanks for your message! I'll get back to you shortly. 🙏
[2026-05-26T07:05:24.561Z] [EVENT] privacy_allowed_self_chat_lid {"messageId":"3EB02B92FD94ED014C55BA","remoteJid":"108289044049964@lid","fromMe":true}
[2026-05-26T07:05:24.561Z] [EVENT] privacy_self_jid_match {"remoteJid":"108289044049964@lid","matchType":"lid"}
[2026-05-26T07:05:24.561Z] [EVENT] fromMe_self_chat_allowed {"messageId":"3EB02B92FD94ED014C55BA","remoteJid":"108289044049964@lid","textPreview":"Thanks for your message! I'll get back to you shortly. 🙏"}
[2026-05-26T07:05:24.561Z] [EVENT] inbound_received {"from":"108289044049964@lid","textPreview":"Thanks for your message! I'll get back to you shortly. 🙏","messageId":"3EB02B92FD94ED014C55BA"}
[2026-05-26T07:05:24.562Z] [EVENT] bridge_invoked {"remoteJid":"108289044049964@lid","messageId":"3EB02B92FD94ED014C55BA","type":"append"}
[2026-05-26T07:05:24.562Z] [EVENT] rim_inference_requested {"runId":"rim-20260526-090340-2965497","from":"108289044049964@lid","messageId":"3EB02B92FD94ED014C55BA","textPreview":"Thanks for your message! I'll get back to you shortly. 🙏"}
[2026-05-26T07:05:24.562Z] [INFO] [RIM-1] Inference request: Thanks for your message! I'll get back to you shortly. 🙏 [RUN_ID=rim-20260526-090340-2965497]
[2026-05-26T07:05:25.092Z] [EVENT] rim_inference_no_reply {"runId":"rim-20260526-090340-2965497","messageId":"3EB02B92FD94ED014C55BA","reason":"unknown"}
[2026-05-26T07:05:25.092Z] [ERROR] [RIM-1] No reply sent: unknown
[2026-05-26T07:05:25.192Z] [EVENT] inbound_event {"upsertType":"append","fromMe":true,"remoteJid":"108289044049964@lid","participant":"","messageId":"3EB053778D25D54F765510","timestampMs":1779779125000,"textPreview":"Thanks for your message! I'll get back to you shortly. 🙏","msgType":"extendedTextMessage,messageContextInfo"}
[2026-05-26T07:05:25.193Z] [INFO] 📩 INBOUND [append] remoteJid=108289044049964@lid fromMe=true participant= msgId=3EB053778D25D54F765510 text=Thanks for your message! I'll get back to you shortly. 🙏
[2026-05-26T07:05:25.193Z] [EVENT] privacy_allowed_self_chat_lid {"messageId":"3EB053778D25D54F765510","remoteJid":"108289044049964@lid","fromMe":true}
[2026-05-26T07:05:25.193Z] [EVENT] privacy_self_jid_match {"remoteJid":"108289044049964@lid","matchType":"lid"}
[2026-05-26T07:05:25.193Z] [EVENT] fromMe_self_chat_allowed {"messageId":"3EB053778D25D54F765510","remoteJid":"108289044049964@lid","textPreview":"Thanks for your message! I'll get back to you shortly. 🙏"}
[2026-05-26T07:05:25.193Z] [EVENT] inbound_received {"from":"108289044049964@lid","textPreview":"Thanks for your message! I'll get back to you shortly. 🙏","messageId":"3EB053778D25D54F765510"}
[2026-05-26T07:05:25.194Z] [EVENT] bridge_invoked {"remoteJid":"108289044049964@lid","messageId":"3EB053778D25D54F765510","type":"append"}
[2026-05-26T07:05:25.194Z] [EVENT] rim_inference_requested {"runId":"rim-20260526-090340-2965497","from":"108289044049964@lid","messageId":"3EB053778D25D54F765510","textPreview":"Thanks for your message! I'll get back to you shortly. 🙏"}
[2026-05-26T07:05:25.194Z] [INFO] [RIM-1] Inference request: Thanks for your message! I'll get back to you shortly. 🙏 [RUN_ID=rim-20260526-090340-2965497]
[2026-05-26T07:05:25.766Z] [EVENT] rim_inference_no_reply {"runId":"rim-20260526-090340-2965497","messageId":"3EB053778D25D54F765510","reason":"unknown"}
[2026-05-26T07:05:25.766Z] [ERROR] [RIM-1] No reply sent: unknown
[2026-05-26T07:05:25.867Z] [EVENT] inbound_event {"upsertType":"append","fromMe":true,"remoteJid":"108289044049964@lid","participant":"","messageId":"3EB05FB9A66E1D5396814E","timestampMs":1779779125000,"textPreview":"Thanks for your message! I'll get back to you shortly. 🙏","msgType":"extendedTextMessage,messageContextInfo"}
[2026-05-26T07:05:25.867Z] [INFO] 📩 INBOUND [append] remoteJid=108289044049964@lid fromMe=true participant= msgId=3EB05FB9A66E1D5396814E text=Thanks for your message! I'll get back to you shortly. 🙏
[2026-05-26T07:05:25.867Z] [EVENT] privacy_allowed_self_chat_lid {"messageId":"3EB05FB9A66E1D5396814E","remoteJid":"108289044049964@lid","fromMe":true}
[2026-05-26T07:05:25.867Z] [EVENT] privacy_self_jid_match {"remoteJid":"108289044049964@lid","matchType":"lid"}
[2026-05-26T07:05:25.868Z] [EVENT] fromMe_self_chat_allowed {"messageId":"3EB05FB9A66E1D5396814E","remoteJid":"108289044049964@lid","textPreview":"Thanks for your message! I'll get back to you shortly. 🙏"}
[2026-05-26T07:05:25.868Z] [EVENT] inbound_received {"from":"108289044049964@lid","textPreview":"Thanks for your message! I'll get back to you shortly. 🙏","messageId":"3EB05FB9A66E1D5396814E"}
[2026-05-26T07:05:25.868Z] [EVENT] bridge_invoked {"remoteJid":"108289044049964@lid","messageId":"3EB05FB9A66E1D5396814E","type":"append"}
[2026-05-26T07:05:25.868Z] [EVENT] rim_inference_requested {"runId":"rim-20260526-090340-2965497","from":"108289044049964@lid","messageId":"3EB05FB9A66E1D5396814E","textPreview":"Thanks for your message! I'll get back to you shortly. 🙏"}
[2026-05-26T07:05:25.868Z] [INFO] [RIM-1] Inference request: Thanks for your message! I'll get back to you shortly. 🙏 [RUN_ID=rim-20260526-090340-2965497]
[2026-05-26T07:05:26.391Z] [EVENT] rim_inference_no_reply {"runId":"rim-20260526-090340-2965497","messageId":"3EB05FB9A66E1D5396814E","reason":"unknown"}
[2026-05-26T07:05:26.391Z] [ERROR] [RIM-1] No reply sent: unknown
[2026-05-26T07:05:26.493Z] [EVENT] inbound_event {"upsertType":"append","fromMe":true,"remoteJid":"108289044049964@lid","participant":"","messageId":"3EB0B6F896E3B6D49CE236","timestampMs":1779779126000,"textPreview":"Thanks for your message! I'll get back to you shortly. 🙏","msgType":"extendedTextMessage,messageContextInfo"}
[2026-05-26T07:05:26.493Z] [INFO] 📩 INBOUND [append] remoteJid=108289044049964@lid fromMe=true participant= msgId=3EB0B6F896E3B6D49CE236 text=Thanks for your message! I'll get back to you shortly. 🙏
[2026-05-26T07:05:26.493Z] [EVENT] privacy_allowed_self_chat_lid {"messageId":"3EB0B6F896E3B6D49CE236","remoteJid":"108289044049964@lid","fromMe":true}
[2026-05-26T07:05:26.493Z] [EVENT] privacy_self_jid_match {"remoteJid":"108289044049964@lid","matchType":"lid"}
[2026-05-26T07:05:26.493Z] [EVENT] fromMe_self_chat_allowed {"messageId":"3EB0B6F896E3B6D49CE236","remoteJid":"108289044049964@lid","textPreview":"Thanks for your message! I'll get back to you shortly. 🙏"}
[2026-05-26T07:05:26.493Z] [EVENT] inbound_received {"from":"108289044049964@lid","textPreview":"Thanks for your message! I'll get back to you shortly. 🙏","messageId":"3EB0B6F896E3B6D49CE236"}
[2026-05-26T07:05:26.494Z] [EVENT] bridge_invoked {"remoteJid":"108289044049964@lid","messageId":"3EB0B6F896E3B6D49CE236","type":"append"}
[2026-05-26T07:05:26.494Z] [EVENT] rim_inference_requested {"runId":"rim-20260526-090340-2965497","from":"108289044049964@lid","messageId":"3EB0B6F896E3B6D49CE236","textPreview":"Thanks for your message! I'll get back to you shortly. 🙏"}
[2026-05-26T07:05:26.494Z] [INFO] [RIM-1] Inference request: Thanks for your message! I'll get back to you shortly. 🙏 [RUN_ID=rim-20260526-090340-2965497]
[2026-05-26T07:05:27.066Z] [EVENT] rim_inference_no_reply {"runId":"rim-20260526-090340-2965497","messageId":"3EB0B6F896E3B6D49CE236","reason":"unknown"}
[2026-05-26T07:05:27.066Z] [ERROR] [RIM-1] No reply sent: unknown
[2026-05-26T07:05:27.167Z] [EVENT] inbound_event {"upsertType":"append","fromMe":true,"remoteJid":"108289044049964@lid","participant":"","messageId":"3EB01B0FBA5ABF6416D1D2","timestampMs":1779779127000,"textPreview":"Thanks for your message! I'll get back to you shortly. 🙏","msgType":"extendedTextMessage,messageContextInfo"}
[2026-05-26T07:05:27.167Z] [INFO] 📩 INBOUND [append] remoteJid=108289044049964@lid fromMe=true participant= msgId=3EB01B0FBA5ABF6416D1D2 text=Thanks for your message! I'll get back to you shortly. 🙏
[2026-05-26T07:05:27.167Z] [EVENT] privacy_allowed_self_chat_lid {"messageId":"3EB01B0FBA5ABF6416D1D2","remoteJid":"108289044049964@lid","fromMe":true}
[2026-05-26T07:05:27.167Z] [EVENT] privacy_self_jid_match {"remoteJid":"108289044049964@lid","matchType":"lid"}
[2026-05-26T07:05:27.167Z] [EVENT] fromMe_self_chat_allowed {"messageId":"3EB01B0FBA5ABF6416D1D2","remoteJid":"108289044049964@lid","textPreview":"Thanks for your message! I'll get back to you shortly. 🙏"}
[2026-05-26T07:05:27.167Z] [EVENT] inbound_received {"from":"108289044049964@lid","textPreview":"Thanks for your message! I'll get back to you shortly. 🙏","messageId":"3EB01B0FBA5ABF6416D1D2"}
[2026-05-26T07:05:27.168Z] [EVENT] bridge_invoked {"remoteJid":"108289044049964@lid","messageId":"3EB01B0FBA5ABF6416D1D2","type":"append"}
[2026-05-26T07:05:27.168Z] [EVENT] rim_inference_requested {"runId":"rim-20260526-090340-2965497","from":"108289044049964@lid","messageId":"3EB01B0FBA5ABF6416D1D2","textPreview":"Thanks for your message! I'll get back to you shortly. 🙏"}
[2026-05-26T07:05:27.168Z] [INFO] [RIM-1] Inference request: Thanks for your message! I'll get back to you shortly. 🙏 [RUN_ID=rim-20260526-090340-2965497]
[2026-05-26T07:05:27.725Z] [EVENT] rim_inference_no_reply {"runId":"rim-20260526-090340-2965497","messageId":"3EB01B0FBA5ABF6416D1D2","reason":"unknown"}
[2026-05-26T07:05:27.725Z] [ERROR] [RIM-1] No reply sent: unknown
[2026-05-26T07:05:27.826Z] [EVENT] inbound_event {"upsertType":"append","fromMe":true,"remoteJid":"108289044049964@lid","participant":"","messageId":"3EB00705E97B1146915413","timestampMs":1779779127000,"textPreview":"Thanks for your message! I'll get back to you shortly. 🙏","msgType":"extendedTextMessage,messageContextInfo"}
[2026-05-26T07:05:27.826Z] [INFO] 📩 INBOUND [append] remoteJid=108289044049964@lid fromMe=true participant= msgId=3EB00705E97B1146915413 text=Thanks for your message! I'll get back to you shortly. 🙏
[2026-05-26T07:05:27.826Z] [EVENT] privacy_allowed_self_chat_lid {"messageId":"3EB00705E97B1146915413","remoteJid":"108289044049964@lid","fromMe":true}
[2026-05-26T07:05:27.827Z] [EVENT] privacy_self_jid_match {"remoteJid":"108289044049964@lid","matchType":"lid"}
[2026-05-26T07:05:27.827Z] [EVENT] fromMe_self_chat_allowed {"messageId":"3EB00705E97B1146915413","remoteJid":"108289044049964@lid","textPreview":"Thanks for your message! I'll get back to you shortly. 🙏"}
[2026-05-26T07:05:27.827Z] [EVENT] inbound_received {"from":"108289044049964@lid","textPreview":"Thanks for your message! I'll get back to you shortly. 🙏","messageId":"3EB00705E97B1146915413"}
[2026-05-26T07:05:27.827Z] [EVENT] bridge_invoked {"remoteJid":"108289044049964@lid","messageId":"3EB00705E97B1146915413","type":"append"}
[2026-05-26T07:05:27.827Z] [EVENT] rim_inference_requested {"runId":"rim-20260526-090340-2965497","from":"108289044049964@lid","messageId":"3EB00705E97B1146915413","textPreview":"Thanks for your message! I'll get back to you shortly. 🙏"}
[2026-05-26T07:05:27.827Z] [INFO] [RIM-1] Inference request: Thanks for your message! I'll get back to you shortly. 🙏 [RUN_ID=rim-20260526-090340-2965497]
[2026-05-26T07:05:28.359Z] [EVENT] rim_inference_no_reply {"runId":"rim-20260526-090340-2965497","messageId":"3EB00705E97B1146915413","reason":"unknown"}
[2026-05-26T07:05:28.359Z] [ERROR] [RIM-1] No reply sent: unknown
[2026-05-26T07:05:28.460Z] [EVENT] inbound_event {"upsertType":"append","fromMe":true,"remoteJid":"108289044049964@lid","participant":"","messageId":"3EB0B99E024BE2F4192C0C","timestampMs":1779779128000,"textPreview":"Thanks for your message! I'll get back to you shortly. 🙏","msgType":"extendedTextMessage,messageContextInfo"}
[2026-05-26T07:05:28.460Z] [INFO] 📩 INBOUND [append] remoteJid=108289044049964@lid fromMe=true participant= msgId=3EB0B99E024BE2F4192C0C text=Thanks for your message! I'll get back to you shortly. 🙏
[2026-05-26T07:05:28.460Z] [EVENT] privacy_allowed_self_chat_lid {"messageId":"3EB0B99E024BE2F4192C0C","remoteJid":"108289044049964@lid","fromMe":true}
[2026-05-26T07:05:28.461Z] [EVENT] privacy_self_jid_match {"remoteJid":"108289044049964@lid","matchType":"lid"}
[2026-05-26T07:05:28.461Z] [EVENT] fromMe_self_chat_allowed {"messageId":"3EB0B99E024BE2F4192C0C","remoteJid":"108289044049964@lid","textPreview":"Thanks for your message! I'll get back to you shortly. 🙏"}
[2026-05-26T07:05:28.461Z] [EVENT] inbound_received {"from":"108289044049964@lid","textPreview":"Thanks for your message! I'll get back to you shortly. 🙏","messageId":"3EB0B99E024BE2F4192C0C"}
[2026-05-26T07:05:28.461Z] [EVENT] bridge_invoked {"remoteJid":"108289044049964@lid","messageId":"3EB0B99E024BE2F4192C0C","type":"append"}
[2026-05-26T07:05:28.461Z] [EVENT] rim_inference_requested {"runId":"rim-20260526-090340-2965497","from":"108289044049964@lid","messageId":"3EB0B99E024BE2F4192C0C","textPreview":"Thanks for your message! I'll get back to you shortly. 🙏"}
[2026-05-26T07:05:28.462Z] [INFO] [RIM-1] Inference request: Thanks for your message! I'll get back to you shortly. 🙏 [RUN_ID=rim-20260526-090340-2965497]
[2026-05-26T07:05:29.042Z] [EVENT] rim_inference_no_reply {"runId":"rim-20260526-090340-2965497","messageId":"3EB0B99E024BE2F4192C0C","reason":"unknown"}
[2026-05-26T07:05:29.043Z] [ERROR] [RIM-1] No reply sent: unknown
[2026-05-26T07:05:29.144Z] [EVENT] inbound_event {"upsertType":"append","fromMe":true,"remoteJid":"108289044049964@lid","participant":"","messageId":"3EB0E38C3723962F6C2FDB","timestampMs":1779779129000,"textPreview":"Thanks for your message! I'll get back to you shortly. 🙏","msgType":"extendedTextMessage,messageContextInfo"}
[2026-05-26T07:05:29.144Z] [INFO] 📩 INBOUND [append] remoteJid=108289044049964@lid fromMe=true participant= msgId=3EB0E38C3723962F6C2FDB text=Thanks for your message! I'll get back to you shortly. 🙏
[2026-05-26T07:05:29.144Z] [EVENT] privacy_allowed_self_chat_lid {"messageId":"3EB0E38C3723962F6C2FDB","remoteJid":"108289044049964@lid","fromMe":true}
[2026-05-26T07:05:29.144Z] [EVENT] privacy_self_jid_match {"remoteJid":"108289044049964@lid","matchType":"lid"}
[2026-05-26T07:05:29.145Z] [EVENT] fromMe_self_chat_allowed {"messageId":"3EB0E38C3723962F6C2FDB","remoteJid":"108289044049964@lid","textPreview":"Thanks for your message! I'll get back to you shortly. 🙏"}
[2026-05-26T07:05:29.145Z] [EVENT] inbound_received {"from":"108289044049964@lid","textPreview":"Thanks for your message! I'll get back to you shortly. 🙏","messageId":"3EB0E38C3723962F6C2FDB"}
[2026-05-26T07:05:29.145Z] [EVENT] bridge_invoked {"remoteJid":"108289044049964@lid","messageId":"3EB0E38C3723962F6C2FDB","type":"append"}
[2026-05-26T07:05:29.145Z] [EVENT] rim_inference_requested {"runId":"rim-20260526-090340-2965497","from":"108289044049964@lid","messageId":"3EB0E38C3723962F6C2FDB","textPreview":"Thanks for your message! I'll get back to you shortly. 🙏"}
[2026-05-26T07:05:29.145Z] [INFO] [RIM-1] Inference request: Thanks for your message! I'll get back to you shortly. 🙏 [RUN_ID=rim-20260526-090340-2965497]
[2026-05-26T07:05:29.675Z] [EVENT] rim_inference_no_reply {"runId":"rim-20260526-090340-2965497","messageId":"3EB0E38C3723962F6C2FDB","reason":"unknown"}
[2026-05-26T07:05:29.675Z] [ERROR] [RIM-1] No reply sent: unknown
[2026-05-26T07:05:29.776Z] [EVENT] inbound_event {"upsertType":"append","fromMe":true,"remoteJid":"108289044049964@lid","participant":"","messageId":"3EB05967172017C42A1FF6","timestampMs":1779779129000,"textPreview":"Thanks for your message! I'll get back to you shortly. 🙏","msgType":"extendedTextMessage,messageContextInfo"}
[2026-05-26T07:05:29.776Z] [INFO] 📩 INBOUND [append] remoteJid=108289044049964@lid fromMe=true participant= msgId=3EB05967172017C42A1FF6 text=Thanks for your message! I'll get back to you shortly. 🙏
[2026-05-26T07:05:29.776Z] [EVENT] privacy_allowed_self_chat_lid {"messageId":"3EB05967172017C42A1FF6","remoteJid":"108289044049964@lid","fromMe":true}
[2026-05-26T07:05:29.776Z] [EVENT] privacy_self_jid_match {"remoteJid":"108289044049964@lid","matchType":"lid"}
[2026-05-26T07:05:29.776Z] [EVENT] fromMe_self_chat_allowed {"messageId":"3EB05967172017C42A1FF6","remoteJid":"108289044049964@lid","textPreview":"Thanks for your message! I'll get back to you shortly. 🙏"}
[2026-05-26T07:05:29.777Z] [EVENT] inbound_received {"from":"108289044049964@lid","textPreview":"Thanks for your message! I'll get back to you shortly. 🙏","messageId":"3EB05967172017C42A1FF6"}
[2026-05-26T07:05:29.777Z] [EVENT] bridge_invoked {"remoteJid":"108289044049964@lid","messageId":"3EB05967172017C42A1FF6","type":"append"}
[2026-05-26T07:05:29.777Z] [EVENT] rim_inference_requested {"runId":"rim-20260526-090340-2965497","from":"108289044049964@lid","messageId":"3EB05967172017C42A1FF6","textPreview":"Thanks for your message! I'll get back to you shortly. 🙏"}
[2026-05-26T07:05:29.777Z] [INFO] [RIM-1] Inference request: Thanks for your message! I'll get back to you shortly. 🙏 [RUN_ID=rim-20260526-090340-2965497]
[2026-05-26T07:05:30.305Z] [EVENT] rim_inference_no_reply {"runId":"rim-20260526-090340-2965497","messageId":"3EB05967172017C42A1FF6","reason":"unknown"}
[2026-05-26T07:05:30.305Z] [ERROR] [RIM-1] No reply sent: unknown
[2026-05-26T07:05:30.406Z] [EVENT] inbound_event {"upsertType":"append","fromMe":true,"remoteJid":"108289044049964@lid","participant":"","messageId":"3EB090D59D2CC94CFDCD98","timestampMs":1779779130000,"textPreview":"Thanks for your message! I'll get back to you shortly. 🙏","msgType":"extendedTextMessage,messageContextInfo"}
[2026-05-26T07:05:30.406Z] [INFO] 📩 INBOUND [append] remoteJid=108289044049964@lid fromMe=true participant= msgId=3EB090D59D2CC94CFDCD98 text=Thanks for your message! I'll get back to you shortly. 🙏
[2026-05-26T07:05:30.406Z] [EVENT] privacy_allowed_self_chat_lid {"messageId":"3EB090D59D2CC94CFDCD98","remoteJid":"108289044049964@lid","fromMe":true}
[2026-05-26T07:05:30.406Z] [EVENT] privacy_self_jid_match {"remoteJid":"108289044049964@lid","matchType":"lid"}
[2026-05-26T07:05:30.407Z] [EVENT] fromMe_self_chat_allowed {"messageId":"3EB090D59D2CC94CFDCD98","remoteJid":"108289044049964@lid","textPreview":"Thanks for your message! I'll get back to you shortly. 🙏"}
[2026-05-26T07:05:30.407Z] [EVENT] inbound_received {"from":"108289044049964@lid","textPreview":"Thanks for your message! I'll get back to you shortly. 🙏","messageId":"3EB090D59D2CC94CFDCD98"}
[2026-05-26T07:05:30.407Z] [EVENT] bridge_invoked {"remoteJid":"108289044049964@lid","messageId":"3EB090D59D2CC94CFDCD98","type":"append"}
[2026-05-26T07:05:30.408Z] [EVENT] rim_inference_requested {"runId":"rim-20260526-090340-2965497","from":"108289044049964@lid","messageId":"3EB090D59D2CC94CFDCD98","textPreview":"Thanks for your message! I'll get back to you shortly. 🙏"}
[2026-05-26T07:05:30.408Z] [INFO] [RIM-1] Inference request: Thanks for your message! I'll get back to you shortly. 🙏 [RUN_ID=rim-20260526-090340-2965497]
[2026-05-26T07:05:30.987Z] [EVENT] rim_inference_no_reply {"runId":"rim-20260526-090340-2965497","messageId":"3EB090D59D2CC94CFDCD98","reason":"unknown"}
[2026-05-26T07:05:30.987Z] [ERROR] [RIM-1] No reply sent: unknown
[2026-05-26T07:05:31.089Z] [EVENT] inbound_event {"upsertType":"append","fromMe":true,"remoteJid":"108289044049964@lid","participant":"","messageId":"3EB0FE8C8966FBD370826D","timestampMs":1779779130000,"textPreview":"Thanks for your message! I'll get back to you shortly. 🙏","msgType":"extendedTextMessage,messageContextInfo"}
[2026-05-26T07:05:31.089Z] [INFO] 📩 INBOUND [append] remoteJid=108289044049964@lid fromMe=true participant= msgId=3EB0FE8C8966FBD370826D text=Thanks for your message! I'll get back to you shortly. 🙏
[2026-05-26T07:05:31.089Z] [EVENT] privacy_allowed_self_chat_lid {"messageId":"3EB0FE8C8966FBD370826D","remoteJid":"108289044049964@lid","fromMe":true}
[2026-05-26T07:05:31.089Z] [EVENT] privacy_self_jid_match {"remoteJid":"108289044049964@lid","matchType":"lid"}
[2026-05-26T07:05:31.089Z] [EVENT] fromMe_self_chat_allowed {"messageId":"3EB0FE8C8966FBD370826D","remoteJid":"108289044049964@lid","textPreview":"Thanks for your message! I'll get back to you shortly. 🙏"}
[2026-05-26T07:05:31.089Z] [EVENT] inbound_received {"from":"108289044049964@lid","textPreview":"Thanks for your message! I'll get back to you shortly. 🙏","messageId":"3EB0FE8C8966FBD370826D"}
[2026-05-26T07:05:31.090Z] [EVENT] bridge_invoked {"remoteJid":"108289044049964@lid","messageId":"3EB0FE8C8966FBD370826D","type":"append"}
[2026-05-26T07:05:31.090Z] [EVENT] rim_inference_requested {"runId":"rim-20260526-090340-2965497","from":"108289044049964@lid","messageId":"3EB0FE8C8966FBD370826D","textPreview":"Thanks for your message! I'll get back to you shortly. 🙏"}
[2026-05-26T07:05:31.090Z] [INFO] [RIM-1] Inference request: Thanks for your message! I'll get back to you shortly. 🙏 [RUN_ID=rim-20260526-090340-2965497]
[2026-05-26T07:05:31.659Z] [EVENT] rim_inference_no_reply {"runId":"rim-20260526-090340-2965497","messageId":"3EB0FE8C8966FBD370826D","reason":"unknown"}
[2026-05-26T07:05:31.659Z] [ERROR] [RIM-1] No reply sent: unknown
[2026-05-26T07:05:31.760Z] [EVENT] inbound_event {"upsertType":"append","fromMe":true,"remoteJid":"108289044049964@lid","participant":"","messageId":"3EB05B524C598EA50F1B47","timestampMs":1779779131000,"textPreview":"Thanks for your message! I'll get back to you shortly. 🙏","msgType":"extendedTextMessage,messageContextInfo"}
[2026-05-26T07:05:31.760Z] [INFO] 📩 INBOUND [append] remoteJid=108289044049964@lid fromMe=true participant= msgId=3EB05B524C598EA50F1B47 text=Thanks for your message! I'll get back to you shortly. 🙏
[2026-05-26T07:05:31.760Z] [EVENT] privacy_allowed_self_chat_lid {"messageId":"3EB05B524C598EA50F1B47","remoteJid":"108289044049964@lid","fromMe":true}
[2026-05-26T07:05:31.760Z] [EVENT] privacy_self_jid_match {"remoteJid":"108289044049964@lid","matchType":"lid"}
[2026-05-26T07:05:31.760Z] [EVENT] fromMe_self_chat_allowed {"messageId":"3EB05B524C598EA50F1B47","remoteJid":"108289044049964@lid","textPreview":"Thanks for your message! I'll get back to you shortly. 🙏"}
[2026-05-26T07:05:31.760Z] [EVENT] inbound_received {"from":"108289044049964@lid","textPreview":"Thanks for your message! I'll get back to you shortly. 🙏","messageId":"3EB05B524C598EA50F1B47"}
[2026-05-26T07:05:31.761Z] [EVENT] bridge_invoked {"remoteJid":"108289044049964@lid","messageId":"3EB05B524C598EA50F1B47","type":"append"}
[2026-05-26T07:05:31.761Z] [EVENT] rim_inference_requested {"runId":"rim-20260526-090340-2965497","from":"108289044049964@lid","messageId":"3EB05B524C598EA50F1B47","textPreview":"Thanks for your message! I'll get back to you shortly. 🙏"}
[2026-05-26T07:05:31.761Z] [INFO] [RIM-1] Inference request: Thanks for your message! I'll get back to you shortly. 🙏 [RUN_ID=rim-20260526-090340-2965497]
[2026-05-26T07:05:32.343Z] [EVENT] rim_inference_no_reply {"runId":"rim-20260526-090340-2965497","messageId":"3EB05B524C598EA50F1B47","reason":"unknown"}
[2026-05-26T07:05:32.343Z] [ERROR] [RIM-1] No reply sent: unknown
[2026-05-26T07:05:32.444Z] [EVENT] inbound_event {"upsertType":"append","fromMe":true,"remoteJid":"108289044049964@lid","participant":"","messageId":"3EB031DB8EFF811E5B73BB","timestampMs":1779779132000,"textPreview":"Thanks for your message! I'll get back to you shortly. 🙏","msgType":"extendedTextMessage,messageContextInfo"}
[2026-05-26T07:05:32.444Z] [INFO] 📩 INBOUND [append] remoteJid=108289044049964@lid fromMe=true participant= msgId=3EB031DB8EFF811E5B73BB text=Thanks for your message! I'll get back to you shortly. 🙏
[2026-05-26T07:05:32.444Z] [EVENT] privacy_allowed_self_chat_lid {"messageId":"3EB031DB8EFF811E5B73BB","remoteJid":"108289044049964@lid","fromMe":true}
[2026-05-26T07:05:32.444Z] [EVENT] privacy_self_jid_match {"remoteJid":"108289044049964@lid","matchType":"lid"}
[2026-05-26T07:05:32.444Z] [EVENT] fromMe_self_chat_allowed {"messageId":"3EB031DB8EFF811E5B73BB","remoteJid":"108289044049964@lid","textPreview":"Thanks for your message! I'll get back to you shortly. 🙏"}
[2026-05-26T07:05:32.445Z] [EVENT] inbound_received {"from":"108289044049964@lid","textPreview":"Thanks for your message! I'll get back to you shortly. 🙏","messageId":"3EB031DB8EFF811E5B73BB"}
[2026-05-26T07:05:32.445Z] [EVENT] bridge_invoked {"remoteJid":"108289044049964@lid","messageId":"3EB031DB8EFF811E5B73BB","type":"append"}
[2026-05-26T07:05:32.445Z] [EVENT] rim_inference_requested {"runId":"rim-20260526-090340-2965497","from":"108289044049964@lid","messageId":"3EB031DB8EFF811E5B73BB","textPreview":"Thanks for your message! I'll get back to you shortly. 🙏"}
[2026-05-26T07:05:32.445Z] [INFO] [RIM-1] Inference request: Thanks for your message! I'll get back to you shortly. 🙏 [RUN_ID=rim-20260526-090340-2965497]
[2026-05-26T07:05:32.980Z] [EVENT] rim_inference_no_reply {"runId":"rim-20260526-090340-2965497","messageId":"3EB031DB8EFF811E5B73BB","reason":"unknown"}
[2026-05-26T07:05:32.980Z] [ERROR] [RIM-1] No reply sent: unknown
[2026-05-26T07:05:33.081Z] [EVENT] inbound_event {"upsertType":"append","fromMe":true,"remoteJid":"108289044049964@lid","participant":"","messageId":"3EB07C72385710E8383DE3","timestampMs":1779779132000,"textPreview":"Thanks for your message! I'll get back to you shortly. 🙏","msgType":"extendedTextMessage,messageContextInfo"}
[2026-05-26T07:05:33.081Z] [INFO] 📩 INBOUND [append] remoteJid=108289044049964@lid fromMe=true participant= msgId=3EB07C72385710E8383DE3 text=Thanks for your message! I'll get back to you shortly. 🙏
[2026-05-26T07:05:33.081Z] [EVENT] privacy_allowed_self_chat_lid {"messageId":"3EB07C72385710E8383DE3","remoteJid":"108289044049964@lid","fromMe":true}
[2026-05-26T07:05:33.081Z] [EVENT] privacy_self_jid_match {"remoteJid":"108289044049964@lid","matchType":"lid"}
[2026-05-26T07:05:33.081Z] [EVENT] fromMe_self_chat_allowed {"messageId":"3EB07C72385710E8383DE3","remoteJid":"108289044049964@lid","textPreview":"Thanks for your message! I'll get back to you shortly. 🙏"}
[2026-05-26T07:05:33.081Z] [EVENT] inbound_received {"from":"108289044049964@lid","textPreview":"Thanks for your message! I'll get back to you shortly. 🙏","messageId":"3EB07C72385710E8383DE3"}
[2026-05-26T07:05:33.082Z] [EVENT] bridge_invoked {"remoteJid":"108289044049964@lid","messageId":"3EB07C72385710E8383DE3","type":"append"}
[2026-05-26T07:05:33.082Z] [EVENT] rim_inference_requested {"runId":"rim-20260526-090340-2965497","from":"108289044049964@lid","messageId":"3EB07C72385710E8383DE3","textPreview":"Thanks for your message! I'll get back to you shortly. 🙏"}
[2026-05-26T07:05:33.082Z] [INFO] [RIM-1] Inference request: Thanks for your message! I'll get back to you shortly. 🙏 [RUN_ID=rim-20260526-090340-2965497]
[2026-05-26T07:05:33.613Z] [EVENT] rim_inference_no_reply {"runId":"rim-20260526-090340-2965497","messageId":"3EB07C72385710E8383DE3","reason":"unknown"}
[2026-05-26T07:05:33.613Z] [ERROR] [RIM-1] No reply sent: unknown
[2026-05-26T07:05:33.714Z] [EVENT] inbound_event {"upsertType":"append","fromMe":true,"remoteJid":"108289044049964@lid","participant":"","messageId":"3EB0A7069057A803839A68","timestampMs":1779779133000,"textPreview":"Thanks for your message! I'll get back to you shortly. 🙏","msgType":"extendedTextMessage,messageContextInfo"}
[2026-05-26T07:05:33.714Z] [INFO] 📩 INBOUND [append] remoteJid=108289044049964@lid fromMe=true participant= msgId=3EB0A7069057A803839A68 text=Thanks for your message! I'll get back to you shortly. 🙏
[2026-05-26T07:05:33.715Z] [EVENT] privacy_allowed_self_chat_lid {"messageId":"3EB0A7069057A803839A68","remoteJid":"108289044049964@lid","fromMe":true}
[2026-05-26T07:05:33.715Z] [EVENT] privacy_self_jid_match {"remoteJid":"108289044049964@lid","matchType":"lid"}
[2026-05-26T07:05:33.715Z] [EVENT] fromMe_self_chat_allowed {"messageId":"3EB0A7069057A803839A68","remoteJid":"108289044049964@lid","textPreview":"Thanks for your message! I'll get back to you shortly. 🙏"}
[2026-05-26T07:05:33.715Z] [EVENT] inbound_received {"from":"108289044049964@lid","textPreview":"Thanks for your message! I'll get back to you shortly. 🙏","messageId":"3EB0A7069057A803839A68"}
[2026-05-26T07:05:33.716Z] [EVENT] bridge_invoked {"remoteJid":"108289044049964@lid","messageId":"3EB0A7069057A803839A68","type":"append"}
[2026-05-26T07:05:33.716Z] [EVENT] rim_inference_requested {"runId":"rim-20260526-090340-2965497","from":"108289044049964@lid","messageId":"3EB0A7069057A803839A68","textPreview":"Thanks for your message! I'll get back to you shortly. 🙏"}
[2026-05-26T07:05:33.716Z] [INFO] [RIM-1] Inference request: Thanks for your message! I'll get back to you shortly. 🙏 [RUN_ID=rim-20260526-090340-2965497]
[2026-05-26T07:05:34.293Z] [EVENT] rim_inference_no_reply {"runId":"rim-20260526-090340-2965497","messageId":"3EB0A7069057A803839A68","reason":"unknown"}
[2026-05-26T07:05:34.293Z] [ERROR] [RIM-1] No reply sent: unknown
[2026-05-26T07:05:34.299Z] [EVENT] inbound_event {"upsertType":"append","fromMe":true,"remoteJid":"108289044049964@lid","participant":"","messageId":"3EB0C896099CF39CD116C3","timestampMs":1779779134000,"textPreview":"Thanks for your message! I'll get back to you shortly. 🙏","msgType":"extendedTextMessage,messageContextInfo"}
[2026-05-26T07:05:34.299Z] [INFO] 📩 INBOUND [append] remoteJid=108289044049964@lid fromMe=true participant= msgId=3EB0C896099CF39CD116C3 text=Thanks for your message! I'll get back to you shortly. 🙏
[2026-05-26T07:05:34.299Z] [EVENT] privacy_allowed_self_chat_lid {"messageId":"3EB0C896099CF39CD116C3","remoteJid":"108289044049964@lid","fromMe":true}
[2026-05-26T07:05:34.299Z] [EVENT] privacy_self_jid_match {"remoteJid":"108289044049964@lid","matchType":"lid"}
[2026-05-26T07:05:34.299Z] [EVENT] fromMe_self_chat_allowed {"messageId":"3EB0C896099CF39CD116C3","remoteJid":"108289044049964@lid","textPreview":"Thanks for your message! I'll get back to you shortly. 🙏"}
[2026-05-26T07:05:34.299Z] [EVENT] inbound_received {"from":"108289044049964@lid","textPreview":"Thanks for your message! I'll get back to you shortly. 🙏","messageId":"3EB0C896099CF39CD116C3"}
[2026-05-26T07:05:34.300Z] [EVENT] bridge_invoked {"remoteJid":"108289044049964@lid","messageId":"3EB0C896099CF39CD116C3","type":"append"}
[2026-05-26T07:05:34.300Z] [EVENT] rim_inference_requested {"runId":"rim-20260526-090340-2965497","from":"108289044049964@lid","messageId":"3EB0C896099CF39CD116C3","textPreview":"Thanks for your message! I'll get back to you shortly. 🙏"}
[2026-05-26T07:05:34.300Z] [INFO] [RIM-1] Inference request: Thanks for your message! I'll get back to you shortly. 🙏 [RUN_ID=rim-20260526-090340-2965497]
[2026-05-26T07:05:34.879Z] [EVENT] rim_inference_no_reply {"runId":"rim-20260526-090340-2965497","messageId":"3EB0C896099CF39CD116C3","reason":"unknown"}
[2026-05-26T07:05:34.879Z] [ERROR] [RIM-1] No reply sent: unknown
[2026-05-26T07:05:34.980Z] [EVENT] inbound_event {"upsertType":"append","fromMe":true,"remoteJid":"108289044049964@lid","participant":"","messageId":"3EB0605EC55325C2CCBA33","timestampMs":1779779134000,"textPreview":"Thanks for your message! I'll get back to you shortly. 🙏","msgType":"extendedTextMessage,messageContextInfo"}
[2026-05-26T07:05:34.980Z] [INFO] 📩 INBOUND [append] remoteJid=108289044049964@lid fromMe=true participant= msgId=3EB0605EC55325C2CCBA33 text=Thanks for your message! I'll get back to you shortly. 🙏
[2026-05-26T07:05:34.980Z] [EVENT] privacy_allowed_self_chat_lid {"messageId":"3EB0605EC55325C2CCBA33","remoteJid":"108289044049964@lid","fromMe":true}
[2026-05-26T07:05:34.980Z] [EVENT] privacy_self_jid_match {"remoteJid":"108289044049964@lid","matchType":"lid"}
[2026-05-26T07:05:34.981Z] [EVENT] fromMe_self_chat_allowed {"messageId":"3EB0605EC55325C2CCBA33","remoteJid":"108289044049964@lid","textPreview":"Thanks for your message! I'll get back to you shortly. 🙏"}
[2026-05-26T07:05:34.981Z] [EVENT] inbound_received {"from":"108289044049964@lid","textPreview":"Thanks for your message! I'll get back to you shortly. 🙏","messageId":"3EB0605EC55325C2CCBA33"}
[2026-05-26T07:05:34.981Z] [EVENT] bridge_invoked {"remoteJid":"108289044049964@lid","messageId":"3EB0605EC55325C2CCBA33","type":"append"}
[2026-05-26T07:05:34.981Z] [EVENT] rim_inference_requested {"runId":"rim-20260526-090340-2965497","from":"108289044049964@lid","messageId":"3EB0605EC55325C2CCBA33","textPreview":"Thanks for your message! I'll get back to you shortly. 🙏"}
[2026-05-26T07:05:34.981Z] [INFO] [RIM-1] Inference request: Thanks for your message! I'll get back to you shortly. 🙏 [RUN_ID=rim-20260526-090340-2965497]
[2026-05-26T07:05:35.550Z] [EVENT] rim_inference_no_reply {"runId":"rim-20260526-090340-2965497","messageId":"3EB0605EC55325C2CCBA33","reason":"unknown"}
[2026-05-26T07:05:35.550Z] [ERROR] [RIM-1] No reply sent: unknown
[2026-05-26T07:05:35.650Z] [EVENT] inbound_event {"upsertType":"append","fromMe":true,"remoteJid":"108289044049964@lid","participant":"","messageId":"3EB0F1CE99CC62FB568D58","timestampMs":1779779135000,"textPreview":"Thanks for your message! I'll get back to you shortly. 🙏","msgType":"extendedTextMessage,messageContextInfo"}
[2026-05-26T07:05:35.651Z] [INFO] 📩 INBOUND [append] remoteJid=108289044049964@lid fromMe=true participant= msgId=3EB0F1CE99CC62FB568D58 text=Thanks for your message! I'll get back to you shortly. 🙏
[2026-05-26T07:05:35.651Z] [EVENT] privacy_allowed_self_chat_lid {"messageId":"3EB0F1CE99CC62FB568D58","remoteJid":"108289044049964@lid","fromMe":true}
[2026-05-26T07:05:35.651Z] [EVENT] privacy_self_jid_match {"remoteJid":"108289044049964@lid","matchType":"lid"}
[2026-05-26T07:05:35.651Z] [EVENT] fromMe_self_chat_allowed {"messageId":"3EB0F1CE99CC62FB568D58","remoteJid":"108289044049964@lid","textPreview":"Thanks for your message! I'll get back to you shortly. 🙏"}
[2026-05-26T07:05:35.651Z] [EVENT] inbound_received {"from":"108289044049964@lid","textPreview":"Thanks for your message! I'll get back to you shortly. 🙏","messageId":"3EB0F1CE99CC62FB568D58"}
[2026-05-26T07:05:35.652Z] [EVENT] bridge_invoked {"remoteJid":"108289044049964@lid","messageId":"3EB0F1CE99CC62FB568D58","type":"append"}
[2026-05-26T07:05:35.652Z] [EVENT] rim_inference_requested {"runId":"rim-20260526-090340-2965497","from":"108289044049964@lid","messageId":"3EB0F1CE99CC62FB568D58","textPreview":"Thanks for your message! I'll get back to you shortly. 🙏"}
[2026-05-26T07:05:35.652Z] [INFO] [RIM-1] Inference request: Thanks for your message! I'll get back to you shortly. 🙏 [RUN_ID=rim-20260526-090340-2965497]
[2026-05-26T07:05:36.222Z] [EVENT] rim_inference_no_reply {"runId":"rim-20260526-090340-2965497","messageId":"3EB0F1CE99CC62FB568D58","reason":"unknown"}
[2026-05-26T07:05:36.222Z] [ERROR] [RIM-1] No reply sent: unknown
[2026-05-26T07:05:36.322Z] [EVENT] inbound_event {"upsertType":"append","fromMe":true,"remoteJid":"108289044049964@lid","participant":"","messageId":"3EB0430FE042F9FFBB95E7","timestampMs":1779779136000,"textPreview":"Thanks for your message! I'll get back to you shortly. 🙏","msgType":"extendedTextMessage,messageContextInfo"}
[2026-05-26T07:05:36.322Z] [INFO] 📩 INBOUND [append] remoteJid=108289044049964@lid fromMe=true participant= msgId=3EB0430FE042F9FFBB95E7 text=Thanks for your message! I'll get back to you shortly. 🙏
[2026-05-26T07:05:36.322Z] [EVENT] privacy_allowed_self_chat_lid {"messageId":"3EB0430FE042F9FFBB95E7","remoteJid":"108289044049964@lid","fromMe":true}
[2026-05-26T07:05:36.322Z] [EVENT] privacy_self_jid_match {"remoteJid":"108289044049964@lid","matchType":"lid"}
[2026-05-26T07:05:36.323Z] [EVENT] fromMe_self_chat_allowed {"messageId":"3EB0430FE042F9FFBB95E7","remoteJid":"108289044049964@lid","textPreview":"Thanks for your message! I'll get back to you shortly. 🙏"}
[2026-05-26T07:05:36.323Z] [EVENT] inbound_received {"from":"108289044049964@lid","textPreview":"Thanks for your message! I'll get back to you shortly. 🙏","messageId":"3EB0430FE042F9FFBB95E7"}
[2026-05-26T07:05:36.323Z] [EVENT] bridge_invoked {"remoteJid":"108289044049964@lid","messageId":"3EB0430FE042F9FFBB95E7","type":"append"}
[2026-05-26T07:05:36.323Z] [EVENT] rim_inference_requested {"runId":"rim-20260526-090340-2965497","from":"108289044049964@lid","messageId":"3EB0430FE042F9FFBB95E7","textPreview":"Thanks for your message! I'll get back to you shortly. 🙏"}
[2026-05-26T07:05:36.323Z] [INFO] [RIM-1] Inference request: Thanks for your message! I'll get back to you shortly. 🙏 [RUN_ID=rim-20260526-090340-2965497]
[2026-05-26T07:05:36.888Z] [EVENT] rim_inference_no_reply {"runId":"rim-20260526-090340-2965497","messageId":"3EB0430FE042F9FFBB95E7","reason":"unknown"}
[2026-05-26T07:05:36.888Z] [ERROR] [RIM-1] No reply sent: unknown
[2026-05-26T07:05:36.988Z] [EVENT] inbound_event {"upsertType":"append","fromMe":true,"remoteJid":"108289044049964@lid","participant":"","messageId":"3EB00D80F2542750E8D841","timestampMs":1779779136000,"textPreview":"Thanks for your message! I'll get back to you shortly. 🙏","msgType":"extendedTextMessage,messageContextInfo"}
[2026-05-26T07:05:36.988Z] [INFO] 📩 INBOUND [append] remoteJid=108289044049964@lid fromMe=true participant= msgId=3EB00D80F2542750E8D841 text=Thanks for your message! I'll get back to you shortly. 🙏
[2026-05-26T07:05:36.989Z] [EVENT] privacy_allowed_self_chat_lid {"messageId":"3EB00D80F2542750E8D841","remoteJid":"108289044049964@lid","fromMe":true}
[2026-05-26T07:05:36.989Z] [EVENT] privacy_self_jid_match {"remoteJid":"108289044049964@lid","matchType":"lid"}
[2026-05-26T07:05:36.989Z] [EVENT] fromMe_self_chat_allowed {"messageId":"3EB00D80F2542750E8D841","remoteJid":"108289044049964@lid","textPreview":"Thanks for your message! I'll get back to you shortly. 🙏"}
[2026-05-26T07:05:36.989Z] [EVENT] inbound_received {"from":"108289044049964@lid","textPreview":"Thanks for your message! I'll get back to you shortly. 🙏","messageId":"3EB00D80F2542750E8D841"}
[2026-05-26T07:05:36.989Z] [EVENT] bridge_invoked {"remoteJid":"108289044049964@lid","messageId":"3EB00D80F2542750E8D841","type":"append"}
[2026-05-26T07:05:36.989Z] [EVENT] rim_inference_requested {"runId":"rim-20260526-090340-2965497","from":"108289044049964@lid","messageId":"3EB00D80F2542750E8D841","textPreview":"Thanks for your message! I'll get back to you shortly. 🙏"}
[2026-05-26T07:05:36.990Z] [INFO] [RIM-1] Inference request: Thanks for your message! I'll get back to you shortly. 🙏 [RUN_ID=rim-20260526-090340-2965497]
[2026-05-26T07:05:37.557Z] [EVENT] rim_inference_no_reply {"runId":"rim-20260526-090340-2965497","messageId":"3EB00D80F2542750E8D841","reason":"unknown"}
[2026-05-26T07:05:37.557Z] [ERROR] [RIM-1] No reply sent: unknown
[2026-05-26T07:05:37.657Z] [EVENT] inbound_event {"upsertType":"append","fromMe":true,"remoteJid":"108289044049964@lid","participant":"","messageId":"3EB059B1C7FCFB39F0ECBC","timestampMs":1779779137000,"textPreview":"Thanks for your message! I'll get back to you shortly. 🙏","msgType":"extendedTextMessage,messageContextInfo"}
[2026-05-26T07:05:37.657Z] [INFO] 📩 INBOUND [append] remoteJid=108289044049964@lid fromMe=true participant= msgId=3EB059B1C7FCFB39F0ECBC text=Thanks for your message! I'll get back to you shortly. 🙏
[2026-05-26T07:05:37.657Z] [EVENT] privacy_allowed_self_chat_lid {"messageId":"3EB059B1C7FCFB39F0ECBC","remoteJid":"108289044049964@lid","fromMe":true}
[2026-05-26T07:05:37.657Z] [EVENT] privacy_self_jid_match {"remoteJid":"108289044049964@lid","matchType":"lid"}
[2026-05-26T07:05:37.657Z] [EVENT] fromMe_self_chat_allowed {"messageId":"3EB059B1C7FCFB39F0ECBC","remoteJid":"108289044049964@lid","textPreview":"Thanks for your message! I'll get back to you shortly. 🙏"}
[2026-05-26T07:05:37.657Z] [EVENT] inbound_received {"from":"108289044049964@lid","textPreview":"Thanks for your message! I'll get back to you shortly. 🙏","messageId":"3EB059B1C7FCFB39F0ECBC"}
[2026-05-26T07:05:37.658Z] [EVENT] bridge_invoked {"remoteJid":"108289044049964@lid","messageId":"3EB059B1C7FCFB39F0ECBC","type":"append"}
[2026-05-26T07:05:37.658Z] [EVENT] rim_inference_requested {"runId":"rim-20260526-090340-2965497","from":"108289044049964@lid","messageId":"3EB059B1C7FCFB39F0ECBC","textPreview":"Thanks for your message! I'll get back to you shortly. 🙏"}
[2026-05-26T07:05:37.658Z] [INFO] [RIM-1] Inference request: Thanks for your message! I'll get back to you shortly. 🙏 [RUN_ID=rim-20260526-090340-2965497]
[2026-05-26T07:05:38.228Z] [EVENT] rim_inference_no_reply {"runId":"rim-20260526-090340-2965497","messageId":"3EB059B1C7FCFB39F0ECBC","reason":"unknown"}
[2026-05-26T07:05:38.228Z] [ERROR] [RIM-1] No reply sent: unknown
[2026-05-26T07:05:38.328Z] [EVENT] inbound_event {"upsertType":"append","fromMe":true,"remoteJid":"108289044049964@lid","participant":"","messageId":"3EB0040D5041D4FF6A3575","timestampMs":1779779138000,"textPreview":"Thanks for your message! I'll get back to you shortly. 🙏","msgType":"extendedTextMessage,messageContextInfo"}
[2026-05-26T07:05:38.329Z] [INFO] 📩 INBOUND [append] remoteJid=108289044049964@lid fromMe=true participant= msgId=3EB0040D5041D4FF6A3575 text=Thanks for your message! I'll get back to you shortly. 🙏
[2026-05-26T07:05:38.329Z] [EVENT] privacy_allowed_self_chat_lid {"messageId":"3EB0040D5041D4FF6A3575","remoteJid":"108289044049964@lid","fromMe":true}
[2026-05-26T07:05:38.329Z] [EVENT] privacy_self_jid_match {"remoteJid":"108289044049964@lid","matchType":"lid"}
[2026-05-26T07:05:38.329Z] [EVENT] fromMe_self_chat_allowed {"messageId":"3EB0040D5041D4FF6A3575","remoteJid":"108289044049964@lid","textPreview":"Thanks for your message! I'll get back to you shortly. 🙏"}
[2026-05-26T07:05:38.329Z] [EVENT] inbound_received {"from":"108289044049964@lid","textPreview":"Thanks for your message! I'll get back to you shortly. 🙏","messageId":"3EB0040D5041D4FF6A3575"}
[2026-05-26T07:05:38.330Z] [EVENT] bridge_invoked {"remoteJid":"108289044049964@lid","messageId":"3EB0040D5041D4FF6A3575","type":"append"}
[2026-05-26T07:05:38.330Z] [EVENT] rim_inference_requested {"runId":"rim-20260526-090340-2965497","from":"108289044049964@lid","messageId":"3EB0040D5041D4FF6A3575","textPreview":"Thanks for your message! I'll get back to you shortly. 🙏"}
[2026-05-26T07:05:38.330Z] [INFO] [RIM-1] Inference request: Thanks for your message! I'll get back to you shortly. 🙏 [RUN_ID=rim-20260526-090340-2965497]
[2026-05-26T07:05:39.068Z] [EVENT] rim_inference_no_reply {"runId":"rim-20260526-090340-2965497","messageId":"3EB0040D5041D4FF6A3575","reason":"unknown"}
[2026-05-26T07:05:39.068Z] [ERROR] [RIM-1] No reply sent: unknown
[2026-05-26T07:05:39.168Z] [EVENT] inbound_event {"upsertType":"append","fromMe":true,"remoteJid":"108289044049964@lid","participant":"","messageId":"3EB00875F873158D4320CA","timestampMs":1779779139000,"textPreview":"Thanks for your message! I'll get back to you shortly. 🙏","msgType":"extendedTextMessage,messageContextInfo"}
[2026-05-26T07:05:39.168Z] [INFO] 📩 INBOUND [append] remoteJid=108289044049964@lid fromMe=true participant= msgId=3EB00875F873158D4320CA text=Thanks for your message! I'll get back to you shortly. 🙏
[2026-05-26T07:05:39.168Z] [EVENT] privacy_allowed_self_chat_lid {"messageId":"3EB00875F873158D4320CA","remoteJid":"108289044049964@lid","fromMe":true}
[2026-05-26T07:05:39.168Z] [EVENT] privacy_self_jid_match {"remoteJid":"108289044049964@lid","matchType":"lid"}
[2026-05-26T07:05:39.169Z] [EVENT] fromMe_self_chat_allowed {"messageId":"3EB00875F873158D4320CA","remoteJid":"108289044049964@lid","textPreview":"Thanks for your message! I'll get back to you shortly. 🙏"}
[2026-05-26T07:05:39.169Z] [EVENT] inbound_received {"from":"108289044049964@lid","textPreview":"Thanks for your message! I'll get back to you shortly. 🙏","messageId":"3EB00875F873158D4320CA"}
[2026-05-26T07:05:39.169Z] [EVENT] bridge_invoked {"remoteJid":"108289044049964@lid","messageId":"3EB00875F873158D4320CA","type":"append"}
[2026-05-26T07:05:39.169Z] [EVENT] rim_inference_requested {"runId":"rim-20260526-090340-2965497","from":"108289044049964@lid","messageId":"3EB00875F873158D4320CA","textPreview":"Thanks for your message! I'll get back to you shortly. 🙏"}
[2026-05-26T07:05:39.169Z] [INFO] [RIM-1] Inference request: Thanks for your message! I'll get back to you shortly. 🙏 [RUN_ID=rim-20260526-090340-2965497]
[2026-05-26T07:05:39.697Z] [EVENT] rim_inference_no_reply {"runId":"rim-20260526-090340-2965497","messageId":"3EB00875F873158D4320CA","reason":"unknown"}
[2026-05-26T07:05:39.697Z] [ERROR] [RIM-1] No reply sent: unknown
[2026-05-26T07:05:39.797Z] [EVENT] inbound_event {"upsertType":"append","fromMe":true,"remoteJid":"108289044049964@lid","participant":"","messageId":"3EB0AA7A21E11C7F74FA2E","timestampMs":1779779139000,"textPreview":"Thanks for your message! I'll get back to you shortly. 🙏","msgType":"extendedTextMessage,messageContextInfo"}
[2026-05-26T07:05:39.798Z] [INFO] 📩 INBOUND [append] remoteJid=108289044049964@lid fromMe=true participant= msgId=3EB0AA7A21E11C7F74FA2E text=Thanks for your message! I'll get back to you shortly. 🙏
[2026-05-26T07:05:39.798Z] [EVENT] privacy_allowed_self_chat_lid {"messageId":"3EB0AA7A21E11C7F74FA2E","remoteJid":"108289044049964@lid","fromMe":true}
[2026-05-26T07:05:39.798Z] [EVENT] privacy_self_jid_match {"remoteJid":"108289044049964@lid","matchType":"lid"}
[2026-05-26T07:05:39.798Z] [EVENT] fromMe_self_chat_allowed {"messageId":"3EB0AA7A21E11C7F74FA2E","remoteJid":"108289044049964@lid","textPreview":"Thanks for your message! I'll get back to you shortly. 🙏"}
[2026-05-26T07:05:39.798Z] [EVENT] inbound_received {"from":"108289044049964@lid","textPreview":"Thanks for your message! I'll get back to you shortly. 🙏","messageId":"3EB0AA7A21E11C7F74FA2E"}
[2026-05-26T07:05:39.799Z] [EVENT] bridge_invoked {"remoteJid":"108289044049964@lid","messageId":"3EB0AA7A21E11C7F74FA2E","type":"append"}
[2026-05-26T07:05:39.799Z] [EVENT] rim_inference_requested {"runId":"rim-20260526-090340-2965497","from":"108289044049964@lid","messageId":"3EB0AA7A21E11C7F74FA2E","textPreview":"Thanks for your message! I'll get back to you shortly. 🙏"}
[2026-05-26T07:05:39.799Z] [INFO] [RIM-1] Inference request: Thanks for your message! I'll get back to you shortly. 🙏 [RUN_ID=rim-20260526-090340-2965497]
[2026-05-26T07:05:40.095Z] [INFO] SIGINT — shutting down transport
[2026-05-26T07:05:40.100Z] [INFO] Transport stopped cleanly.
[2026-05-26T15:41:10.445Z] [INFO] ╔════════════════════════════════════════╗
[2026-05-26T15:41:10.446Z] [INFO] ║  MRSI Native WhatsApp Transport        ║
[2026-05-26T15:41:10.446Z] [INFO] ║  Starting MOOSA-owned WhatsApp client ║
[2026-05-26T15:41:10.446Z] [INFO] ╚════════════════════════════════════════╝
[2026-05-26T15:41:10.446Z] [INFO] Auth dir: /home/node/.openclaw/workspace/moosa-worker/state/whatsapp-auth
[2026-05-26T15:41:10.446Z] [INFO] Health file: /home/node/.openclaw/workspace/state/moosa-whatsapp-auth-health.json
[2026-05-26T15:41:10.446Z] [INFO] PID file: /home/node/.openclaw/workspace/state/moosa-whatsapp-auth-manager.pid
[2026-05-26T15:41:10.446Z] [INFO] Log file: /home/node/.openclaw/workspace/state/moosa-whatsapp-auth-manager.log
[2026-05-26T15:41:10.446Z] [INFO] Process PID: 3037085
[2026-05-26T15:41:10.641Z] [INFO] Baileys loaded successfully
[2026-05-26T15:41:10.641Z] [INFO] Loading auth state from: /home/node/.openclaw/workspace/moosa-worker/state/whatsapp-auth
[2026-05-26T15:41:10.645Z] [INFO] Auth state loaded — me: 923215139934:23@s.whatsapp.net
[2026-05-26T15:41:10.661Z] [INFO] [RIM-1] Real inference mode ENABLED
[2026-05-26T15:41:10.662Z] [INFO] [RIM-1] Real inference callback registered — waiting for self-chat
[2026-05-26T15:41:10.662Z] [INFO] Native MOOSA WhatsApp transport started successfully.
[2026-05-26T15:41:10.662Z] [INFO] Ready to send/receive messages independently of OpenClaw.
[2026-05-26T15:41:10.663Z] [EVENT] connection_update {"connection":"connecting","hasQR":false}
[2026-05-26T15:41:10.663Z] [INFO] ⏳ WhatsApp connecting...
[2026-05-26T15:41:14.670Z] [EVENT] connection_update {"connection":"close","hasQR":false,"reason":"Connection Failure"}
[2026-05-26T15:41:14.670Z] [ERROR] ❌ WhatsApp connection CLOSED: Connection Failure (reconnectable)
[2026-05-26T15:41:14.675Z] [INFO] 🔄 Reconnecting in 2000ms (attempt 1/10)...
[2026-05-26T15:41:16.678Z] [INFO] Attempting reconnect...
[2026-05-26T15:42:13.881Z] [INFO] SIGTERM — shutting down
[2026-05-26T17:16:59.600Z] [INFO] ╔════════════════════════════════════════╗
[2026-05-26T17:16:59.601Z] [INFO] ║  MRSI Native WhatsApp Transport        ║
[2026-05-26T17:16:59.601Z] [INFO] ║  Starting MOOSA-owned WhatsApp client ║
[2026-05-26T17:16:59.601Z] [INFO] ╚════════════════════════════════════════╝
[2026-05-26T17:16:59.601Z] [INFO] Auth dir: /home/node/.openclaw/workspace/moosa-worker/state/whatsapp-auth
[2026-05-26T17:16:59.601Z] [INFO] Health file: /home/node/.openclaw/workspace/state/moosa-whatsapp-auth-health.json
[2026-05-26T17:16:59.601Z] [INFO] PID file: /home/node/.openclaw/workspace/state/moosa-whatsapp-auth-manager.pid
[2026-05-26T17:16:59.601Z] [INFO] Log file: /home/node/.openclaw/workspace/state/moosa-whatsapp-auth-manager.log
[2026-05-26T17:16:59.601Z] [INFO] Process PID: 3061354
[2026-05-26T17:16:59.800Z] [INFO] Baileys loaded successfully
[2026-05-26T17:16:59.800Z] [INFO] Loading auth state from: /home/node/.openclaw/workspace/moosa-worker/state/whatsapp-auth
[2026-05-26T17:16:59.803Z] [INFO] Auth state loaded — me: 923215139934:23@s.whatsapp.net
[2026-05-26T17:16:59.820Z] [INFO] [RIM-1] Real inference mode ENABLED
[2026-05-26T17:16:59.821Z] [INFO] [RIM-1] Real inference callback registered — waiting for self-chat
[2026-05-26T17:16:59.821Z] [INFO] Native MOOSA WhatsApp transport started successfully.
[2026-05-26T17:16:59.821Z] [INFO] Ready to send/receive messages independently of OpenClaw.
[2026-05-26T17:16:59.822Z] [EVENT] connection_update {"connection":"connecting","hasQR":false}
[2026-05-26T17:16:59.822Z] [INFO] ⏳ WhatsApp connecting...
[2026-05-26T17:17:01.197Z] [EVENT] connection_update {"connection":"close","hasQR":false,"reason":"Connection Failure"}
[2026-05-26T17:17:01.197Z] [ERROR] ❌ WhatsApp connection CLOSED: Connection Failure (reconnectable)
[2026-05-26T17:17:01.201Z] [INFO] 🔄 Reconnecting in 2000ms (attempt 1/10)...
[2026-05-26T17:17:03.203Z] [INFO] Attempting reconnect...
[2026-05-26T17:18:03.022Z] [INFO] SIGTERM — shutting down
[2026-05-26T17:28:03.023Z] [INFO] ╔════════════════════════════════════════╗
[2026-05-26T17:28:03.024Z] [INFO] ║  MRSI Native WhatsApp Transport        ║
[2026-05-26T17:28:03.025Z] [INFO] ║  Starting MOOSA-owned WhatsApp client ║
[2026-05-26T17:28:03.025Z] [INFO] ╚════════════════════════════════════════╝
[2026-05-26T17:28:03.025Z] [INFO] Auth dir: /home/node/.openclaw/workspace/moosa-worker/state/whatsapp-auth
[2026-05-26T17:28:03.025Z] [INFO] Health file: /home/node/.openclaw/workspace/state/moosa-whatsapp-auth-health.json
[2026-05-26T17:28:03.025Z] [INFO] PID file: /home/node/.openclaw/workspace/state/moosa-whatsapp-auth-manager.pid
[2026-05-26T17:28:03.025Z] [INFO] Log file: /home/node/.openclaw/workspace/state/moosa-whatsapp-auth-manager.log
[2026-05-26T17:28:03.025Z] [INFO] Process PID: 3063729
[2026-05-26T17:28:03.223Z] [INFO] Baileys loaded successfully
[2026-05-26T17:28:03.223Z] [INFO] Loading auth state from: /home/node/.openclaw/workspace/moosa-worker/state/whatsapp-auth
[2026-05-26T17:28:03.227Z] [INFO] Auth state loaded — me: 923215139934:23@s.whatsapp.net
[2026-05-26T17:28:03.244Z] [INFO] [RIM-1] Real inference mode ENABLED
[2026-05-26T17:28:03.244Z] [INFO] [RIM-1] Real inference callback registered — waiting for self-chat
[2026-05-26T17:28:03.244Z] [INFO] Native MOOSA WhatsApp transport started successfully.
[2026-05-26T17:28:03.244Z] [INFO] Ready to send/receive messages independently of OpenClaw.
[2026-05-26T17:28:03.246Z] [EVENT] connection_update {"connection":"connecting","hasQR":false}
[2026-05-26T17:28:03.246Z] [INFO] ⏳ WhatsApp connecting...
[2026-05-26T17:28:05.153Z] [EVENT] connection_update {"connection":"close","hasQR":false,"reason":"Connection Failure"}
[2026-05-26T17:28:05.153Z] [ERROR] ❌ WhatsApp connection CLOSED: Connection Failure (reconnectable)
[2026-05-26T17:28:05.158Z] [INFO] 🔄 Reconnecting in 2000ms (attempt 1/10)...
[2026-05-26T17:28:07.161Z] [INFO] Attempting reconnect...
[2026-05-26T17:29:06.497Z] [INFO] SIGTERM — shutting down
[2026-05-26T17:51:42.963Z] [INFO] ╔════════════════════════════════════════╗
[2026-05-26T17:51:42.964Z] [INFO] ║  MRSI Native WhatsApp Transport        ║
[2026-05-26T17:51:42.964Z] [INFO] ║  Starting MOOSA-owned WhatsApp client ║
[2026-05-26T17:51:42.964Z] [INFO] ╚════════════════════════════════════════╝
[2026-05-26T17:51:42.964Z] [INFO] Auth dir: /home/node/.openclaw/workspace/moosa-worker/state/whatsapp-auth
[2026-05-26T17:51:42.964Z] [INFO] Health file: /home/node/.openclaw/workspace/state/moosa-whatsapp-auth-health.json
[2026-05-26T17:51:42.964Z] [INFO] PID file: /home/node/.openclaw/workspace/state/moosa-whatsapp-auth-manager.pid
[2026-05-26T17:51:42.964Z] [INFO] Log file: /home/node/.openclaw/workspace/state/moosa-whatsapp-auth-manager.log
[2026-05-26T17:51:42.964Z] [INFO] Process PID: 3069357
[2026-05-26T17:51:43.162Z] [INFO] Baileys loaded successfully
[2026-05-26T17:51:43.162Z] [INFO] Loading auth state from: /home/node/.openclaw/workspace/moosa-worker/state/whatsapp-auth
[2026-05-26T17:51:43.165Z] [INFO] Auth state loaded — me: 923215139934:23@s.whatsapp.net
[2026-05-26T17:51:43.166Z] [EVENT] native_auth_valid_existing_session {"authDir":"/home/node/.openclaw/workspace/moosa-worker/state/whatsapp-auth"}
[2026-05-26T17:51:43.166Z] [INFO] [Native] creds.json valid — using existing session
[2026-05-26T17:51:43.182Z] [INFO] [RIM-1] Real inference mode ENABLED
[2026-05-26T17:51:43.183Z] [INFO] [RIM-1] Real inference callback registered — waiting for self-chat
[2026-05-26T17:51:43.183Z] [INFO] Native MOOSA WhatsApp transport started successfully.
[2026-05-26T17:51:43.183Z] [INFO] Ready to send/receive messages independently of OpenClaw.
[2026-05-26T17:51:43.185Z] [EVENT] connection_update {"connection":"connecting","hasQR":false}
[2026-05-26T17:51:43.185Z] [INFO] ⏳ WhatsApp connecting...
[2026-05-26T17:51:43.185Z] [EVENT] connection_update {"connection":"connecting","hasQR":false}
[2026-05-26T17:51:43.185Z] [INFO] ⏳ WhatsApp connecting...
[2026-05-26T17:51:46.286Z] [EVENT] connection_update {"connection":"close","hasQR":false,"reason":"Connection Failure"}
[2026-05-26T17:51:46.287Z] [ERROR] ❌ WhatsApp connection CLOSED: Connection Failure (reconnectable)
[2026-05-26T17:51:46.291Z] [INFO] 🔄 Reconnecting in 2000ms (attempt 1/10)...
[2026-05-26T17:51:46.291Z] [EVENT] connection_update {"connection":"close","hasQR":false,"reason":"Connection Failure"}
[2026-05-26T17:51:46.291Z] [ERROR] ❌ WhatsApp connection CLOSED: Connection Failure (reconnectable)
[2026-05-26T17:51:46.291Z] [INFO] 🔄 Reconnecting in 4000ms (attempt 2/10)...
[2026-05-26T17:51:48.293Z] [INFO] Attempting reconnect...
[2026-05-26T17:51:50.294Z] [INFO] Attempting reconnect...
[2026-05-26T17:52:46.380Z] [INFO] SIGTERM — shutting down
[2026-05-26T18:17:20.996Z] [INFO] ╔════════════════════════════════════════╗
[2026-05-26T18:17:20.997Z] [INFO] ║  MRSI Native WhatsApp Transport        ║
[2026-05-26T18:17:20.997Z] [INFO] ║  Starting MOOSA-owned WhatsApp client ║
[2026-05-26T18:17:20.997Z] [INFO] ╚════════════════════════════════════════╝
[2026-05-26T18:17:20.997Z] [INFO] Auth dir: /home/node/.openclaw/workspace/moosa-worker/state/whatsapp-auth
[2026-05-26T18:17:20.997Z] [INFO] Health file: /home/node/.openclaw/workspace/state/moosa-whatsapp-auth-health.json
[2026-05-26T18:17:20.997Z] [INFO] PID file: /home/node/.openclaw/workspace/state/moosa-whatsapp-auth-manager.pid
[2026-05-26T18:17:20.997Z] [INFO] Log file: /home/node/.openclaw/workspace/state/moosa-whatsapp-auth-manager.log
[2026-05-26T18:17:20.997Z] [INFO] Process PID: 3075169
[2026-05-26T18:17:21.204Z] [INFO] Baileys loaded successfully
[2026-05-26T18:17:21.204Z] [INFO] Loading auth state from: /home/node/.openclaw/workspace/moosa-worker/state/whatsapp-auth
[2026-05-26T18:17:21.207Z] [INFO] Auth state loaded — me: 923215139934:23@s.whatsapp.net
[2026-05-26T18:17:21.207Z] [EVENT] native_auth_valid_existing_session {"authDir":"/home/node/.openclaw/workspace/moosa-worker/state/whatsapp-auth"}
[2026-05-26T18:17:21.207Z] [INFO] [Native] creds.json valid — using existing session
[2026-05-26T18:17:21.224Z] [INFO] [RIM-1] Real inference mode ENABLED
[2026-05-26T18:17:21.225Z] [INFO] [RIM-1] Real inference callback registered — waiting for self-chat
[2026-05-26T18:17:21.225Z] [INFO] Native MOOSA WhatsApp transport started successfully.
[2026-05-26T18:17:21.225Z] [INFO] Ready to send/receive messages independently of OpenClaw.
[2026-05-26T18:17:21.227Z] [EVENT] connection_update {"connection":"connecting","hasQR":false}
[2026-05-26T18:17:21.227Z] [INFO] ⏳ WhatsApp connecting...
[2026-05-26T18:17:21.227Z] [EVENT] connection_update {"connection":"connecting","hasQR":false}
[2026-05-26T18:17:21.227Z] [INFO] ⏳ WhatsApp connecting...
[2026-05-26T18:17:23.149Z] [EVENT] connection_update {"connection":"close","hasQR":false,"reason":"Connection Failure"}
[2026-05-26T18:17:23.149Z] [ERROR] ❌ WhatsApp connection CLOSED: Connection Failure (reconnectable)
[2026-05-26T18:17:23.152Z] [INFO] 🔄 Reconnecting in 2000ms (attempt 1/10)...
[2026-05-26T18:17:23.152Z] [EVENT] connection_update {"connection":"close","hasQR":false,"reason":"Connection Failure"}
[2026-05-26T18:17:23.152Z] [ERROR] ❌ WhatsApp connection CLOSED: Connection Failure (reconnectable)
[2026-05-26T18:17:23.152Z] [INFO] 🔄 Reconnecting in 4000ms (attempt 2/10)...
[2026-05-26T18:17:25.154Z] [INFO] Attempting reconnect...
[2026-05-26T18:17:27.155Z] [INFO] Attempting reconnect...
[2026-05-26T18:18:24.552Z] [INFO] SIGTERM — shutting down
[2026-05-26T19:33:29.562Z] [INFO] ╔════════════════════════════════════════╗
[2026-05-26T19:33:29.563Z] [INFO] ║  MRSI Native WhatsApp Transport        ║
[2026-05-26T19:33:29.563Z] [INFO] ║  Starting MOOSA-owned WhatsApp client ║
[2026-05-26T19:33:29.563Z] [INFO] ╚════════════════════════════════════════╝
[2026-05-26T19:33:29.563Z] [INFO] Auth dir: /home/node/.openclaw/workspace/moosa-worker/state/whatsapp-auth
[2026-05-26T19:33:29.563Z] [INFO] Health file: /home/node/.openclaw/workspace/state/moosa-whatsapp-auth-health.json
[2026-05-26T19:33:29.564Z] [INFO] PID file: /home/node/.openclaw/workspace/state/moosa-whatsapp-auth-manager.pid
[2026-05-26T19:33:29.564Z] [INFO] Log file: /home/node/.openclaw/workspace/state/moosa-whatsapp-auth-manager.log
[2026-05-26T19:33:29.564Z] [INFO] Process PID: 3091278
[2026-05-26T19:33:29.762Z] [INFO] Baileys loaded successfully
[2026-05-26T19:33:29.762Z] [INFO] Loading auth state from: /home/node/.openclaw/workspace/moosa-worker/state/whatsapp-auth
[2026-05-26T19:33:29.766Z] [INFO] Auth state loaded — me: 923215139934:23@s.whatsapp.net
[2026-05-26T19:33:29.766Z] [EVENT] native_auth_valid_existing_session {"authDir":"/home/node/.openclaw/workspace/moosa-worker/state/whatsapp-auth"}
[2026-05-26T19:33:29.766Z] [INFO] [Native] creds.json valid — using existing session
[2026-05-26T19:33:29.783Z] [INFO] [RIM-1] Real inference mode ENABLED
[2026-05-26T19:33:29.783Z] [INFO] [RIM-1] Real inference callback registered — waiting for self-chat
[2026-05-26T19:33:29.784Z] [INFO] Native MOOSA WhatsApp transport started successfully.
[2026-05-26T19:33:29.784Z] [INFO] Ready to send/receive messages independently of OpenClaw.
[2026-05-26T19:33:29.785Z] [EVENT] connection_update {"connection":"connecting","hasQR":false}
[2026-05-26T19:33:29.785Z] [INFO] ⏳ WhatsApp connecting...
[2026-05-26T19:33:29.787Z] [EVENT] connection_update {"connection":"connecting","hasQR":false}
[2026-05-26T19:33:29.788Z] [INFO] ⏳ WhatsApp connecting...
[2026-05-26T19:33:31.134Z] [EVENT] connection_update {"connection":"close","hasQR":false,"reason":"Connection Failure"}
[2026-05-26T19:33:31.134Z] [ERROR] ❌ WhatsApp connection CLOSED: Connection Failure (reconnectable)
[2026-05-26T19:33:31.137Z] [INFO] 🔄 Reconnecting in 2000ms (attempt 1/10)...
[2026-05-26T19:33:31.137Z] [EVENT] connection_update {"connection":"close","hasQR":false,"reason":"Connection Failure"}
[2026-05-26T19:33:31.137Z] [ERROR] ❌ WhatsApp connection CLOSED: Connection Failure (reconnectable)
[2026-05-26T19:33:31.137Z] [INFO] 🔄 Reconnecting in 4000ms (attempt 2/10)...
[2026-05-26T19:33:33.139Z] [INFO] Attempting reconnect...
[2026-05-26T19:33:35.140Z] [INFO] Attempting reconnect...
[2026-05-26T19:38:34.837Z] [INFO] SIGTERM — shutting down
