[2026-05-12T11:21:51.276Z] [INFO] ══════════════════════════════════════════
[2026-05-12T11:21:51.276Z] [INFO] Follow-Up Engine starting
[2026-05-12T11:21:51.277Z] [INFO] Time: 2026-05-12T11:21:51.277Z
[2026-05-12T11:21:51.277Z] [INFO] DRY_RUN=true | GLOBAL_ENABLED=false | SEND_EMAILS=false
[2026-05-12T11:21:51.277Z] [INFO] LIVE_TEST_ALLOWED_EMAIL=(not set) | LIVE_TEST_MAX_SENDS=0
[2026-05-12T11:21:51.298Z] [WARN] Supabase client check failed: supabaseKey is required. — proceeding with caution (graceful degradation)
[2026-05-12T11:21:51.736Z] [INFO] Fetched 6 leads from HubSpot
[2026-05-12T11:21:51.736Z] [INFO] [DRY_RUN] Would send emailmaria@hubspot.com: step 1 — Pipeline continuity
[2026-05-12T11:21:51.737Z] [WARN] Supabase logActivity exception: supabaseKey is required.
[2026-05-12T11:21:51.737Z] [INFO] [DRY_RUN] Would send bh@hubspot.com: step 1 — Pipeline continuity
[2026-05-12T11:21:51.737Z] [WARN] Supabase logActivity exception: supabaseKey is required.
[2026-05-12T11:21:51.737Z] [INFO] [DRY_RUN] Would send test-contact-2026-05-02@example.com: step 1 — Pipeline continuity
[2026-05-12T11:21:51.737Z] [WARN] Supabase logActivity exception: supabaseKey is required.
[2026-05-12T11:21:51.737Z] [INFO] [DRY_RUN] Would send hubspot-test@qiyadon.com: step 1 — Pipeline continuity
[2026-05-12T11:21:51.737Z] [WARN] Supabase logActivity exception: supabaseKey is required.
[2026-05-12T11:21:51.737Z] [INFO] [DRY_RUN] Would send ahmad.salim@qiyadon.com: step 3 — Follow-up gaps in growing pipelines
[2026-05-12T11:21:51.737Z] [WARN] Supabase logActivity exception: supabaseKey is required.
[2026-05-12T11:21:51.738Z] [INFO] [DRY_RUN] Would send hubspot-live-test2@qiyadon.com: step 1 — Pipeline continuity
[2026-05-12T11:21:51.738Z] [WARN] Supabase logActivity exception: supabaseKey is required.
[2026-05-12T11:21:51.738Z] [INFO] ══════════════════════════════════════════
[2026-05-12T11:21:51.738Z] [INFO] Follow-Up Engine complete
[2026-05-12T11:21:51.738Z] [INFO] Sent: 0 | Skipped: 6 | Escalated: 0 | Errors: 0
[2026-05-12T11:21:51.738Z] [INFO] ══════════════════════════════════════════
[2026-05-12T11:21:51.951Z] [INFO] ══════════════════════════════════════════
[2026-05-12T11:21:51.952Z] [INFO] Follow-Up Engine starting
[2026-05-12T11:21:51.952Z] [INFO] Time: 2026-05-12T11:21:51.952Z
[2026-05-12T11:21:51.952Z] [INFO] DRY_RUN=true | GLOBAL_ENABLED=false | SEND_EMAILS=false
[2026-05-12T11:21:51.952Z] [INFO] LIVE_TEST_ALLOWED_EMAIL=(not set) | LIVE_TEST_MAX_SENDS=0
[2026-05-12T11:21:51.973Z] [WARN] Supabase client check failed: supabaseKey is required. — proceeding with caution (graceful degradation)
[2026-05-12T11:21:52.436Z] [INFO] Fetched 6 leads from HubSpot
[2026-05-12T11:21:52.436Z] [INFO] [DRY_RUN] Would send emailmaria@hubspot.com: step 1 — Pipeline continuity
[2026-05-12T11:21:52.436Z] [WARN] Supabase logActivity exception: supabaseKey is required.
[2026-05-12T11:21:52.437Z] [INFO] [DRY_RUN] Would send bh@hubspot.com: step 1 — Pipeline continuity
[2026-05-12T11:21:52.437Z] [WARN] Supabase logActivity exception: supabaseKey is required.
[2026-05-12T11:21:52.437Z] [INFO] [DRY_RUN] Would send test-contact-2026-05-02@example.com: step 1 — Pipeline continuity
[2026-05-12T11:21:52.437Z] [WARN] Supabase logActivity exception: supabaseKey is required.
[2026-05-12T11:21:52.437Z] [INFO] [DRY_RUN] Would send hubspot-test@qiyadon.com: step 1 — Pipeline continuity
[2026-05-12T11:21:52.438Z] [WARN] Supabase logActivity exception: supabaseKey is required.
[2026-05-12T11:21:52.438Z] [INFO] [DRY_RUN] Would send ahmad.salim@qiyadon.com: step 3 — Follow-up gaps in growing pipelines
[2026-05-12T11:21:52.438Z] [WARN] Supabase logActivity exception: supabaseKey is required.
[2026-05-12T11:21:52.438Z] [INFO] [DRY_RUN] Would send hubspot-live-test2@qiyadon.com: step 1 — Pipeline continuity
[2026-05-12T11:21:52.438Z] [WARN] Supabase logActivity exception: supabaseKey is required.
[2026-05-12T11:21:52.438Z] [INFO] ══════════════════════════════════════════
[2026-05-12T11:21:52.438Z] [INFO] Follow-Up Engine complete
[2026-05-12T11:21:52.439Z] [INFO] Sent: 0 | Skipped: 6 | Escalated: 0 | Errors: 0
[2026-05-12T11:21:52.439Z] [INFO] ══════════════════════════════════════════
[2026-05-12T11:21:52.701Z] [INFO] ══════════════════════════════════════════
[2026-05-12T11:21:52.702Z] [INFO] Follow-Up Engine starting
[2026-05-12T11:21:52.702Z] [INFO] Time: 2026-05-12T11:21:52.702Z
[2026-05-12T11:21:52.702Z] [INFO] DRY_RUN=true | GLOBAL_ENABLED=false | SEND_EMAILS=false
[2026-05-12T11:21:52.702Z] [INFO] LIVE_TEST_ALLOWED_EMAIL=(not set) | LIVE_TEST_MAX_SENDS=0
[2026-05-12T11:21:52.723Z] [WARN] Supabase client check failed: supabaseKey is required. — proceeding with caution (graceful degradation)
[2026-05-12T11:21:53.093Z] [INFO] Fetched 6 leads from HubSpot
[2026-05-12T11:21:53.094Z] [INFO] [DRY_RUN] Would send emailmaria@hubspot.com: step 1 — Pipeline continuity
[2026-05-12T11:21:53.096Z] [WARN] Supabase logActivity exception: supabaseKey is required.
[2026-05-12T11:21:53.097Z] [INFO] [DRY_RUN] Would send bh@hubspot.com: step 1 — Pipeline continuity
[2026-05-12T11:21:53.097Z] [WARN] Supabase logActivity exception: supabaseKey is required.
[2026-05-12T11:21:53.098Z] [INFO] [DRY_RUN] Would send test-contact-2026-05-02@example.com: step 1 — Pipeline continuity
[2026-05-12T11:21:53.098Z] [WARN] Supabase logActivity exception: supabaseKey is required.
[2026-05-12T11:21:53.099Z] [INFO] [DRY_RUN] Would send hubspot-test@qiyadon.com: step 1 — Pipeline continuity
[2026-05-12T11:21:53.099Z] [WARN] Supabase logActivity exception: supabaseKey is required.
[2026-05-12T11:21:53.100Z] [INFO] [DRY_RUN] Would send ahmad.salim@qiyadon.com: step 3 — Follow-up gaps in growing pipelines
[2026-05-12T11:21:53.100Z] [WARN] Supabase logActivity exception: supabaseKey is required.
[2026-05-12T11:21:53.101Z] [INFO] [DRY_RUN] Would send hubspot-live-test2@qiyadon.com: step 1 — Pipeline continuity
[2026-05-12T11:21:53.101Z] [WARN] Supabase logActivity exception: supabaseKey is required.
[2026-05-12T11:21:53.101Z] [INFO] ══════════════════════════════════════════
[2026-05-12T11:21:53.102Z] [INFO] Follow-Up Engine complete
[2026-05-12T11:21:53.102Z] [INFO] Sent: 0 | Skipped: 6 | Escalated: 0 | Errors: 0
[2026-05-12T11:21:53.102Z] [INFO] ══════════════════════════════════════════
[2026-05-12T11:21:53.479Z] [INFO] ══════════════════════════════════════════
[2026-05-12T11:21:53.480Z] [INFO] Follow-Up Engine starting
[2026-05-12T11:21:53.480Z] [INFO] Time: 2026-05-12T11:21:53.480Z
[2026-05-12T11:21:53.480Z] [INFO] DRY_RUN=true | GLOBAL_ENABLED=false | SEND_EMAILS=false
[2026-05-12T11:21:53.480Z] [INFO] LIVE_TEST_ALLOWED_EMAIL=(not set) | LIVE_TEST_MAX_SENDS=0
[2026-05-12T11:21:53.501Z] [WARN] Supabase client check failed: supabaseKey is required. — proceeding with caution (graceful degradation)
[2026-05-12T11:21:53.875Z] [INFO] Fetched 6 leads from HubSpot
[2026-05-12T11:21:53.875Z] [INFO] [DRY_RUN] Would send emailmaria@hubspot.com: step 1 — Pipeline continuity
[2026-05-12T11:21:53.875Z] [WARN] Supabase logActivity exception: supabaseKey is required.
[2026-05-12T11:21:53.876Z] [INFO] [DRY_RUN] Would send bh@hubspot.com: step 1 — Pipeline continuity
[2026-05-12T11:21:53.876Z] [WARN] Supabase logActivity exception: supabaseKey is required.
[2026-05-12T11:21:53.876Z] [INFO] [DRY_RUN] Would send test-contact-2026-05-02@example.com: step 1 — Pipeline continuity
[2026-05-12T11:21:53.876Z] [WARN] Supabase logActivity exception: supabaseKey is required.
[2026-05-12T11:21:53.876Z] [INFO] [DRY_RUN] Would send hubspot-test@qiyadon.com: step 1 — Pipeline continuity
[2026-05-12T11:21:53.876Z] [WARN] Supabase logActivity exception: supabaseKey is required.
[2026-05-12T11:21:53.876Z] [INFO] [DRY_RUN] Would send ahmad.salim@qiyadon.com: step 3 — Follow-up gaps in growing pipelines
[2026-05-12T11:21:53.876Z] [WARN] Supabase logActivity exception: supabaseKey is required.
[2026-05-12T11:21:53.876Z] [INFO] [DRY_RUN] Would send hubspot-live-test2@qiyadon.com: step 1 — Pipeline continuity
[2026-05-12T11:21:53.877Z] [WARN] Supabase logActivity exception: supabaseKey is required.
[2026-05-12T11:21:53.877Z] [INFO] ══════════════════════════════════════════
[2026-05-12T11:21:53.877Z] [INFO] Follow-Up Engine complete
[2026-05-12T11:21:53.877Z] [INFO] Sent: 0 | Skipped: 6 | Escalated: 0 | Errors: 0
[2026-05-12T11:21:53.877Z] [INFO] ══════════════════════════════════════════
[2026-05-12T11:21:54.326Z] [INFO] ══════════════════════════════════════════
[2026-05-12T11:21:54.327Z] [INFO] Follow-Up Engine starting
[2026-05-12T11:21:54.327Z] [INFO] Time: 2026-05-12T11:21:54.327Z
[2026-05-12T11:21:54.327Z] [INFO] DRY_RUN=true | GLOBAL_ENABLED=false | SEND_EMAILS=false
[2026-05-12T11:21:54.327Z] [INFO] LIVE_TEST_ALLOWED_EMAIL=(not set) | LIVE_TEST_MAX_SENDS=0
[2026-05-12T11:21:54.348Z] [WARN] Supabase client check failed: supabaseKey is required. — proceeding with caution (graceful degradation)
[2026-05-12T11:21:54.744Z] [INFO] Fetched 6 leads from HubSpot
[2026-05-12T11:21:54.746Z] [INFO] [DRY_RUN] Would send emailmaria@hubspot.com: step 1 — Pipeline continuity
[2026-05-12T11:21:54.747Z] [WARN] Supabase logActivity exception: supabaseKey is required.
[2026-05-12T11:21:54.748Z] [INFO] [DRY_RUN] Would send bh@hubspot.com: step 1 — Pipeline continuity
[2026-05-12T11:21:54.749Z] [WARN] Supabase logActivity exception: supabaseKey is required.
[2026-05-12T11:21:54.749Z] [INFO] [DRY_RUN] Would send test-contact-2026-05-02@example.com: step 1 — Pipeline continuity
[2026-05-12T11:21:54.750Z] [WARN] Supabase logActivity exception: supabaseKey is required.
[2026-05-12T11:21:54.750Z] [INFO] [DRY_RUN] Would send hubspot-test@qiyadon.com: step 1 — Pipeline continuity
[2026-05-12T11:21:54.751Z] [WARN] Supabase logActivity exception: supabaseKey is required.
[2026-05-12T11:21:54.751Z] [INFO] [DRY_RUN] Would send ahmad.salim@qiyadon.com: step 3 — Follow-up gaps in growing pipelines
[2026-05-12T11:21:54.752Z] [WARN] Supabase logActivity exception: supabaseKey is required.
[2026-05-12T11:21:54.752Z] [INFO] [DRY_RUN] Would send hubspot-live-test2@qiyadon.com: step 1 — Pipeline continuity
[2026-05-12T11:21:54.753Z] [WARN] Supabase logActivity exception: supabaseKey is required.
[2026-05-12T11:21:54.753Z] [INFO] ══════════════════════════════════════════
[2026-05-12T11:21:54.753Z] [INFO] Follow-Up Engine complete
[2026-05-12T11:21:54.754Z] [INFO] Sent: 0 | Skipped: 6 | Escalated: 0 | Errors: 0
[2026-05-12T11:21:54.754Z] [INFO] ══════════════════════════════════════════
[2026-05-12T11:21:55.374Z] [INFO] ══════════════════════════════════════════
[2026-05-12T11:21:55.375Z] [INFO] Follow-Up Engine starting
[2026-05-12T11:21:55.375Z] [INFO] Time: 2026-05-12T11:21:55.375Z
[2026-05-12T11:21:55.375Z] [INFO] DRY_RUN=true | GLOBAL_ENABLED=false | SEND_EMAILS=false
[2026-05-12T11:21:55.375Z] [INFO] LIVE_TEST_ALLOWED_EMAIL=(not set) | LIVE_TEST_MAX_SENDS=0
[2026-05-12T11:21:55.396Z] [WARN] Supabase client check failed: supabaseKey is required. — proceeding with caution (graceful degradation)
[2026-05-12T11:21:55.765Z] [INFO] Fetched 6 leads from HubSpot
[2026-05-12T11:21:55.766Z] [INFO] [DRY_RUN] Would send emailmaria@hubspot.com: step 1 — Pipeline continuity
[2026-05-12T11:21:55.768Z] [WARN] Supabase logActivity exception: supabaseKey is required.
[2026-05-12T11:21:55.769Z] [INFO] [DRY_RUN] Would send bh@hubspot.com: step 1 — Pipeline continuity
[2026-05-12T11:21:55.769Z] [WARN] Supabase logActivity exception: supabaseKey is required.
[2026-05-12T11:21:55.770Z] [INFO] [DRY_RUN] Would send test-contact-2026-05-02@example.com: step 1 — Pipeline continuity
[2026-05-12T11:21:55.770Z] [WARN] Supabase logActivity exception: supabaseKey is required.
[2026-05-12T11:21:55.770Z] [INFO] [DRY_RUN] Would send hubspot-test@qiyadon.com: step 1 — Pipeline continuity
[2026-05-12T11:21:55.771Z] [WARN] Supabase logActivity exception: supabaseKey is required.
[2026-05-12T11:21:55.772Z] [INFO] [DRY_RUN] Would send ahmad.salim@qiyadon.com: step 3 — Follow-up gaps in growing pipelines
[2026-05-12T11:21:55.772Z] [WARN] Supabase logActivity exception: supabaseKey is required.
[2026-05-12T11:21:55.772Z] [INFO] [DRY_RUN] Would send hubspot-live-test2@qiyadon.com: step 1 — Pipeline continuity
[2026-05-12T11:21:55.773Z] [WARN] Supabase logActivity exception: supabaseKey is required.
[2026-05-12T11:21:55.773Z] [INFO] ══════════════════════════════════════════
[2026-05-12T11:21:55.773Z] [INFO] Follow-Up Engine complete
[2026-05-12T11:21:55.774Z] [INFO] Sent: 0 | Skipped: 6 | Escalated: 0 | Errors: 0
[2026-05-12T11:21:55.774Z] [INFO] ══════════════════════════════════════════
[2026-05-12T11:21:56.653Z] [INFO] ══════════════════════════════════════════
[2026-05-12T11:21:56.654Z] [INFO] Follow-Up Engine starting
[2026-05-12T11:21:56.654Z] [INFO] Time: 2026-05-12T11:21:56.654Z
[2026-05-12T11:21:56.654Z] [INFO] DRY_RUN=true | GLOBAL_ENABLED=false | SEND_EMAILS=false
[2026-05-12T11:21:56.654Z] [INFO] LIVE_TEST_ALLOWED_EMAIL=(not set) | LIVE_TEST_MAX_SENDS=0
[2026-05-12T11:21:56.675Z] [WARN] Supabase client check failed: supabaseKey is required. — proceeding with caution (graceful degradation)
[2026-05-12T11:21:57.079Z] [INFO] Fetched 6 leads from HubSpot
[2026-05-12T11:21:57.079Z] [INFO] [DRY_RUN] Would send emailmaria@hubspot.com: step 1 — Pipeline continuity
[2026-05-12T11:21:57.080Z] [WARN] Supabase logActivity exception: supabaseKey is required.
[2026-05-12T11:21:57.080Z] [INFO] [DRY_RUN] Would send bh@hubspot.com: step 1 — Pipeline continuity
[2026-05-12T11:21:57.080Z] [WARN] Supabase logActivity exception: supabaseKey is required.
[2026-05-12T11:21:57.080Z] [INFO] [DRY_RUN] Would send test-contact-2026-05-02@example.com: step 1 — Pipeline continuity
[2026-05-12T11:21:57.080Z] [WARN] Supabase logActivity exception: supabaseKey is required.
[2026-05-12T11:21:57.080Z] [INFO] [DRY_RUN] Would send hubspot-test@qiyadon.com: step 1 — Pipeline continuity
[2026-05-12T11:21:57.080Z] [WARN] Supabase logActivity exception: supabaseKey is required.
[2026-05-12T11:21:57.080Z] [INFO] [DRY_RUN] Would send ahmad.salim@qiyadon.com: step 3 — Follow-up gaps in growing pipelines
[2026-05-12T11:21:57.080Z] [WARN] Supabase logActivity exception: supabaseKey is required.
[2026-05-12T11:21:57.081Z] [INFO] [DRY_RUN] Would send hubspot-live-test2@qiyadon.com: step 1 — Pipeline continuity
[2026-05-12T11:21:57.081Z] [WARN] Supabase logActivity exception: supabaseKey is required.
[2026-05-12T11:21:57.081Z] [INFO] ══════════════════════════════════════════
[2026-05-12T11:21:57.081Z] [INFO] Follow-Up Engine complete
[2026-05-12T11:21:57.081Z] [INFO] Sent: 0 | Skipped: 6 | Escalated: 0 | Errors: 0
[2026-05-12T11:21:57.081Z] [INFO] ══════════════════════════════════════════
[2026-05-12T11:21:58.327Z] [INFO] ══════════════════════════════════════════
[2026-05-12T11:21:58.328Z] [INFO] Follow-Up Engine starting
[2026-05-12T11:21:58.328Z] [INFO] Time: 2026-05-12T11:21:58.328Z
[2026-05-12T11:21:58.328Z] [INFO] DRY_RUN=true | GLOBAL_ENABLED=false | SEND_EMAILS=false
[2026-05-12T11:21:58.328Z] [INFO] LIVE_TEST_ALLOWED_EMAIL=(not set) | LIVE_TEST_MAX_SENDS=0
[2026-05-12T11:21:58.349Z] [WARN] Supabase client check failed: supabaseKey is required. — proceeding with caution (graceful degradation)
[2026-05-12T11:21:58.770Z] [INFO] Fetched 6 leads from HubSpot
[2026-05-12T11:21:58.771Z] [INFO] [DRY_RUN] Would send emailmaria@hubspot.com: step 1 — Pipeline continuity
[2026-05-12T11:21:58.773Z] [WARN] Supabase logActivity exception: supabaseKey is required.
[2026-05-12T11:21:58.774Z] [INFO] [DRY_RUN] Would send bh@hubspot.com: step 1 — Pipeline continuity
[2026-05-12T11:21:58.775Z] [WARN] Supabase logActivity exception: supabaseKey is required.
[2026-05-12T11:21:58.775Z] [INFO] [DRY_RUN] Would send test-contact-2026-05-02@example.com: step 1 — Pipeline continuity
[2026-05-12T11:21:58.775Z] [WARN] Supabase logActivity exception: supabaseKey is required.
[2026-05-12T11:21:58.776Z] [INFO] [DRY_RUN] Would send hubspot-test@qiyadon.com: step 1 — Pipeline continuity
[2026-05-12T11:21:58.776Z] [WARN] Supabase logActivity exception: supabaseKey is required.
[2026-05-12T11:21:58.777Z] [INFO] [DRY_RUN] Would send ahmad.salim@qiyadon.com: step 3 — Follow-up gaps in growing pipelines
[2026-05-12T11:21:58.777Z] [WARN] Supabase logActivity exception: supabaseKey is required.
[2026-05-12T11:21:58.778Z] [INFO] [DRY_RUN] Would send hubspot-live-test2@qiyadon.com: step 1 — Pipeline continuity
[2026-05-12T11:21:58.778Z] [WARN] Supabase logActivity exception: supabaseKey is required.
[2026-05-12T11:21:58.779Z] [INFO] ══════════════════════════════════════════
[2026-05-12T11:21:58.779Z] [INFO] Follow-Up Engine complete
[2026-05-12T11:21:58.779Z] [INFO] Sent: 0 | Skipped: 6 | Escalated: 0 | Errors: 0
[2026-05-12T11:21:58.779Z] [INFO] ══════════════════════════════════════════
[2026-05-12T11:22:00.608Z] [INFO] ══════════════════════════════════════════
[2026-05-12T11:22:00.609Z] [INFO] Follow-Up Engine starting
[2026-05-12T11:22:00.609Z] [INFO] Time: 2026-05-12T11:22:00.609Z
[2026-05-12T11:22:00.609Z] [INFO] DRY_RUN=true | GLOBAL_ENABLED=false | SEND_EMAILS=false
[2026-05-12T11:22:00.610Z] [INFO] LIVE_TEST_ALLOWED_EMAIL=(not set) | LIVE_TEST_MAX_SENDS=0
[2026-05-12T11:22:00.631Z] [WARN] Supabase client check failed: supabaseKey is required. — proceeding with caution (graceful degradation)
[2026-05-12T11:22:01.152Z] [INFO] Fetched 6 leads from HubSpot
[2026-05-12T11:22:01.152Z] [INFO] [DRY_RUN] Would send emailmaria@hubspot.com: step 1 — Pipeline continuity
[2026-05-12T11:22:01.153Z] [WARN] Supabase logActivity exception: supabaseKey is required.
[2026-05-12T11:22:01.153Z] [INFO] [DRY_RUN] Would send bh@hubspot.com: step 1 — Pipeline continuity
[2026-05-12T11:22:01.153Z] [WARN] Supabase logActivity exception: supabaseKey is required.
[2026-05-12T11:22:01.153Z] [INFO] [DRY_RUN] Would send test-contact-2026-05-02@example.com: step 1 — Pipeline continuity
[2026-05-12T11:22:01.153Z] [WARN] Supabase logActivity exception: supabaseKey is required.
[2026-05-12T11:22:01.153Z] [INFO] [DRY_RUN] Would send hubspot-test@qiyadon.com: step 1 — Pipeline continuity
[2026-05-12T11:22:01.153Z] [WARN] Supabase logActivity exception: supabaseKey is required.
[2026-05-12T11:22:01.153Z] [INFO] [DRY_RUN] Would send ahmad.salim@qiyadon.com: step 3 — Follow-up gaps in growing pipelines
[2026-05-12T11:22:01.153Z] [WARN] Supabase logActivity exception: supabaseKey is required.
[2026-05-12T11:22:01.154Z] [INFO] [DRY_RUN] Would send hubspot-live-test2@qiyadon.com: step 1 — Pipeline continuity
[2026-05-12T11:22:01.154Z] [WARN] Supabase logActivity exception: supabaseKey is required.
[2026-05-12T11:22:01.154Z] [INFO] ══════════════════════════════════════════
[2026-05-12T11:22:01.154Z] [INFO] Follow-Up Engine complete
[2026-05-12T11:22:01.154Z] [INFO] Sent: 0 | Skipped: 6 | Escalated: 0 | Errors: 0
[2026-05-12T11:22:01.154Z] [INFO] ══════════════════════════════════════════
[2026-05-12T11:22:03.817Z] [INFO] ══════════════════════════════════════════
[2026-05-12T11:22:03.818Z] [INFO] Follow-Up Engine starting
[2026-05-12T11:22:03.818Z] [INFO] Time: 2026-05-12T11:22:03.818Z
[2026-05-12T11:22:03.818Z] [INFO] DRY_RUN=true | GLOBAL_ENABLED=false | SEND_EMAILS=false
[2026-05-12T11:22:03.818Z] [INFO] LIVE_TEST_ALLOWED_EMAIL=(not set) | LIVE_TEST_MAX_SENDS=0
[2026-05-12T11:22:03.839Z] [WARN] Supabase client check failed: supabaseKey is required. — proceeding with caution (graceful degradation)
[2026-05-12T11:22:04.212Z] [INFO] Fetched 6 leads from HubSpot
[2026-05-12T11:22:04.213Z] [INFO] [DRY_RUN] Would send emailmaria@hubspot.com: step 1 — Pipeline continuity
[2026-05-12T11:22:04.215Z] [WARN] Supabase logActivity exception: supabaseKey is required.
[2026-05-12T11:22:04.216Z] [INFO] [DRY_RUN] Would send bh@hubspot.com: step 1 — Pipeline continuity
[2026-05-12T11:22:04.216Z] [WARN] Supabase logActivity exception: supabaseKey is required.
[2026-05-12T11:22:04.217Z] [INFO] [DRY_RUN] Would send test-contact-2026-05-02@example.com: step 1 — Pipeline continuity
[2026-05-12T11:22:04.217Z] [WARN] Supabase logActivity exception: supabaseKey is required.
[2026-05-12T11:22:04.218Z] [INFO] [DRY_RUN] Would send hubspot-test@qiyadon.com: step 1 — Pipeline continuity
[2026-05-12T11:22:04.218Z] [WARN] Supabase logActivity exception: supabaseKey is required.
[2026-05-12T11:22:04.219Z] [INFO] [DRY_RUN] Would send ahmad.salim@qiyadon.com: step 3 — Follow-up gaps in growing pipelines
[2026-05-12T11:22:04.219Z] [WARN] Supabase logActivity exception: supabaseKey is required.
[2026-05-12T11:22:04.219Z] [INFO] [DRY_RUN] Would send hubspot-live-test2@qiyadon.com: step 1 — Pipeline continuity
[2026-05-12T11:22:04.220Z] [WARN] Supabase logActivity exception: supabaseKey is required.
[2026-05-12T11:22:04.220Z] [INFO] ══════════════════════════════════════════
[2026-05-12T11:22:04.220Z] [INFO] Follow-Up Engine complete
[2026-05-12T11:22:04.221Z] [INFO] Sent: 0 | Skipped: 6 | Escalated: 0 | Errors: 0
[2026-05-12T11:22:04.221Z] [INFO] ══════════════════════════════════════════
[2026-05-12T12:00:00.105Z] [INFO] ══════════════════════════════════════════
[2026-05-12T12:00:00.105Z] [INFO] Follow-Up Engine starting
[2026-05-12T12:00:00.106Z] [INFO] Time: 2026-05-12T12:00:00.106Z
[2026-05-12T12:00:00.106Z] [INFO] DRY_RUN=true | GLOBAL_ENABLED=false | SEND_EMAILS=false
[2026-05-12T12:00:00.106Z] [INFO] LIVE_TEST_ALLOWED_EMAIL=(not set) | LIVE_TEST_MAX_SENDS=0
[2026-05-12T12:00:00.127Z] [WARN] Supabase client check failed: supabaseKey is required. — proceeding with caution (graceful degradation)
[2026-05-12T12:00:00.896Z] [INFO] Fetched 6 leads from HubSpot
[2026-05-12T12:00:00.896Z] [INFO] [DRY_RUN] Would send emailmaria@hubspot.com: step 1 — Pipeline continuity
[2026-05-12T12:00:00.896Z] [WARN] Supabase logActivity exception: supabaseKey is required.
[2026-05-12T12:00:00.897Z] [INFO] [DRY_RUN] Would send bh@hubspot.com: step 1 — Pipeline continuity
[2026-05-12T12:00:00.897Z] [WARN] Supabase logActivity exception: supabaseKey is required.
[2026-05-12T12:00:00.897Z] [INFO] [DRY_RUN] Would send test-contact-2026-05-02@example.com: step 1 — Pipeline continuity
[2026-05-12T12:00:00.897Z] [WARN] Supabase logActivity exception: supabaseKey is required.
[2026-05-12T12:00:00.897Z] [INFO] [DRY_RUN] Would send hubspot-test@qiyadon.com: step 1 — Pipeline continuity
[2026-05-12T12:00:00.897Z] [WARN] Supabase logActivity exception: supabaseKey is required.
[2026-05-12T12:00:00.897Z] [INFO] [DRY_RUN] Would send ahmad.salim@qiyadon.com: step 3 — Follow-up gaps in growing pipelines
[2026-05-12T12:00:00.897Z] [WARN] Supabase logActivity exception: supabaseKey is required.
[2026-05-12T12:00:00.897Z] [INFO] [DRY_RUN] Would send hubspot-live-test2@qiyadon.com: step 1 — Pipeline continuity
[2026-05-12T12:00:00.897Z] [WARN] Supabase logActivity exception: supabaseKey is required.
[2026-05-12T12:00:00.898Z] [INFO] ══════════════════════════════════════════
[2026-05-12T12:00:00.898Z] [INFO] Follow-Up Engine complete
[2026-05-12T12:00:00.898Z] [INFO] Sent: 0 | Skipped: 6 | Escalated: 0 | Errors: 0
[2026-05-12T12:00:00.898Z] [INFO] ══════════════════════════════════════════
[2026-05-12T12:00:01.143Z] [INFO] ══════════════════════════════════════════
[2026-05-12T12:00:01.144Z] [INFO] Follow-Up Engine starting
[2026-05-12T12:00:01.144Z] [INFO] Time: 2026-05-12T12:00:01.144Z
[2026-05-12T12:00:01.144Z] [INFO] DRY_RUN=true | GLOBAL_ENABLED=false | SEND_EMAILS=false
[2026-05-12T12:00:01.144Z] [INFO] LIVE_TEST_ALLOWED_EMAIL=(not set) | LIVE_TEST_MAX_SENDS=0
[2026-05-12T12:00:01.165Z] [WARN] Supabase client check failed: supabaseKey is required. — proceeding with caution (graceful degradation)
[2026-05-12T12:00:01.562Z] [INFO] Fetched 6 leads from HubSpot
[2026-05-12T12:00:01.562Z] [INFO] [DRY_RUN] Would send emailmaria@hubspot.com: step 1 — Pipeline continuity
[2026-05-12T12:00:01.563Z] [WARN] Supabase logActivity exception: supabaseKey is required.
[2026-05-12T12:00:01.563Z] [INFO] [DRY_RUN] Would send bh@hubspot.com: step 1 — Pipeline continuity
[2026-05-12T12:00:01.563Z] [WARN] Supabase logActivity exception: supabaseKey is required.
[2026-05-12T12:00:01.563Z] [INFO] [DRY_RUN] Would send test-contact-2026-05-02@example.com: step 1 — Pipeline continuity
[2026-05-12T12:00:01.563Z] [WARN] Supabase logActivity exception: supabaseKey is required.
[2026-05-12T12:00:01.563Z] [INFO] [DRY_RUN] Would send hubspot-test@qiyadon.com: step 1 — Pipeline continuity
[2026-05-12T12:00:01.563Z] [WARN] Supabase logActivity exception: supabaseKey is required.
[2026-05-12T12:00:01.563Z] [INFO] [DRY_RUN] Would send ahmad.salim@qiyadon.com: step 3 — Follow-up gaps in growing pipelines
[2026-05-12T12:00:01.563Z] [WARN] Supabase logActivity exception: supabaseKey is required.
[2026-05-12T12:00:01.564Z] [INFO] [DRY_RUN] Would send hubspot-live-test2@qiyadon.com: step 1 — Pipeline continuity
[2026-05-12T12:00:01.564Z] [WARN] Supabase logActivity exception: supabaseKey is required.
[2026-05-12T12:00:01.564Z] [INFO] ══════════════════════════════════════════
[2026-05-12T12:00:01.564Z] [INFO] Follow-Up Engine complete
[2026-05-12T12:00:01.564Z] [INFO] Sent: 0 | Skipped: 6 | Escalated: 0 | Errors: 0
[2026-05-12T12:00:01.564Z] [INFO] ══════════════════════════════════════════
[2026-05-12T12:00:01.826Z] [INFO] ══════════════════════════════════════════
[2026-05-12T12:00:01.827Z] [INFO] Follow-Up Engine starting
[2026-05-12T12:00:01.827Z] [INFO] Time: 2026-05-12T12:00:01.827Z
[2026-05-12T12:00:01.827Z] [INFO] DRY_RUN=true | GLOBAL_ENABLED=false | SEND_EMAILS=false
[2026-05-12T12:00:01.827Z] [INFO] LIVE_TEST_ALLOWED_EMAIL=(not set) | LIVE_TEST_MAX_SENDS=0
[2026-05-12T12:00:01.848Z] [WARN] Supabase client check failed: supabaseKey is required. — proceeding with caution (graceful degradation)
[2026-05-12T12:00:02.332Z] [INFO] Fetched 6 leads from HubSpot
[2026-05-12T12:00:02.332Z] [INFO] [DRY_RUN] Would send emailmaria@hubspot.com: step 1 — Pipeline continuity
[2026-05-12T12:00:02.333Z] [WARN] Supabase logActivity exception: supabaseKey is required.
[2026-05-12T12:00:02.333Z] [INFO] [DRY_RUN] Would send bh@hubspot.com: step 1 — Pipeline continuity
[2026-05-12T12:00:02.333Z] [WARN] Supabase logActivity exception: supabaseKey is required.
[2026-05-12T12:00:02.333Z] [INFO] [DRY_RUN] Would send test-contact-2026-05-02@example.com: step 1 — Pipeline continuity
[2026-05-12T12:00:02.333Z] [WARN] Supabase logActivity exception: supabaseKey is required.
[2026-05-12T12:00:02.334Z] [INFO] [DRY_RUN] Would send hubspot-test@qiyadon.com: step 1 — Pipeline continuity
[2026-05-12T12:00:02.334Z] [WARN] Supabase logActivity exception: supabaseKey is required.
[2026-05-12T12:00:02.334Z] [INFO] [DRY_RUN] Would send ahmad.salim@qiyadon.com: step 3 — Follow-up gaps in growing pipelines
[2026-05-12T12:00:02.334Z] [WARN] Supabase logActivity exception: supabaseKey is required.
[2026-05-12T12:00:02.334Z] [INFO] [DRY_RUN] Would send hubspot-live-test2@qiyadon.com: step 1 — Pipeline continuity
[2026-05-12T12:00:02.334Z] [WARN] Supabase logActivity exception: supabaseKey is required.
[2026-05-12T12:00:02.334Z] [INFO] ══════════════════════════════════════════
[2026-05-12T12:00:02.335Z] [INFO] Follow-Up Engine complete
[2026-05-12T12:00:02.335Z] [INFO] Sent: 0 | Skipped: 6 | Escalated: 0 | Errors: 0
[2026-05-12T12:00:02.335Z] [INFO] ══════════════════════════════════════════
[2026-05-12T12:00:02.672Z] [INFO] ══════════════════════════════════════════
[2026-05-12T12:00:02.673Z] [INFO] Follow-Up Engine starting
[2026-05-12T12:00:02.673Z] [INFO] Time: 2026-05-12T12:00:02.673Z
[2026-05-12T12:00:02.673Z] [INFO] DRY_RUN=true | GLOBAL_ENABLED=false | SEND_EMAILS=false
[2026-05-12T12:00:02.673Z] [INFO] LIVE_TEST_ALLOWED_EMAIL=(not set) | LIVE_TEST_MAX_SENDS=0
[2026-05-12T12:00:02.694Z] [WARN] Supabase client check failed: supabaseKey is required. — proceeding with caution (graceful degradation)
[2026-05-12T12:00:03.252Z] [INFO] Fetched 6 leads from HubSpot
[2026-05-12T12:00:03.252Z] [INFO] [DRY_RUN] Would send emailmaria@hubspot.com: step 1 — Pipeline continuity
[2026-05-12T12:00:03.252Z] [WARN] Supabase logActivity exception: supabaseKey is required.
[2026-05-12T12:00:03.253Z] [INFO] [DRY_RUN] Would send bh@hubspot.com: step 1 — Pipeline continuity
[2026-05-12T12:00:03.253Z] [WARN] Supabase logActivity exception: supabaseKey is required.
[2026-05-12T12:00:03.253Z] [INFO] [DRY_RUN] Would send test-contact-2026-05-02@example.com: step 1 — Pipeline continuity
[2026-05-12T12:00:03.253Z] [WARN] Supabase logActivity exception: supabaseKey is required.
[2026-05-12T12:00:03.253Z] [INFO] [DRY_RUN] Would send hubspot-test@qiyadon.com: step 1 — Pipeline continuity
[2026-05-12T12:00:03.253Z] [WARN] Supabase logActivity exception: supabaseKey is required.
[2026-05-12T12:00:03.253Z] [INFO] [DRY_RUN] Would send ahmad.salim@qiyadon.com: step 3 — Follow-up gaps in growing pipelines
[2026-05-12T12:00:03.253Z] [WARN] Supabase logActivity exception: supabaseKey is required.
[2026-05-12T12:00:03.253Z] [INFO] [DRY_RUN] Would send hubspot-live-test2@qiyadon.com: step 1 — Pipeline continuity
[2026-05-12T12:00:03.253Z] [WARN] Supabase logActivity exception: supabaseKey is required.
[2026-05-12T12:00:03.254Z] [INFO] ══════════════════════════════════════════
[2026-05-12T12:00:03.254Z] [INFO] Follow-Up Engine complete
[2026-05-12T12:00:03.254Z] [INFO] Sent: 0 | Skipped: 6 | Escalated: 0 | Errors: 0
[2026-05-12T12:00:03.254Z] [INFO] ══════════════════════════════════════════
[2026-05-12T12:00:03.737Z] [INFO] ══════════════════════════════════════════
[2026-05-12T12:00:03.738Z] [INFO] Follow-Up Engine starting
[2026-05-12T12:00:03.738Z] [INFO] Time: 2026-05-12T12:00:03.738Z
[2026-05-12T12:00:03.738Z] [INFO] DRY_RUN=true | GLOBAL_ENABLED=false | SEND_EMAILS=false
[2026-05-12T12:00:03.738Z] [INFO] LIVE_TEST_ALLOWED_EMAIL=(not set) | LIVE_TEST_MAX_SENDS=0
[2026-05-12T12:00:03.759Z] [WARN] Supabase client check failed: supabaseKey is required. — proceeding with caution (graceful degradation)
[2026-05-12T12:00:04.353Z] [INFO] Fetched 6 leads from HubSpot
[2026-05-12T12:00:04.353Z] [INFO] [DRY_RUN] Would send emailmaria@hubspot.com: step 1 — Pipeline continuity
[2026-05-12T12:00:04.354Z] [WARN] Supabase logActivity exception: supabaseKey is required.
[2026-05-12T12:00:04.354Z] [INFO] [DRY_RUN] Would send bh@hubspot.com: step 1 — Pipeline continuity
[2026-05-12T12:00:04.354Z] [WARN] Supabase logActivity exception: supabaseKey is required.
[2026-05-12T12:00:04.354Z] [INFO] [DRY_RUN] Would send test-contact-2026-05-02@example.com: step 1 — Pipeline continuity
[2026-05-12T12:00:04.354Z] [WARN] Supabase logActivity exception: supabaseKey is required.
[2026-05-12T12:00:04.354Z] [INFO] [DRY_RUN] Would send hubspot-test@qiyadon.com: step 1 — Pipeline continuity
[2026-05-12T12:00:04.354Z] [WARN] Supabase logActivity exception: supabaseKey is required.
[2026-05-12T12:00:04.354Z] [INFO] [DRY_RUN] Would send ahmad.salim@qiyadon.com: step 3 — Follow-up gaps in growing pipelines
[2026-05-12T12:00:04.355Z] [WARN] Supabase logActivity exception: supabaseKey is required.
[2026-05-12T12:00:04.355Z] [INFO] [DRY_RUN] Would send hubspot-live-test2@qiyadon.com: step 1 — Pipeline continuity
[2026-05-12T12:00:04.355Z] [WARN] Supabase logActivity exception: supabaseKey is required.
[2026-05-12T12:00:04.355Z] [INFO] ══════════════════════════════════════════
[2026-05-12T12:00:04.355Z] [INFO] Follow-Up Engine complete
[2026-05-12T12:00:04.355Z] [INFO] Sent: 0 | Skipped: 6 | Escalated: 0 | Errors: 0
[2026-05-12T12:00:04.355Z] [INFO] ══════════════════════════════════════════
[2026-05-12T12:00:04.971Z] [INFO] ══════════════════════════════════════════
[2026-05-12T12:00:04.972Z] [INFO] Follow-Up Engine starting
[2026-05-12T12:00:04.972Z] [INFO] Time: 2026-05-12T12:00:04.972Z
[2026-05-12T12:00:04.972Z] [INFO] DRY_RUN=true | GLOBAL_ENABLED=false | SEND_EMAILS=false
[2026-05-12T12:00:04.972Z] [INFO] LIVE_TEST_ALLOWED_EMAIL=(not set) | LIVE_TEST_MAX_SENDS=0
[2026-05-12T12:00:04.993Z] [WARN] Supabase client check failed: supabaseKey is required. — proceeding with caution (graceful degradation)
[2026-05-12T12:00:05.420Z] [INFO] Fetched 6 leads from HubSpot
[2026-05-12T12:00:05.421Z] [INFO] [DRY_RUN] Would send emailmaria@hubspot.com: step 1 — Pipeline continuity
[2026-05-12T12:00:05.422Z] [WARN] Supabase logActivity exception: supabaseKey is required.
[2026-05-12T12:00:05.423Z] [INFO] [DRY_RUN] Would send bh@hubspot.com: step 1 — Pipeline continuity
[2026-05-12T12:00:05.424Z] [WARN] Supabase logActivity exception: supabaseKey is required.
[2026-05-12T12:00:05.424Z] [INFO] [DRY_RUN] Would send test-contact-2026-05-02@example.com: step 1 — Pipeline continuity
[2026-05-12T12:00:05.425Z] [WARN] Supabase logActivity exception: supabaseKey is required.
[2026-05-12T12:00:05.425Z] [INFO] [DRY_RUN] Would send hubspot-test@qiyadon.com: step 1 — Pipeline continuity
[2026-05-12T12:00:05.425Z] [WARN] Supabase logActivity exception: supabaseKey is required.
[2026-05-12T12:00:05.426Z] [INFO] [DRY_RUN] Would send ahmad.salim@qiyadon.com: step 3 — Follow-up gaps in growing pipelines
[2026-05-12T12:00:05.426Z] [WARN] Supabase logActivity exception: supabaseKey is required.
[2026-05-12T12:00:05.427Z] [INFO] [DRY_RUN] Would send hubspot-live-test2@qiyadon.com: step 1 — Pipeline continuity
[2026-05-12T12:00:05.427Z] [WARN] Supabase logActivity exception: supabaseKey is required.
[2026-05-12T12:00:05.427Z] [INFO] ══════════════════════════════════════════
[2026-05-12T12:00:05.428Z] [INFO] Follow-Up Engine complete
[2026-05-12T12:00:05.428Z] [INFO] Sent: 0 | Skipped: 6 | Escalated: 0 | Errors: 0
[2026-05-12T12:00:05.428Z] [INFO] ══════════════════════════════════════════
[2026-05-12T12:00:06.304Z] [INFO] ══════════════════════════════════════════
[2026-05-12T12:00:06.305Z] [INFO] Follow-Up Engine starting
[2026-05-12T12:00:06.305Z] [INFO] Time: 2026-05-12T12:00:06.305Z
[2026-05-12T12:00:06.305Z] [INFO] DRY_RUN=true | GLOBAL_ENABLED=false | SEND_EMAILS=false
[2026-05-12T12:00:06.305Z] [INFO] LIVE_TEST_ALLOWED_EMAIL=(not set) | LIVE_TEST_MAX_SENDS=0
[2026-05-12T12:00:06.326Z] [WARN] Supabase client check failed: supabaseKey is required. — proceeding with caution (graceful degradation)
[2026-05-12T12:00:06.763Z] [INFO] Fetched 6 leads from HubSpot
[2026-05-12T12:00:06.763Z] [INFO] [DRY_RUN] Would send emailmaria@hubspot.com: step 1 — Pipeline continuity
[2026-05-12T12:00:06.764Z] [WARN] Supabase logActivity exception: supabaseKey is required.
[2026-05-12T12:00:06.764Z] [INFO] [DRY_RUN] Would send bh@hubspot.com: step 1 — Pipeline continuity
[2026-05-12T12:00:06.764Z] [WARN] Supabase logActivity exception: supabaseKey is required.
[2026-05-12T12:00:06.764Z] [INFO] [DRY_RUN] Would send test-contact-2026-05-02@example.com: step 1 — Pipeline continuity
[2026-05-12T12:00:06.764Z] [WARN] Supabase logActivity exception: supabaseKey is required.
[2026-05-12T12:00:06.764Z] [INFO] [DRY_RUN] Would send hubspot-test@qiyadon.com: step 1 — Pipeline continuity
[2026-05-12T12:00:06.764Z] [WARN] Supabase logActivity exception: supabaseKey is required.
[2026-05-12T12:00:06.764Z] [INFO] [DRY_RUN] Would send ahmad.salim@qiyadon.com: step 3 — Follow-up gaps in growing pipelines
[2026-05-12T12:00:06.765Z] [WARN] Supabase logActivity exception: supabaseKey is required.
[2026-05-12T12:00:06.765Z] [INFO] [DRY_RUN] Would send hubspot-live-test2@qiyadon.com: step 1 — Pipeline continuity
[2026-05-12T12:00:06.765Z] [WARN] Supabase logActivity exception: supabaseKey is required.
[2026-05-12T12:00:06.765Z] [INFO] ══════════════════════════════════════════
[2026-05-12T12:00:06.765Z] [INFO] Follow-Up Engine complete
[2026-05-12T12:00:06.765Z] [INFO] Sent: 0 | Skipped: 6 | Escalated: 0 | Errors: 0
[2026-05-12T12:00:06.765Z] [INFO] ══════════════════════════════════════════
[2026-05-12T12:00:08.012Z] [INFO] ══════════════════════════════════════════
[2026-05-12T12:00:08.013Z] [INFO] Follow-Up Engine starting
[2026-05-12T12:00:08.013Z] [INFO] Time: 2026-05-12T12:00:08.013Z
[2026-05-12T12:00:08.013Z] [INFO] DRY_RUN=true | GLOBAL_ENABLED=false | SEND_EMAILS=false
[2026-05-12T12:00:08.013Z] [INFO] LIVE_TEST_ALLOWED_EMAIL=(not set) | LIVE_TEST_MAX_SENDS=0
[2026-05-12T12:00:08.034Z] [WARN] Supabase client check failed: supabaseKey is required. — proceeding with caution (graceful degradation)
[2026-05-12T12:00:08.634Z] [INFO] Fetched 6 leads from HubSpot
[2026-05-12T12:00:08.634Z] [INFO] [DRY_RUN] Would send emailmaria@hubspot.com: step 1 — Pipeline continuity
[2026-05-12T12:00:08.635Z] [WARN] Supabase logActivity exception: supabaseKey is required.
[2026-05-12T12:00:08.635Z] [INFO] [DRY_RUN] Would send bh@hubspot.com: step 1 — Pipeline continuity
[2026-05-12T12:00:08.635Z] [WARN] Supabase logActivity exception: supabaseKey is required.
[2026-05-12T12:00:08.635Z] [INFO] [DRY_RUN] Would send test-contact-2026-05-02@example.com: step 1 — Pipeline continuity
[2026-05-12T12:00:08.635Z] [WARN] Supabase logActivity exception: supabaseKey is required.
[2026-05-12T12:00:08.635Z] [INFO] [DRY_RUN] Would send hubspot-test@qiyadon.com: step 1 — Pipeline continuity
[2026-05-12T12:00:08.635Z] [WARN] Supabase logActivity exception: supabaseKey is required.
[2026-05-12T12:00:08.635Z] [INFO] [DRY_RUN] Would send ahmad.salim@qiyadon.com: step 3 — Follow-up gaps in growing pipelines
[2026-05-12T12:00:08.635Z] [WARN] Supabase logActivity exception: supabaseKey is required.
[2026-05-12T12:00:08.636Z] [INFO] [DRY_RUN] Would send hubspot-live-test2@qiyadon.com: step 1 — Pipeline continuity
[2026-05-12T12:00:08.636Z] [WARN] Supabase logActivity exception: supabaseKey is required.
[2026-05-12T12:00:08.636Z] [INFO] ══════════════════════════════════════════
[2026-05-12T12:00:08.636Z] [INFO] Follow-Up Engine complete
[2026-05-12T12:00:08.636Z] [INFO] Sent: 0 | Skipped: 6 | Escalated: 0 | Errors: 0
[2026-05-12T12:00:08.636Z] [INFO] ══════════════════════════════════════════
[2026-05-12T12:00:10.452Z] [INFO] ══════════════════════════════════════════
[2026-05-12T12:00:10.453Z] [INFO] Follow-Up Engine starting
[2026-05-12T12:00:10.453Z] [INFO] Time: 2026-05-12T12:00:10.453Z
[2026-05-12T12:00:10.453Z] [INFO] DRY_RUN=true | GLOBAL_ENABLED=false | SEND_EMAILS=false
[2026-05-12T12:00:10.453Z] [INFO] LIVE_TEST_ALLOWED_EMAIL=(not set) | LIVE_TEST_MAX_SENDS=0
[2026-05-12T12:00:10.474Z] [WARN] Supabase client check failed: supabaseKey is required. — proceeding with caution (graceful degradation)
[2026-05-12T12:00:11.129Z] [INFO] Fetched 6 leads from HubSpot
[2026-05-12T12:00:11.129Z] [INFO] [DRY_RUN] Would send emailmaria@hubspot.com: step 1 — Pipeline continuity
[2026-05-12T12:00:11.130Z] [WARN] Supabase logActivity exception: supabaseKey is required.
[2026-05-12T12:00:11.130Z] [INFO] [DRY_RUN] Would send bh@hubspot.com: step 1 — Pipeline continuity
[2026-05-12T12:00:11.130Z] [WARN] Supabase logActivity exception: supabaseKey is required.
[2026-05-12T12:00:11.130Z] [INFO] [DRY_RUN] Would send test-contact-2026-05-02@example.com: step 1 — Pipeline continuity
[2026-05-12T12:00:11.130Z] [WARN] Supabase logActivity exception: supabaseKey is required.
[2026-05-12T12:00:11.130Z] [INFO] [DRY_RUN] Would send hubspot-test@qiyadon.com: step 1 — Pipeline continuity
[2026-05-12T12:00:11.130Z] [WARN] Supabase logActivity exception: supabaseKey is required.
[2026-05-12T12:00:11.130Z] [INFO] [DRY_RUN] Would send ahmad.salim@qiyadon.com: step 3 — Follow-up gaps in growing pipelines
[2026-05-12T12:00:11.131Z] [WARN] Supabase logActivity exception: supabaseKey is required.
[2026-05-12T12:00:11.131Z] [INFO] [DRY_RUN] Would send hubspot-live-test2@qiyadon.com: step 1 — Pipeline continuity
[2026-05-12T12:00:11.131Z] [WARN] Supabase logActivity exception: supabaseKey is required.
[2026-05-12T12:00:11.131Z] [INFO] ══════════════════════════════════════════
[2026-05-12T12:00:11.131Z] [INFO] Follow-Up Engine complete
[2026-05-12T12:00:11.131Z] [INFO] Sent: 0 | Skipped: 6 | Escalated: 0 | Errors: 0
[2026-05-12T12:00:11.131Z] [INFO] ══════════════════════════════════════════
[2026-05-12T12:00:13.796Z] [INFO] ══════════════════════════════════════════
[2026-05-12T12:00:13.797Z] [INFO] Follow-Up Engine starting
[2026-05-12T12:00:13.797Z] [INFO] Time: 2026-05-12T12:00:13.797Z
[2026-05-12T12:00:13.797Z] [INFO] DRY_RUN=true | GLOBAL_ENABLED=false | SEND_EMAILS=false
[2026-05-12T12:00:13.798Z] [INFO] LIVE_TEST_ALLOWED_EMAIL=(not set) | LIVE_TEST_MAX_SENDS=0
[2026-05-12T12:00:13.818Z] [WARN] Supabase client check failed: supabaseKey is required. — proceeding with caution (graceful degradation)
[2026-05-12T12:00:14.385Z] [INFO] Fetched 6 leads from HubSpot
[2026-05-12T12:00:14.385Z] [INFO] [DRY_RUN] Would send emailmaria@hubspot.com: step 1 — Pipeline continuity
[2026-05-12T12:00:14.386Z] [WARN] Supabase logActivity exception: supabaseKey is required.
[2026-05-12T12:00:14.386Z] [INFO] [DRY_RUN] Would send bh@hubspot.com: step 1 — Pipeline continuity
[2026-05-12T12:00:14.386Z] [WARN] Supabase logActivity exception: supabaseKey is required.
[2026-05-12T12:00:14.386Z] [INFO] [DRY_RUN] Would send test-contact-2026-05-02@example.com: step 1 — Pipeline continuity
[2026-05-12T12:00:14.386Z] [WARN] Supabase logActivity exception: supabaseKey is required.
[2026-05-12T12:00:14.386Z] [INFO] [DRY_RUN] Would send hubspot-test@qiyadon.com: step 1 — Pipeline continuity
[2026-05-12T12:00:14.386Z] [WARN] Supabase logActivity exception: supabaseKey is required.
[2026-05-12T12:00:14.386Z] [INFO] [DRY_RUN] Would send ahmad.salim@qiyadon.com: step 3 — Follow-up gaps in growing pipelines
[2026-05-12T12:00:14.386Z] [WARN] Supabase logActivity exception: supabaseKey is required.
[2026-05-12T12:00:14.387Z] [INFO] [DRY_RUN] Would send hubspot-live-test2@qiyadon.com: step 1 — Pipeline continuity
[2026-05-12T12:00:14.387Z] [WARN] Supabase logActivity exception: supabaseKey is required.
[2026-05-12T12:00:14.387Z] [INFO] ══════════════════════════════════════════
[2026-05-12T12:00:14.387Z] [INFO] Follow-Up Engine complete
[2026-05-12T12:00:14.387Z] [INFO] Sent: 0 | Skipped: 6 | Escalated: 0 | Errors: 0
[2026-05-12T12:00:14.387Z] [INFO] ══════════════════════════════════════════
[2026-05-12T13:00:00.109Z] [INFO] ══════════════════════════════════════════
[2026-05-12T13:00:00.109Z] [INFO] Follow-Up Engine starting
[2026-05-12T13:00:00.110Z] [INFO] Time: 2026-05-12T13:00:00.110Z
[2026-05-12T13:00:00.110Z] [INFO] DRY_RUN=true | GLOBAL_ENABLED=false | SEND_EMAILS=false
[2026-05-12T13:00:00.110Z] [INFO] LIVE_TEST_ALLOWED_EMAIL=(not set) | LIVE_TEST_MAX_SENDS=0
[2026-05-12T13:00:00.131Z] [WARN] Supabase client check failed: supabaseKey is required. — proceeding with caution (graceful degradation)
[2026-05-12T13:00:00.562Z] [INFO] Fetched 6 leads from HubSpot
[2026-05-12T13:00:00.562Z] [INFO] [DRY_RUN] Would send emailmaria@hubspot.com: step 1 — Pipeline continuity
[2026-05-12T13:00:00.562Z] [WARN] Supabase logActivity exception: supabaseKey is required.
[2026-05-12T13:00:00.562Z] [INFO] [DRY_RUN] Would send bh@hubspot.com: step 1 — Pipeline continuity
[2026-05-12T13:00:00.563Z] [WARN] Supabase logActivity exception: supabaseKey is required.
[2026-05-12T13:00:00.563Z] [INFO] [DRY_RUN] Would send test-contact-2026-05-02@example.com: step 1 — Pipeline continuity
[2026-05-12T13:00:00.563Z] [WARN] Supabase logActivity exception: supabaseKey is required.
[2026-05-12T13:00:00.563Z] [INFO] [DRY_RUN] Would send hubspot-test@qiyadon.com: step 1 — Pipeline continuity
[2026-05-12T13:00:00.563Z] [WARN] Supabase logActivity exception: supabaseKey is required.
[2026-05-12T13:00:00.563Z] [INFO] [DRY_RUN] Would send ahmad.salim@qiyadon.com: step 3 — Follow-up gaps in growing pipelines
[2026-05-12T13:00:00.563Z] [WARN] Supabase logActivity exception: supabaseKey is required.
[2026-05-12T13:00:00.563Z] [INFO] [DRY_RUN] Would send hubspot-live-test2@qiyadon.com: step 1 — Pipeline continuity
[2026-05-12T13:00:00.563Z] [WARN] Supabase logActivity exception: supabaseKey is required.
[2026-05-12T13:00:00.563Z] [INFO] ══════════════════════════════════════════
[2026-05-12T13:00:00.564Z] [INFO] Follow-Up Engine complete
[2026-05-12T13:00:00.564Z] [INFO] Sent: 0 | Skipped: 6 | Escalated: 0 | Errors: 0
[2026-05-12T13:00:00.564Z] [INFO] ══════════════════════════════════════════
[2026-05-12T13:00:00.777Z] [INFO] ══════════════════════════════════════════
[2026-05-12T13:00:00.778Z] [INFO] Follow-Up Engine starting
[2026-05-12T13:00:00.778Z] [INFO] Time: 2026-05-12T13:00:00.778Z
[2026-05-12T13:00:00.778Z] [INFO] DRY_RUN=true | GLOBAL_ENABLED=false | SEND_EMAILS=false
[2026-05-12T13:00:00.778Z] [INFO] LIVE_TEST_ALLOWED_EMAIL=(not set) | LIVE_TEST_MAX_SENDS=0
[2026-05-12T13:00:00.799Z] [WARN] Supabase client check failed: supabaseKey is required. — proceeding with caution (graceful degradation)
[2026-05-12T13:00:01.273Z] [INFO] Fetched 6 leads from HubSpot
[2026-05-12T13:00:01.273Z] [INFO] [DRY_RUN] Would send emailmaria@hubspot.com: step 1 — Pipeline continuity
[2026-05-12T13:00:01.273Z] [WARN] Supabase logActivity exception: supabaseKey is required.
[2026-05-12T13:00:01.274Z] [INFO] [DRY_RUN] Would send bh@hubspot.com: step 1 — Pipeline continuity
[2026-05-12T13:00:01.274Z] [WARN] Supabase logActivity exception: supabaseKey is required.
[2026-05-12T13:00:01.274Z] [INFO] [DRY_RUN] Would send test-contact-2026-05-02@example.com: step 1 — Pipeline continuity
[2026-05-12T13:00:01.274Z] [WARN] Supabase logActivity exception: supabaseKey is required.
[2026-05-12T13:00:01.274Z] [INFO] [DRY_RUN] Would send hubspot-test@qiyadon.com: step 1 — Pipeline continuity
[2026-05-12T13:00:01.274Z] [WARN] Supabase logActivity exception: supabaseKey is required.
[2026-05-12T13:00:01.274Z] [INFO] [DRY_RUN] Would send ahmad.salim@qiyadon.com: step 3 — Follow-up gaps in growing pipelines
[2026-05-12T13:00:01.274Z] [WARN] Supabase logActivity exception: supabaseKey is required.
[2026-05-12T13:00:01.274Z] [INFO] [DRY_RUN] Would send hubspot-live-test2@qiyadon.com: step 1 — Pipeline continuity
[2026-05-12T13:00:01.274Z] [WARN] Supabase logActivity exception: supabaseKey is required.
[2026-05-12T13:00:01.274Z] [INFO] ══════════════════════════════════════════
[2026-05-12T13:00:01.275Z] [INFO] Follow-Up Engine complete
[2026-05-12T13:00:01.275Z] [INFO] Sent: 0 | Skipped: 6 | Escalated: 0 | Errors: 0
[2026-05-12T13:00:01.275Z] [INFO] ══════════════════════════════════════════
[2026-05-12T13:00:01.539Z] [INFO] ══════════════════════════════════════════
[2026-05-12T13:00:01.540Z] [INFO] Follow-Up Engine starting
[2026-05-12T13:00:01.540Z] [INFO] Time: 2026-05-12T13:00:01.540Z
[2026-05-12T13:00:01.540Z] [INFO] DRY_RUN=true | GLOBAL_ENABLED=false | SEND_EMAILS=false
[2026-05-12T13:00:01.540Z] [INFO] LIVE_TEST_ALLOWED_EMAIL=(not set) | LIVE_TEST_MAX_SENDS=0
[2026-05-12T13:00:01.561Z] [WARN] Supabase client check failed: supabaseKey is required. — proceeding with caution (graceful degradation)
[2026-05-12T13:00:02.033Z] [INFO] Fetched 6 leads from HubSpot
[2026-05-12T13:00:02.033Z] [INFO] [DRY_RUN] Would send emailmaria@hubspot.com: step 1 — Pipeline continuity
[2026-05-12T13:00:02.033Z] [WARN] Supabase logActivity exception: supabaseKey is required.
[2026-05-12T13:00:02.034Z] [INFO] [DRY_RUN] Would send bh@hubspot.com: step 1 — Pipeline continuity
[2026-05-12T13:00:02.034Z] [WARN] Supabase logActivity exception: supabaseKey is required.
[2026-05-12T13:00:02.034Z] [INFO] [DRY_RUN] Would send test-contact-2026-05-02@example.com: step 1 — Pipeline continuity
[2026-05-12T13:00:02.034Z] [WARN] Supabase logActivity exception: supabaseKey is required.
[2026-05-12T13:00:02.034Z] [INFO] [DRY_RUN] Would send hubspot-test@qiyadon.com: step 1 — Pipeline continuity
[2026-05-12T13:00:02.034Z] [WARN] Supabase logActivity exception: supabaseKey is required.
[2026-05-12T13:00:02.034Z] [INFO] [DRY_RUN] Would send ahmad.salim@qiyadon.com: step 3 — Follow-up gaps in growing pipelines
[2026-05-12T13:00:02.034Z] [WARN] Supabase logActivity exception: supabaseKey is required.
[2026-05-12T13:00:02.034Z] [INFO] [DRY_RUN] Would send hubspot-live-test2@qiyadon.com: step 1 — Pipeline continuity
[2026-05-12T13:00:02.034Z] [WARN] Supabase logActivity exception: supabaseKey is required.
[2026-05-12T13:00:02.034Z] [INFO] ══════════════════════════════════════════
[2026-05-12T13:00:02.035Z] [INFO] Follow-Up Engine complete
[2026-05-12T13:00:02.035Z] [INFO] Sent: 0 | Skipped: 6 | Escalated: 0 | Errors: 0
[2026-05-12T13:00:02.035Z] [INFO] ══════════════════════════════════════════
[2026-05-12T13:00:02.407Z] [INFO] ══════════════════════════════════════════
[2026-05-12T13:00:02.408Z] [INFO] Follow-Up Engine starting
[2026-05-12T13:00:02.408Z] [INFO] Time: 2026-05-12T13:00:02.408Z
[2026-05-12T13:00:02.408Z] [INFO] DRY_RUN=true | GLOBAL_ENABLED=false | SEND_EMAILS=false
[2026-05-12T13:00:02.408Z] [INFO] LIVE_TEST_ALLOWED_EMAIL=(not set) | LIVE_TEST_MAX_SENDS=0
[2026-05-12T13:00:02.429Z] [WARN] Supabase client check failed: supabaseKey is required. — proceeding with caution (graceful degradation)
[2026-05-12T13:00:03.090Z] [INFO] Fetched 6 leads from HubSpot
[2026-05-12T13:00:03.090Z] [INFO] [DRY_RUN] Would send emailmaria@hubspot.com: step 1 — Pipeline continuity
[2026-05-12T13:00:03.090Z] [WARN] Supabase logActivity exception: supabaseKey is required.
[2026-05-12T13:00:03.091Z] [INFO] [DRY_RUN] Would send bh@hubspot.com: step 1 — Pipeline continuity
[2026-05-12T13:00:03.091Z] [WARN] Supabase logActivity exception: supabaseKey is required.
[2026-05-12T13:00:03.091Z] [INFO] [DRY_RUN] Would send test-contact-2026-05-02@example.com: step 1 — Pipeline continuity
[2026-05-12T13:00:03.091Z] [WARN] Supabase logActivity exception: supabaseKey is required.
[2026-05-12T13:00:03.091Z] [INFO] [DRY_RUN] Would send hubspot-test@qiyadon.com: step 1 — Pipeline continuity
[2026-05-12T13:00:03.091Z] [WARN] Supabase logActivity exception: supabaseKey is required.
[2026-05-12T13:00:03.091Z] [INFO] [DRY_RUN] Would send ahmad.salim@qiyadon.com: step 3 — Follow-up gaps in growing pipelines
[2026-05-12T13:00:03.091Z] [WARN] Supabase logActivity exception: supabaseKey is required.
[2026-05-12T13:00:03.091Z] [INFO] [DRY_RUN] Would send hubspot-live-test2@qiyadon.com: step 1 — Pipeline continuity
[2026-05-12T13:00:03.091Z] [WARN] Supabase logActivity exception: supabaseKey is required.
[2026-05-12T13:00:03.091Z] [INFO] ══════════════════════════════════════════
[2026-05-12T13:00:03.092Z] [INFO] Follow-Up Engine complete
[2026-05-12T13:00:03.092Z] [INFO] Sent: 0 | Skipped: 6 | Escalated: 0 | Errors: 0
[2026-05-12T13:00:03.092Z] [INFO] ══════════════════════════════════════════
[2026-05-12T13:00:03.575Z] [INFO] ══════════════════════════════════════════
[2026-05-12T13:00:03.576Z] [INFO] Follow-Up Engine starting
[2026-05-12T13:00:03.577Z] [INFO] Time: 2026-05-12T13:00:03.577Z
[2026-05-12T13:00:03.577Z] [INFO] DRY_RUN=true | GLOBAL_ENABLED=false | SEND_EMAILS=false
[2026-05-12T13:00:03.577Z] [INFO] LIVE_TEST_ALLOWED_EMAIL=(not set) | LIVE_TEST_MAX_SENDS=0
[2026-05-12T13:00:03.598Z] [WARN] Supabase client check failed: supabaseKey is required. — proceeding with caution (graceful degradation)
[2026-05-12T13:00:04.167Z] [INFO] Fetched 6 leads from HubSpot
[2026-05-12T13:00:04.167Z] [INFO] [DRY_RUN] Would send emailmaria@hubspot.com: step 1 — Pipeline continuity
[2026-05-12T13:00:04.167Z] [WARN] Supabase logActivity exception: supabaseKey is required.
[2026-05-12T13:00:04.168Z] [INFO] [DRY_RUN] Would send bh@hubspot.com: step 1 — Pipeline continuity
[2026-05-12T13:00:04.168Z] [WARN] Supabase logActivity exception: supabaseKey is required.
[2026-05-12T13:00:04.168Z] [INFO] [DRY_RUN] Would send test-contact-2026-05-02@example.com: step 1 — Pipeline continuity
[2026-05-12T13:00:04.168Z] [WARN] Supabase logActivity exception: supabaseKey is required.
[2026-05-12T13:00:04.168Z] [INFO] [DRY_RUN] Would send hubspot-test@qiyadon.com: step 1 — Pipeline continuity
[2026-05-12T13:00:04.168Z] [WARN] Supabase logActivity exception: supabaseKey is required.
[2026-05-12T13:00:04.168Z] [INFO] [DRY_RUN] Would send ahmad.salim@qiyadon.com: step 3 — Follow-up gaps in growing pipelines
[2026-05-12T13:00:04.168Z] [WARN] Supabase logActivity exception: supabaseKey is required.
[2026-05-12T13:00:04.168Z] [INFO] [DRY_RUN] Would send hubspot-live-test2@qiyadon.com: step 1 — Pipeline continuity
[2026-05-12T13:00:04.169Z] [WARN] Supabase logActivity exception: supabaseKey is required.
[2026-05-12T13:00:04.169Z] [INFO] ══════════════════════════════════════════
[2026-05-12T13:00:04.169Z] [INFO] Follow-Up Engine complete
[2026-05-12T13:00:04.169Z] [INFO] Sent: 0 | Skipped: 6 | Escalated: 0 | Errors: 0
[2026-05-12T13:00:04.169Z] [INFO] ══════════════════════════════════════════
[2026-05-12T13:00:04.786Z] [INFO] ══════════════════════════════════════════
[2026-05-12T13:00:04.787Z] [INFO] Follow-Up Engine starting
[2026-05-12T13:00:04.787Z] [INFO] Time: 2026-05-12T13:00:04.787Z
[2026-05-12T13:00:04.787Z] [INFO] DRY_RUN=true | GLOBAL_ENABLED=false | SEND_EMAILS=false
[2026-05-12T13:00:04.788Z] [INFO] LIVE_TEST_ALLOWED_EMAIL=(not set) | LIVE_TEST_MAX_SENDS=0
[2026-05-12T13:00:04.808Z] [WARN] Supabase client check failed: supabaseKey is required. — proceeding with caution (graceful degradation)
[2026-05-12T13:00:05.356Z] [INFO] Fetched 6 leads from HubSpot
[2026-05-12T13:00:05.356Z] [INFO] [DRY_RUN] Would send emailmaria@hubspot.com: step 1 — Pipeline continuity
[2026-05-12T13:00:05.356Z] [WARN] Supabase logActivity exception: supabaseKey is required.
[2026-05-12T13:00:05.357Z] [INFO] [DRY_RUN] Would send bh@hubspot.com: step 1 — Pipeline continuity
[2026-05-12T13:00:05.357Z] [WARN] Supabase logActivity exception: supabaseKey is required.
[2026-05-12T13:00:05.357Z] [INFO] [DRY_RUN] Would send test-contact-2026-05-02@example.com: step 1 — Pipeline continuity
[2026-05-12T13:00:05.357Z] [WARN] Supabase logActivity exception: supabaseKey is required.
[2026-05-12T13:00:05.357Z] [INFO] [DRY_RUN] Would send hubspot-test@qiyadon.com: step 1 — Pipeline continuity
[2026-05-12T13:00:05.357Z] [WARN] Supabase logActivity exception: supabaseKey is required.
[2026-05-12T13:00:05.357Z] [INFO] [DRY_RUN] Would send ahmad.salim@qiyadon.com: step 3 — Follow-up gaps in growing pipelines
[2026-05-12T13:00:05.357Z] [WARN] Supabase logActivity exception: supabaseKey is required.
[2026-05-12T13:00:05.357Z] [INFO] [DRY_RUN] Would send hubspot-live-test2@qiyadon.com: step 1 — Pipeline continuity
[2026-05-12T13:00:05.358Z] [WARN] Supabase logActivity exception: supabaseKey is required.
[2026-05-12T13:00:05.358Z] [INFO] ══════════════════════════════════════════
[2026-05-12T13:00:05.358Z] [INFO] Follow-Up Engine complete
[2026-05-12T13:00:05.358Z] [INFO] Sent: 0 | Skipped: 6 | Escalated: 0 | Errors: 0
[2026-05-12T13:00:05.358Z] [INFO] ══════════════════════════════════════════
[2026-05-12T13:00:06.227Z] [INFO] ══════════════════════════════════════════
[2026-05-12T13:00:06.228Z] [INFO] Follow-Up Engine starting
[2026-05-12T13:00:06.228Z] [INFO] Time: 2026-05-12T13:00:06.228Z
[2026-05-12T13:00:06.228Z] [INFO] DRY_RUN=true | GLOBAL_ENABLED=false | SEND_EMAILS=false
[2026-05-12T13:00:06.228Z] [INFO] LIVE_TEST_ALLOWED_EMAIL=(not set) | LIVE_TEST_MAX_SENDS=0
[2026-05-12T13:00:06.249Z] [WARN] Supabase client check failed: supabaseKey is required. — proceeding with caution (graceful degradation)
[2026-05-12T13:00:06.732Z] [INFO] Fetched 6 leads from HubSpot
[2026-05-12T13:00:06.732Z] [INFO] [DRY_RUN] Would send emailmaria@hubspot.com: step 1 — Pipeline continuity
[2026-05-12T13:00:06.732Z] [WARN] Supabase logActivity exception: supabaseKey is required.
[2026-05-12T13:00:06.732Z] [INFO] [DRY_RUN] Would send bh@hubspot.com: step 1 — Pipeline continuity
[2026-05-12T13:00:06.733Z] [WARN] Supabase logActivity exception: supabaseKey is required.
[2026-05-12T13:00:06.733Z] [INFO] [DRY_RUN] Would send test-contact-2026-05-02@example.com: step 1 — Pipeline continuity
[2026-05-12T13:00:06.733Z] [WARN] Supabase logActivity exception: supabaseKey is required.
[2026-05-12T13:00:06.733Z] [INFO] [DRY_RUN] Would send hubspot-test@qiyadon.com: step 1 — Pipeline continuity
[2026-05-12T13:00:06.733Z] [WARN] Supabase logActivity exception: supabaseKey is required.
[2026-05-12T13:00:06.733Z] [INFO] [DRY_RUN] Would send ahmad.salim@qiyadon.com: step 3 — Follow-up gaps in growing pipelines
[2026-05-12T13:00:06.733Z] [WARN] Supabase logActivity exception: supabaseKey is required.
[2026-05-12T13:00:06.733Z] [INFO] [DRY_RUN] Would send hubspot-live-test2@qiyadon.com: step 1 — Pipeline continuity
[2026-05-12T13:00:06.733Z] [WARN] Supabase logActivity exception: supabaseKey is required.
[2026-05-12T13:00:06.733Z] [INFO] ══════════════════════════════════════════
[2026-05-12T13:00:06.733Z] [INFO] Follow-Up Engine complete
[2026-05-12T13:00:06.733Z] [INFO] Sent: 0 | Skipped: 6 | Escalated: 0 | Errors: 0
[2026-05-12T13:00:06.734Z] [INFO] ══════════════════════════════════════════
[2026-05-12T13:00:07.980Z] [INFO] ══════════════════════════════════════════
[2026-05-12T13:00:07.981Z] [INFO] Follow-Up Engine starting
[2026-05-12T13:00:07.981Z] [INFO] Time: 2026-05-12T13:00:07.981Z
[2026-05-12T13:00:07.981Z] [INFO] DRY_RUN=true | GLOBAL_ENABLED=false | SEND_EMAILS=false
[2026-05-12T13:00:07.981Z] [INFO] LIVE_TEST_ALLOWED_EMAIL=(not set) | LIVE_TEST_MAX_SENDS=0
[2026-05-12T13:00:08.002Z] [WARN] Supabase client check failed: supabaseKey is required. — proceeding with caution (graceful degradation)
[2026-05-12T13:00:08.591Z] [INFO] Fetched 6 leads from HubSpot
[2026-05-12T13:00:08.591Z] [INFO] [DRY_RUN] Would send emailmaria@hubspot.com: step 1 — Pipeline continuity
[2026-05-12T13:00:08.595Z] [WARN] Supabase logActivity exception: supabaseKey is required.
[2026-05-12T13:00:08.596Z] [INFO] [DRY_RUN] Would send bh@hubspot.com: step 1 — Pipeline continuity
[2026-05-12T13:00:08.596Z] [WARN] Supabase logActivity exception: supabaseKey is required.
[2026-05-12T13:00:08.596Z] [INFO] [DRY_RUN] Would send test-contact-2026-05-02@example.com: step 1 — Pipeline continuity
[2026-05-12T13:00:08.596Z] [WARN] Supabase logActivity exception: supabaseKey is required.
[2026-05-12T13:00:08.596Z] [INFO] [DRY_RUN] Would send hubspot-test@qiyadon.com: step 1 — Pipeline continuity
[2026-05-12T13:00:08.596Z] [WARN] Supabase logActivity exception: supabaseKey is required.
[2026-05-12T13:00:08.597Z] [INFO] [DRY_RUN] Would send ahmad.salim@qiyadon.com: step 3 — Follow-up gaps in growing pipelines
[2026-05-12T13:00:08.597Z] [WARN] Supabase logActivity exception: supabaseKey is required.
[2026-05-12T13:00:08.597Z] [INFO] [DRY_RUN] Would send hubspot-live-test2@qiyadon.com: step 1 — Pipeline continuity
[2026-05-12T13:00:08.597Z] [WARN] Supabase logActivity exception: supabaseKey is required.
[2026-05-12T13:00:08.597Z] [INFO] ══════════════════════════════════════════
[2026-05-12T13:00:08.597Z] [INFO] Follow-Up Engine complete
[2026-05-12T13:00:08.597Z] [INFO] Sent: 0 | Skipped: 6 | Escalated: 0 | Errors: 0
[2026-05-12T13:00:08.597Z] [INFO] ══════════════════════════════════════════
[2026-05-12T13:00:10.412Z] [INFO] ══════════════════════════════════════════
[2026-05-12T13:00:10.413Z] [INFO] Follow-Up Engine starting
[2026-05-12T13:00:10.413Z] [INFO] Time: 2026-05-12T13:00:10.413Z
[2026-05-12T13:00:10.413Z] [INFO] DRY_RUN=true | GLOBAL_ENABLED=false | SEND_EMAILS=false
[2026-05-12T13:00:10.413Z] [INFO] LIVE_TEST_ALLOWED_EMAIL=(not set) | LIVE_TEST_MAX_SENDS=0
[2026-05-12T13:00:10.434Z] [WARN] Supabase client check failed: supabaseKey is required. — proceeding with caution (graceful degradation)
[2026-05-12T13:00:10.907Z] [INFO] Fetched 6 leads from HubSpot
[2026-05-12T13:00:10.907Z] [INFO] [DRY_RUN] Would send emailmaria@hubspot.com: step 1 — Pipeline continuity
[2026-05-12T13:00:10.907Z] [WARN] Supabase logActivity exception: supabaseKey is required.
[2026-05-12T13:00:10.908Z] [INFO] [DRY_RUN] Would send bh@hubspot.com: step 1 — Pipeline continuity
[2026-05-12T13:00:10.908Z] [WARN] Supabase logActivity exception: supabaseKey is required.
[2026-05-12T13:00:10.908Z] [INFO] [DRY_RUN] Would send test-contact-2026-05-02@example.com: step 1 — Pipeline continuity
[2026-05-12T13:00:10.908Z] [WARN] Supabase logActivity exception: supabaseKey is required.
[2026-05-12T13:00:10.908Z] [INFO] [DRY_RUN] Would send hubspot-test@qiyadon.com: step 1 — Pipeline continuity
[2026-05-12T13:00:10.908Z] [WARN] Supabase logActivity exception: supabaseKey is required.
[2026-05-12T13:00:10.908Z] [INFO] [DRY_RUN] Would send ahmad.salim@qiyadon.com: step 3 — Follow-up gaps in growing pipelines
[2026-05-12T13:00:10.908Z] [WARN] Supabase logActivity exception: supabaseKey is required.
[2026-05-12T13:00:10.908Z] [INFO] [DRY_RUN] Would send hubspot-live-test2@qiyadon.com: step 1 — Pipeline continuity
[2026-05-12T13:00:10.908Z] [WARN] Supabase logActivity exception: supabaseKey is required.
[2026-05-12T13:00:10.908Z] [INFO] ══════════════════════════════════════════
[2026-05-12T13:00:10.908Z] [INFO] Follow-Up Engine complete
[2026-05-12T13:00:10.909Z] [INFO] Sent: 0 | Skipped: 6 | Escalated: 0 | Errors: 0
[2026-05-12T13:00:10.909Z] [INFO] ══════════════════════════════════════════
[2026-05-12T13:00:13.573Z] [INFO] ══════════════════════════════════════════
[2026-05-12T13:00:13.574Z] [INFO] Follow-Up Engine starting
[2026-05-12T13:00:13.574Z] [INFO] Time: 2026-05-12T13:00:13.574Z
[2026-05-12T13:00:13.574Z] [INFO] DRY_RUN=true | GLOBAL_ENABLED=false | SEND_EMAILS=false
[2026-05-12T13:00:13.574Z] [INFO] LIVE_TEST_ALLOWED_EMAIL=(not set) | LIVE_TEST_MAX_SENDS=0
[2026-05-12T13:00:13.595Z] [WARN] Supabase client check failed: supabaseKey is required. — proceeding with caution (graceful degradation)
[2026-05-12T13:00:14.079Z] [INFO] Fetched 6 leads from HubSpot
[2026-05-12T13:00:14.079Z] [INFO] [DRY_RUN] Would send emailmaria@hubspot.com: step 1 — Pipeline continuity
[2026-05-12T13:00:14.079Z] [WARN] Supabase logActivity exception: supabaseKey is required.
[2026-05-12T13:00:14.080Z] [INFO] [DRY_RUN] Would send bh@hubspot.com: step 1 — Pipeline continuity
[2026-05-12T13:00:14.080Z] [WARN] Supabase logActivity exception: supabaseKey is required.
[2026-05-12T13:00:14.080Z] [INFO] [DRY_RUN] Would send test-contact-2026-05-02@example.com: step 1 — Pipeline continuity
[2026-05-12T13:00:14.080Z] [WARN] Supabase logActivity exception: supabaseKey is required.
[2026-05-12T13:00:14.080Z] [INFO] [DRY_RUN] Would send hubspot-test@qiyadon.com: step 1 — Pipeline continuity
[2026-05-12T13:00:14.080Z] [WARN] Supabase logActivity exception: supabaseKey is required.
[2026-05-12T13:00:14.080Z] [INFO] [DRY_RUN] Would send ahmad.salim@qiyadon.com: step 3 — Follow-up gaps in growing pipelines
[2026-05-12T13:00:14.080Z] [WARN] Supabase logActivity exception: supabaseKey is required.
[2026-05-12T13:00:14.080Z] [INFO] [DRY_RUN] Would send hubspot-live-test2@qiyadon.com: step 1 — Pipeline continuity
[2026-05-12T13:00:14.081Z] [WARN] Supabase logActivity exception: supabaseKey is required.
[2026-05-12T13:00:14.081Z] [INFO] ══════════════════════════════════════════
[2026-05-12T13:00:14.081Z] [INFO] Follow-Up Engine complete
[2026-05-12T13:00:14.081Z] [INFO] Sent: 0 | Skipped: 6 | Escalated: 0 | Errors: 0
[2026-05-12T13:00:14.081Z] [INFO] ══════════════════════════════════════════
[2026-05-12T14:00:00.108Z] [INFO] ══════════════════════════════════════════
[2026-05-12T14:00:00.109Z] [INFO] Follow-Up Engine starting
[2026-05-12T14:00:00.109Z] [INFO] Time: 2026-05-12T14:00:00.109Z
[2026-05-12T14:00:00.110Z] [INFO] DRY_RUN=true | GLOBAL_ENABLED=false | SEND_EMAILS=false
[2026-05-12T14:00:00.110Z] [INFO] LIVE_TEST_ALLOWED_EMAIL=(not set) | LIVE_TEST_MAX_SENDS=0
[2026-05-12T14:00:00.131Z] [WARN] Supabase client check failed: supabaseKey is required. — proceeding with caution (graceful degradation)
[2026-05-12T14:00:00.972Z] [INFO] Fetched 6 leads from HubSpot
[2026-05-12T14:00:00.973Z] [INFO] [DRY_RUN] Would send emailmaria@hubspot.com: step 1 — Pipeline continuity
[2026-05-12T14:00:00.973Z] [WARN] Supabase logActivity exception: supabaseKey is required.
[2026-05-12T14:00:00.973Z] [INFO] [DRY_RUN] Would send bh@hubspot.com: step 1 — Pipeline continuity
[2026-05-12T14:00:00.973Z] [WARN] Supabase logActivity exception: supabaseKey is required.
[2026-05-12T14:00:00.973Z] [INFO] [DRY_RUN] Would send test-contact-2026-05-02@example.com: step 1 — Pipeline continuity
[2026-05-12T14:00:00.974Z] [WARN] Supabase logActivity exception: supabaseKey is required.
[2026-05-12T14:00:00.974Z] [INFO] [DRY_RUN] Would send hubspot-test@qiyadon.com: step 1 — Pipeline continuity
[2026-05-12T14:00:00.974Z] [WARN] Supabase logActivity exception: supabaseKey is required.
[2026-05-12T14:00:00.974Z] [INFO] [DRY_RUN] Would send ahmad.salim@qiyadon.com: step 3 — Follow-up gaps in growing pipelines
[2026-05-12T14:00:00.974Z] [WARN] Supabase logActivity exception: supabaseKey is required.
[2026-05-12T14:00:00.974Z] [INFO] [DRY_RUN] Would send hubspot-live-test2@qiyadon.com: step 1 — Pipeline continuity
[2026-05-12T14:00:00.974Z] [WARN] Supabase logActivity exception: supabaseKey is required.
[2026-05-12T14:00:00.974Z] [INFO] ══════════════════════════════════════════
[2026-05-12T14:00:00.974Z] [INFO] Follow-Up Engine complete
[2026-05-12T14:00:00.974Z] [INFO] Sent: 0 | Skipped: 6 | Escalated: 0 | Errors: 0
[2026-05-12T14:00:00.974Z] [INFO] ══════════════════════════════════════════
[2026-05-12T14:00:01.222Z] [INFO] ══════════════════════════════════════════
[2026-05-12T14:00:01.223Z] [INFO] Follow-Up Engine starting
[2026-05-12T14:00:01.223Z] [INFO] Time: 2026-05-12T14:00:01.223Z
[2026-05-12T14:00:01.223Z] [INFO] DRY_RUN=true | GLOBAL_ENABLED=false | SEND_EMAILS=false
[2026-05-12T14:00:01.223Z] [INFO] LIVE_TEST_ALLOWED_EMAIL=(not set) | LIVE_TEST_MAX_SENDS=0
[2026-05-12T14:00:01.244Z] [WARN] Supabase client check failed: supabaseKey is required. — proceeding with caution (graceful degradation)
[2026-05-12T14:00:01.770Z] [INFO] Fetched 6 leads from HubSpot
[2026-05-12T14:00:01.771Z] [INFO] [DRY_RUN] Would send emailmaria@hubspot.com: step 1 — Pipeline continuity
[2026-05-12T14:00:01.771Z] [WARN] Supabase logActivity exception: supabaseKey is required.
[2026-05-12T14:00:01.771Z] [INFO] [DRY_RUN] Would send bh@hubspot.com: step 1 — Pipeline continuity
[2026-05-12T14:00:01.771Z] [WARN] Supabase logActivity exception: supabaseKey is required.
[2026-05-12T14:00:01.771Z] [INFO] [DRY_RUN] Would send test-contact-2026-05-02@example.com: step 1 — Pipeline continuity
[2026-05-12T14:00:01.772Z] [WARN] Supabase logActivity exception: supabaseKey is required.
[2026-05-12T14:00:01.772Z] [INFO] [DRY_RUN] Would send hubspot-test@qiyadon.com: step 1 — Pipeline continuity
[2026-05-12T14:00:01.772Z] [WARN] Supabase logActivity exception: supabaseKey is required.
[2026-05-12T14:00:01.772Z] [INFO] [DRY_RUN] Would send ahmad.salim@qiyadon.com: step 3 — Follow-up gaps in growing pipelines
[2026-05-12T14:00:01.772Z] [WARN] Supabase logActivity exception: supabaseKey is required.
[2026-05-12T14:00:01.772Z] [INFO] [DRY_RUN] Would send hubspot-live-test2@qiyadon.com: step 1 — Pipeline continuity
[2026-05-12T14:00:01.772Z] [WARN] Supabase logActivity exception: supabaseKey is required.
[2026-05-12T14:00:01.772Z] [INFO] ══════════════════════════════════════════
[2026-05-12T14:00:01.772Z] [INFO] Follow-Up Engine complete
[2026-05-12T14:00:01.772Z] [INFO] Sent: 0 | Skipped: 6 | Escalated: 0 | Errors: 0
[2026-05-12T14:00:01.772Z] [INFO] ══════════════════════════════════════════
[2026-05-12T14:00:02.074Z] [INFO] ══════════════════════════════════════════
[2026-05-12T14:00:02.075Z] [INFO] Follow-Up Engine starting
[2026-05-12T14:00:02.075Z] [INFO] Time: 2026-05-12T14:00:02.075Z
[2026-05-12T14:00:02.075Z] [INFO] DRY_RUN=true | GLOBAL_ENABLED=false | SEND_EMAILS=false
[2026-05-12T14:00:02.075Z] [INFO] LIVE_TEST_ALLOWED_EMAIL=(not set) | LIVE_TEST_MAX_SENDS=0
[2026-05-12T14:00:02.096Z] [WARN] Supabase client check failed: supabaseKey is required. — proceeding with caution (graceful degradation)
[2026-05-12T14:00:02.572Z] [INFO] Fetched 6 leads from HubSpot
[2026-05-12T14:00:02.573Z] [INFO] [DRY_RUN] Would send emailmaria@hubspot.com: step 1 — Pipeline continuity
[2026-05-12T14:00:02.573Z] [WARN] Supabase logActivity exception: supabaseKey is required.
[2026-05-12T14:00:02.573Z] [INFO] [DRY_RUN] Would send bh@hubspot.com: step 1 — Pipeline continuity
[2026-05-12T14:00:02.573Z] [WARN] Supabase logActivity exception: supabaseKey is required.
[2026-05-12T14:00:02.574Z] [INFO] [DRY_RUN] Would send test-contact-2026-05-02@example.com: step 1 — Pipeline continuity
[2026-05-12T14:00:02.574Z] [WARN] Supabase logActivity exception: supabaseKey is required.
[2026-05-12T14:00:02.574Z] [INFO] [DRY_RUN] Would send hubspot-test@qiyadon.com: step 1 — Pipeline continuity
[2026-05-12T14:00:02.574Z] [WARN] Supabase logActivity exception: supabaseKey is required.
[2026-05-12T14:00:02.574Z] [INFO] [DRY_RUN] Would send ahmad.salim@qiyadon.com: step 3 — Follow-up gaps in growing pipelines
[2026-05-12T14:00:02.574Z] [WARN] Supabase logActivity exception: supabaseKey is required.
[2026-05-12T14:00:02.574Z] [INFO] [DRY_RUN] Would send hubspot-live-test2@qiyadon.com: step 1 — Pipeline continuity
[2026-05-12T14:00:02.574Z] [WARN] Supabase logActivity exception: supabaseKey is required.
[2026-05-12T14:00:02.574Z] [INFO] ══════════════════════════════════════════
[2026-05-12T14:00:02.574Z] [INFO] Follow-Up Engine complete
[2026-05-12T14:00:02.574Z] [INFO] Sent: 0 | Skipped: 6 | Escalated: 0 | Errors: 0
[2026-05-12T14:00:02.574Z] [INFO] ══════════════════════════════════════════
[2026-05-12T14:00:02.909Z] [INFO] ══════════════════════════════════════════
[2026-05-12T14:00:02.910Z] [INFO] Follow-Up Engine starting
[2026-05-12T14:00:02.910Z] [INFO] Time: 2026-05-12T14:00:02.910Z
[2026-05-12T14:00:02.910Z] [INFO] DRY_RUN=true | GLOBAL_ENABLED=false | SEND_EMAILS=false
[2026-05-12T14:00:02.910Z] [INFO] LIVE_TEST_ALLOWED_EMAIL=(not set) | LIVE_TEST_MAX_SENDS=0
[2026-05-12T14:00:02.931Z] [WARN] Supabase client check failed: supabaseKey is required. — proceeding with caution (graceful degradation)
[2026-05-12T14:00:03.372Z] [INFO] Fetched 6 leads from HubSpot
[2026-05-12T14:00:03.373Z] [INFO] [DRY_RUN] Would send emailmaria@hubspot.com: step 1 — Pipeline continuity
[2026-05-12T14:00:03.373Z] [WARN] Supabase logActivity exception: supabaseKey is required.
[2026-05-12T14:00:03.373Z] [INFO] [DRY_RUN] Would send bh@hubspot.com: step 1 — Pipeline continuity
[2026-05-12T14:00:03.373Z] [WARN] Supabase logActivity exception: supabaseKey is required.
[2026-05-12T14:00:03.373Z] [INFO] [DRY_RUN] Would send test-contact-2026-05-02@example.com: step 1 — Pipeline continuity
[2026-05-12T14:00:03.373Z] [WARN] Supabase logActivity exception: supabaseKey is required.
[2026-05-12T14:00:03.374Z] [INFO] [DRY_RUN] Would send hubspot-test@qiyadon.com: step 1 — Pipeline continuity
[2026-05-12T14:00:03.374Z] [WARN] Supabase logActivity exception: supabaseKey is required.
[2026-05-12T14:00:03.374Z] [INFO] [DRY_RUN] Would send ahmad.salim@qiyadon.com: step 3 — Follow-up gaps in growing pipelines
[2026-05-12T14:00:03.374Z] [WARN] Supabase logActivity exception: supabaseKey is required.
[2026-05-12T14:00:03.374Z] [INFO] [DRY_RUN] Would send hubspot-live-test2@qiyadon.com: step 1 — Pipeline continuity
[2026-05-12T14:00:03.374Z] [WARN] Supabase logActivity exception: supabaseKey is required.
[2026-05-12T14:00:03.374Z] [INFO] ══════════════════════════════════════════
[2026-05-12T14:00:03.374Z] [INFO] Follow-Up Engine complete
[2026-05-12T14:00:03.374Z] [INFO] Sent: 0 | Skipped: 6 | Escalated: 0 | Errors: 0
[2026-05-12T14:00:03.374Z] [INFO] ══════════════════════════════════════════
[2026-05-12T14:00:03.856Z] [INFO] ══════════════════════════════════════════
[2026-05-12T14:00:03.857Z] [INFO] Follow-Up Engine starting
[2026-05-12T14:00:03.857Z] [INFO] Time: 2026-05-12T14:00:03.857Z
[2026-05-12T14:00:03.857Z] [INFO] DRY_RUN=true | GLOBAL_ENABLED=false | SEND_EMAILS=false
[2026-05-12T14:00:03.857Z] [INFO] LIVE_TEST_ALLOWED_EMAIL=(not set) | LIVE_TEST_MAX_SENDS=0
[2026-05-12T14:00:03.878Z] [WARN] Supabase client check failed: supabaseKey is required. — proceeding with caution (graceful degradation)
[2026-05-12T14:00:04.275Z] [INFO] Fetched 6 leads from HubSpot
[2026-05-12T14:00:04.276Z] [INFO] [DRY_RUN] Would send emailmaria@hubspot.com: step 1 — Pipeline continuity
[2026-05-12T14:00:04.276Z] [WARN] Supabase logActivity exception: supabaseKey is required.
[2026-05-12T14:00:04.276Z] [INFO] [DRY_RUN] Would send bh@hubspot.com: step 1 — Pipeline continuity
[2026-05-12T14:00:04.276Z] [WARN] Supabase logActivity exception: supabaseKey is required.
[2026-05-12T14:00:04.276Z] [INFO] [DRY_RUN] Would send test-contact-2026-05-02@example.com: step 1 — Pipeline continuity
[2026-05-12T14:00:04.276Z] [WARN] Supabase logActivity exception: supabaseKey is required.
[2026-05-12T14:00:04.277Z] [INFO] [DRY_RUN] Would send hubspot-test@qiyadon.com: step 1 — Pipeline continuity
[2026-05-12T14:00:04.277Z] [WARN] Supabase logActivity exception: supabaseKey is required.
[2026-05-12T14:00:04.277Z] [INFO] [DRY_RUN] Would send ahmad.salim@qiyadon.com: step 3 — Follow-up gaps in growing pipelines
[2026-05-12T14:00:04.277Z] [WARN] Supabase logActivity exception: supabaseKey is required.
[2026-05-12T14:00:04.277Z] [INFO] [DRY_RUN] Would send hubspot-live-test2@qiyadon.com: step 1 — Pipeline continuity
[2026-05-12T14:00:04.277Z] [WARN] Supabase logActivity exception: supabaseKey is required.
[2026-05-12T14:00:04.277Z] [INFO] ══════════════════════════════════════════
[2026-05-12T14:00:04.277Z] [INFO] Follow-Up Engine complete
[2026-05-12T14:00:04.277Z] [INFO] Sent: 0 | Skipped: 6 | Escalated: 0 | Errors: 0
[2026-05-12T14:00:04.277Z] [INFO] ══════════════════════════════════════════
[2026-05-12T14:00:04.893Z] [INFO] ══════════════════════════════════════════
[2026-05-12T14:00:04.894Z] [INFO] Follow-Up Engine starting
[2026-05-12T14:00:04.894Z] [INFO] Time: 2026-05-12T14:00:04.894Z
[2026-05-12T14:00:04.895Z] [INFO] DRY_RUN=true | GLOBAL_ENABLED=false | SEND_EMAILS=false
[2026-05-12T14:00:04.895Z] [INFO] LIVE_TEST_ALLOWED_EMAIL=(not set) | LIVE_TEST_MAX_SENDS=0
[2026-05-12T14:00:04.916Z] [WARN] Supabase client check failed: supabaseKey is required. — proceeding with caution (graceful degradation)
[2026-05-12T14:00:05.314Z] [INFO] Fetched 6 leads from HubSpot
[2026-05-12T14:00:05.316Z] [INFO] [DRY_RUN] Would send emailmaria@hubspot.com: step 1 — Pipeline continuity
[2026-05-12T14:00:05.318Z] [WARN] Supabase logActivity exception: supabaseKey is required.
[2026-05-12T14:00:05.318Z] [INFO] [DRY_RUN] Would send bh@hubspot.com: step 1 — Pipeline continuity
[2026-05-12T14:00:05.319Z] [WARN] Supabase logActivity exception: supabaseKey is required.
[2026-05-12T14:00:05.319Z] [INFO] [DRY_RUN] Would send test-contact-2026-05-02@example.com: step 1 — Pipeline continuity
[2026-05-12T14:00:05.320Z] [WARN] Supabase logActivity exception: supabaseKey is required.
[2026-05-12T14:00:05.320Z] [INFO] [DRY_RUN] Would send hubspot-test@qiyadon.com: step 1 — Pipeline continuity
[2026-05-12T14:00:05.321Z] [WARN] Supabase logActivity exception: supabaseKey is required.
[2026-05-12T14:00:05.321Z] [INFO] [DRY_RUN] Would send ahmad.salim@qiyadon.com: step 3 — Follow-up gaps in growing pipelines
[2026-05-12T14:00:05.322Z] [WARN] Supabase logActivity exception: supabaseKey is required.
[2026-05-12T14:00:05.322Z] [INFO] [DRY_RUN] Would send hubspot-live-test2@qiyadon.com: step 1 — Pipeline continuity
[2026-05-12T14:00:05.323Z] [WARN] Supabase logActivity exception: supabaseKey is required.
[2026-05-12T14:00:05.323Z] [INFO] ══════════════════════════════════════════
[2026-05-12T14:00:05.323Z] [INFO] Follow-Up Engine complete
[2026-05-12T14:00:05.323Z] [INFO] Sent: 0 | Skipped: 6 | Escalated: 0 | Errors: 0
[2026-05-12T14:00:05.324Z] [INFO] ══════════════════════════════════════════
[2026-05-12T14:00:06.200Z] [INFO] ══════════════════════════════════════════
[2026-05-12T14:00:06.201Z] [INFO] Follow-Up Engine starting
[2026-05-12T14:00:06.201Z] [INFO] Time: 2026-05-12T14:00:06.201Z
[2026-05-12T14:00:06.201Z] [INFO] DRY_RUN=true | GLOBAL_ENABLED=false | SEND_EMAILS=false
[2026-05-12T14:00:06.201Z] [INFO] LIVE_TEST_ALLOWED_EMAIL=(not set) | LIVE_TEST_MAX_SENDS=0
[2026-05-12T14:00:06.222Z] [WARN] Supabase client check failed: supabaseKey is required. — proceeding with caution (graceful degradation)
[2026-05-12T14:00:06.638Z] [INFO] Fetched 6 leads from HubSpot
[2026-05-12T14:00:06.639Z] [INFO] [DRY_RUN] Would send emailmaria@hubspot.com: step 1 — Pipeline continuity
[2026-05-12T14:00:06.639Z] [WARN] Supabase logActivity exception: supabaseKey is required.
[2026-05-12T14:00:06.639Z] [INFO] [DRY_RUN] Would send bh@hubspot.com: step 1 — Pipeline continuity
[2026-05-12T14:00:06.639Z] [WARN] Supabase logActivity exception: supabaseKey is required.
[2026-05-12T14:00:06.640Z] [INFO] [DRY_RUN] Would send test-contact-2026-05-02@example.com: step 1 — Pipeline continuity
[2026-05-12T14:00:06.640Z] [WARN] Supabase logActivity exception: supabaseKey is required.
[2026-05-12T14:00:06.640Z] [INFO] [DRY_RUN] Would send hubspot-test@qiyadon.com: step 1 — Pipeline continuity
[2026-05-12T14:00:06.640Z] [WARN] Supabase logActivity exception: supabaseKey is required.
[2026-05-12T14:00:06.640Z] [INFO] [DRY_RUN] Would send ahmad.salim@qiyadon.com: step 3 — Follow-up gaps in growing pipelines
[2026-05-12T14:00:06.640Z] [WARN] Supabase logActivity exception: supabaseKey is required.
[2026-05-12T14:00:06.640Z] [INFO] [DRY_RUN] Would send hubspot-live-test2@qiyadon.com: step 1 — Pipeline continuity
[2026-05-12T14:00:06.640Z] [WARN] Supabase logActivity exception: supabaseKey is required.
[2026-05-12T14:00:06.640Z] [INFO] ══════════════════════════════════════════
[2026-05-12T14:00:06.640Z] [INFO] Follow-Up Engine complete
[2026-05-12T14:00:06.641Z] [INFO] Sent: 0 | Skipped: 6 | Escalated: 0 | Errors: 0
[2026-05-12T14:00:06.641Z] [INFO] ══════════════════════════════════════════
[2026-05-12T14:00:07.887Z] [INFO] ══════════════════════════════════════════
[2026-05-12T14:00:07.888Z] [INFO] Follow-Up Engine starting
[2026-05-12T14:00:07.888Z] [INFO] Time: 2026-05-12T14:00:07.888Z
[2026-05-12T14:00:07.888Z] [INFO] DRY_RUN=true | GLOBAL_ENABLED=false | SEND_EMAILS=false
[2026-05-12T14:00:07.888Z] [INFO] LIVE_TEST_ALLOWED_EMAIL=(not set) | LIVE_TEST_MAX_SENDS=0
[2026-05-12T14:00:07.909Z] [WARN] Supabase client check failed: supabaseKey is required. — proceeding with caution (graceful degradation)
[2026-05-12T14:00:08.319Z] [INFO] Fetched 6 leads from HubSpot
[2026-05-12T14:00:08.320Z] [INFO] [DRY_RUN] Would send emailmaria@hubspot.com: step 1 — Pipeline continuity
[2026-05-12T14:00:08.320Z] [WARN] Supabase logActivity exception: supabaseKey is required.
[2026-05-12T14:00:08.320Z] [INFO] [DRY_RUN] Would send bh@hubspot.com: step 1 — Pipeline continuity
[2026-05-12T14:00:08.320Z] [WARN] Supabase logActivity exception: supabaseKey is required.
[2026-05-12T14:00:08.321Z] [INFO] [DRY_RUN] Would send test-contact-2026-05-02@example.com: step 1 — Pipeline continuity
[2026-05-12T14:00:08.321Z] [WARN] Supabase logActivity exception: supabaseKey is required.
[2026-05-12T14:00:08.321Z] [INFO] [DRY_RUN] Would send hubspot-test@qiyadon.com: step 1 — Pipeline continuity
[2026-05-12T14:00:08.321Z] [WARN] Supabase logActivity exception: supabaseKey is required.
[2026-05-12T14:00:08.321Z] [INFO] [DRY_RUN] Would send ahmad.salim@qiyadon.com: step 3 — Follow-up gaps in growing pipelines
[2026-05-12T14:00:08.321Z] [WARN] Supabase logActivity exception: supabaseKey is required.
[2026-05-12T14:00:08.321Z] [INFO] [DRY_RUN] Would send hubspot-live-test2@qiyadon.com: step 1 — Pipeline continuity
[2026-05-12T14:00:08.321Z] [WARN] Supabase logActivity exception: supabaseKey is required.
[2026-05-12T14:00:08.321Z] [INFO] ══════════════════════════════════════════
[2026-05-12T14:00:08.321Z] [INFO] Follow-Up Engine complete
[2026-05-12T14:00:08.321Z] [INFO] Sent: 0 | Skipped: 6 | Escalated: 0 | Errors: 0
[2026-05-12T14:00:08.321Z] [INFO] ══════════════════════════════════════════
[2026-05-12T14:00:10.139Z] [INFO] ══════════════════════════════════════════
[2026-05-12T14:00:10.140Z] [INFO] Follow-Up Engine starting
[2026-05-12T14:00:10.140Z] [INFO] Time: 2026-05-12T14:00:10.140Z
[2026-05-12T14:00:10.140Z] [INFO] DRY_RUN=true | GLOBAL_ENABLED=false | SEND_EMAILS=false
[2026-05-12T14:00:10.140Z] [INFO] LIVE_TEST_ALLOWED_EMAIL=(not set) | LIVE_TEST_MAX_SENDS=0
[2026-05-12T14:00:10.161Z] [WARN] Supabase client check failed: supabaseKey is required. — proceeding with caution (graceful degradation)
[2026-05-12T14:00:11.035Z] [INFO] Fetched 6 leads from HubSpot
[2026-05-12T14:00:11.036Z] [INFO] [DRY_RUN] Would send emailmaria@hubspot.com: step 1 — Pipeline continuity
[2026-05-12T14:00:11.036Z] [WARN] Supabase logActivity exception: supabaseKey is required.
[2026-05-12T14:00:11.036Z] [INFO] [DRY_RUN] Would send bh@hubspot.com: step 1 — Pipeline continuity
[2026-05-12T14:00:11.037Z] [WARN] Supabase logActivity exception: supabaseKey is required.
[2026-05-12T14:00:11.037Z] [INFO] [DRY_RUN] Would send test-contact-2026-05-02@example.com: step 1 — Pipeline continuity
[2026-05-12T14:00:11.037Z] [WARN] Supabase logActivity exception: supabaseKey is required.
[2026-05-12T14:00:11.037Z] [INFO] [DRY_RUN] Would send hubspot-test@qiyadon.com: step 1 — Pipeline continuity
[2026-05-12T14:00:11.037Z] [WARN] Supabase logActivity exception: supabaseKey is required.
[2026-05-12T14:00:11.037Z] [INFO] [DRY_RUN] Would send ahmad.salim@qiyadon.com: step 3 — Follow-up gaps in growing pipelines
[2026-05-12T14:00:11.037Z] [WARN] Supabase logActivity exception: supabaseKey is required.
[2026-05-12T14:00:11.037Z] [INFO] [DRY_RUN] Would send hubspot-live-test2@qiyadon.com: step 1 — Pipeline continuity
[2026-05-12T14:00:11.037Z] [WARN] Supabase logActivity exception: supabaseKey is required.
[2026-05-12T14:00:11.037Z] [INFO] ══════════════════════════════════════════
[2026-05-12T14:00:11.037Z] [INFO] Follow-Up Engine complete
[2026-05-12T14:00:11.037Z] [INFO] Sent: 0 | Skipped: 6 | Escalated: 0 | Errors: 0
[2026-05-12T14:00:11.038Z] [INFO] ══════════════════════════════════════════
[2026-05-12T14:00:13.699Z] [INFO] ══════════════════════════════════════════
[2026-05-12T14:00:13.700Z] [INFO] Follow-Up Engine starting
[2026-05-12T14:00:13.700Z] [INFO] Time: 2026-05-12T14:00:13.700Z
[2026-05-12T14:00:13.700Z] [INFO] DRY_RUN=true | GLOBAL_ENABLED=false | SEND_EMAILS=false
[2026-05-12T14:00:13.700Z] [INFO] LIVE_TEST_ALLOWED_EMAIL=(not set) | LIVE_TEST_MAX_SENDS=0
[2026-05-12T14:00:13.721Z] [WARN] Supabase client check failed: supabaseKey is required. — proceeding with caution (graceful degradation)
[2026-05-12T14:00:13.995Z] [INFO] Fetched 6 leads from HubSpot
[2026-05-12T14:00:13.997Z] [INFO] [DRY_RUN] Would send emailmaria@hubspot.com: step 1 — Pipeline continuity
[2026-05-12T14:00:13.998Z] [WARN] Supabase logActivity exception: supabaseKey is required.
[2026-05-12T14:00:13.999Z] [INFO] [DRY_RUN] Would send bh@hubspot.com: step 1 — Pipeline continuity
[2026-05-12T14:00:14.000Z] [WARN] Supabase logActivity exception: supabaseKey is required.
[2026-05-12T14:00:14.000Z] [INFO] [DRY_RUN] Would send test-contact-2026-05-02@example.com: step 1 — Pipeline continuity
[2026-05-12T14:00:14.000Z] [WARN] Supabase logActivity exception: supabaseKey is required.
[2026-05-12T14:00:14.001Z] [INFO] [DRY_RUN] Would send hubspot-test@qiyadon.com: step 1 — Pipeline continuity
[2026-05-12T14:00:14.001Z] [WARN] Supabase logActivity exception: supabaseKey is required.
[2026-05-12T14:00:14.002Z] [INFO] [DRY_RUN] Would send ahmad.salim@qiyadon.com: step 3 — Follow-up gaps in growing pipelines
[2026-05-12T14:00:14.002Z] [WARN] Supabase logActivity exception: supabaseKey is required.
[2026-05-12T14:00:14.003Z] [INFO] [DRY_RUN] Would send hubspot-live-test2@qiyadon.com: step 1 — Pipeline continuity
[2026-05-12T14:00:14.003Z] [WARN] Supabase logActivity exception: supabaseKey is required.
[2026-05-12T14:00:14.003Z] [INFO] ══════════════════════════════════════════
[2026-05-12T14:00:14.004Z] [INFO] Follow-Up Engine complete
[2026-05-12T14:00:14.004Z] [INFO] Sent: 0 | Skipped: 6 | Escalated: 0 | Errors: 0
[2026-05-12T14:00:14.004Z] [INFO] ══════════════════════════════════════════
[2026-05-12T15:00:00.109Z] [INFO] ══════════════════════════════════════════
[2026-05-12T15:00:00.110Z] [INFO] Follow-Up Engine starting
[2026-05-12T15:00:00.110Z] [INFO] Time: 2026-05-12T15:00:00.110Z
[2026-05-12T15:00:00.110Z] [INFO] DRY_RUN=true | GLOBAL_ENABLED=false | SEND_EMAILS=false
[2026-05-12T15:00:00.110Z] [INFO] LIVE_TEST_ALLOWED_EMAIL=(not set) | LIVE_TEST_MAX_SENDS=0
[2026-05-12T15:00:00.131Z] [WARN] Supabase client check failed: supabaseKey is required. — proceeding with caution (graceful degradation)
[2026-05-12T15:00:01.080Z] [INFO] Fetched 7 leads from HubSpot
[2026-05-12T15:00:01.081Z] [INFO] [DRY_RUN] Would send emailmaria@hubspot.com: step 1 — Pipeline continuity
[2026-05-12T15:00:01.081Z] [WARN] Supabase logActivity exception: supabaseKey is required.
[2026-05-12T15:00:01.081Z] [INFO] [DRY_RUN] Would send bh@hubspot.com: step 1 — Pipeline continuity
[2026-05-12T15:00:01.081Z] [WARN] Supabase logActivity exception: supabaseKey is required.
[2026-05-12T15:00:01.081Z] [INFO] [DRY_RUN] Would send test-contact-2026-05-02@example.com: step 1 — Pipeline continuity
[2026-05-12T15:00:01.081Z] [WARN] Supabase logActivity exception: supabaseKey is required.
[2026-05-12T15:00:01.081Z] [INFO] [DRY_RUN] Would send hubspot-test@qiyadon.com: step 1 — Pipeline continuity
[2026-05-12T15:00:01.082Z] [WARN] Supabase logActivity exception: supabaseKey is required.
[2026-05-12T15:00:01.082Z] [INFO] [DRY_RUN] Would send ahmad.salim@qiyadon.com: step 3 — Follow-up gaps in growing pipelines
[2026-05-12T15:00:01.082Z] [WARN] Supabase logActivity exception: supabaseKey is required.
[2026-05-12T15:00:01.082Z] [INFO] [DRY_RUN] Would send hubspot-live-test2@qiyadon.com: step 1 — Pipeline continuity
[2026-05-12T15:00:01.082Z] [WARN] Supabase logActivity exception: supabaseKey is required.
[2026-05-12T15:00:01.082Z] [INFO] STALLED: tester@qiyadon.com — escalating for human review
[2026-05-12T15:00:01.732Z] [INFO] ══════════════════════════════════════════
[2026-05-12T15:00:01.733Z] [INFO] Follow-Up Engine complete
[2026-05-12T15:00:01.733Z] [INFO] Sent: 0 | Skipped: 6 | Escalated: 1 | Errors: 0
[2026-05-12T15:00:01.734Z] [INFO] ══════════════════════════════════════════
[2026-05-12T15:00:01.982Z] [INFO] ══════════════════════════════════════════
[2026-05-12T15:00:01.983Z] [INFO] Follow-Up Engine starting
[2026-05-12T15:00:01.983Z] [INFO] Time: 2026-05-12T15:00:01.983Z
[2026-05-12T15:00:01.983Z] [INFO] DRY_RUN=true | GLOBAL_ENABLED=false | SEND_EMAILS=false
[2026-05-12T15:00:01.983Z] [INFO] LIVE_TEST_ALLOWED_EMAIL=(not set) | LIVE_TEST_MAX_SENDS=0
[2026-05-12T15:00:02.004Z] [WARN] Supabase client check failed: supabaseKey is required. — proceeding with caution (graceful degradation)
[2026-05-12T15:00:02.500Z] [INFO] Fetched 7 leads from HubSpot
[2026-05-12T15:00:02.501Z] [INFO] [DRY_RUN] Would send emailmaria@hubspot.com: step 1 — Pipeline continuity
[2026-05-12T15:00:02.501Z] [WARN] Supabase logActivity exception: supabaseKey is required.
[2026-05-12T15:00:02.501Z] [INFO] [DRY_RUN] Would send bh@hubspot.com: step 1 — Pipeline continuity
[2026-05-12T15:00:02.501Z] [WARN] Supabase logActivity exception: supabaseKey is required.
[2026-05-12T15:00:02.501Z] [INFO] [DRY_RUN] Would send test-contact-2026-05-02@example.com: step 1 — Pipeline continuity
[2026-05-12T15:00:02.502Z] [WARN] Supabase logActivity exception: supabaseKey is required.
[2026-05-12T15:00:02.502Z] [INFO] [DRY_RUN] Would send hubspot-test@qiyadon.com: step 1 — Pipeline continuity
[2026-05-12T15:00:02.502Z] [WARN] Supabase logActivity exception: supabaseKey is required.
[2026-05-12T15:00:02.502Z] [INFO] [DRY_RUN] Would send ahmad.salim@qiyadon.com: step 3 — Follow-up gaps in growing pipelines
[2026-05-12T15:00:02.502Z] [WARN] Supabase logActivity exception: supabaseKey is required.
[2026-05-12T15:00:02.502Z] [INFO] [DRY_RUN] Would send hubspot-live-test2@qiyadon.com: step 1 — Pipeline continuity
[2026-05-12T15:00:02.503Z] [WARN] Supabase logActivity exception: supabaseKey is required.
[2026-05-12T15:00:02.503Z] [INFO] [DRY_RUN] Would send tester@qiyadon.com: step 1 — Pipeline continuity
[2026-05-12T15:00:02.503Z] [WARN] Supabase logActivity exception: supabaseKey is required.
[2026-05-12T15:00:02.503Z] [INFO] ══════════════════════════════════════════
[2026-05-12T15:00:02.503Z] [INFO] Follow-Up Engine complete
[2026-05-12T15:00:02.503Z] [INFO] Sent: 0 | Skipped: 7 | Escalated: 0 | Errors: 0
[2026-05-12T15:00:02.503Z] [INFO] ══════════════════════════════════════════
[2026-05-12T15:00:02.772Z] [INFO] ══════════════════════════════════════════
[2026-05-12T15:00:02.777Z] [INFO] Follow-Up Engine starting
[2026-05-12T15:00:02.777Z] [INFO] Time: 2026-05-12T15:00:02.777Z
[2026-05-12T15:00:02.778Z] [INFO] DRY_RUN=true | GLOBAL_ENABLED=false | SEND_EMAILS=false
[2026-05-12T15:00:02.778Z] [INFO] LIVE_TEST_ALLOWED_EMAIL=(not set) | LIVE_TEST_MAX_SENDS=0
[2026-05-12T15:00:02.799Z] [WARN] Supabase client check failed: supabaseKey is required. — proceeding with caution (graceful degradation)
[2026-05-12T15:00:03.606Z] [INFO] Fetched 7 leads from HubSpot
[2026-05-12T15:00:03.606Z] [INFO] [DRY_RUN] Would send emailmaria@hubspot.com: step 1 — Pipeline continuity
[2026-05-12T15:00:03.607Z] [WARN] Supabase logActivity exception: supabaseKey is required.
[2026-05-12T15:00:03.607Z] [INFO] [DRY_RUN] Would send bh@hubspot.com: step 1 — Pipeline continuity
[2026-05-12T15:00:03.607Z] [WARN] Supabase logActivity exception: supabaseKey is required.
[2026-05-12T15:00:03.607Z] [INFO] [DRY_RUN] Would send test-contact-2026-05-02@example.com: step 1 — Pipeline continuity
[2026-05-12T15:00:03.607Z] [WARN] Supabase logActivity exception: supabaseKey is required.
[2026-05-12T15:00:03.607Z] [INFO] [DRY_RUN] Would send hubspot-test@qiyadon.com: step 1 — Pipeline continuity
[2026-05-12T15:00:03.608Z] [WARN] Supabase logActivity exception: supabaseKey is required.
[2026-05-12T15:00:03.608Z] [INFO] [DRY_RUN] Would send ahmad.salim@qiyadon.com: step 3 — Follow-up gaps in growing pipelines
[2026-05-12T15:00:03.608Z] [WARN] Supabase logActivity exception: supabaseKey is required.
[2026-05-12T15:00:03.608Z] [INFO] [DRY_RUN] Would send hubspot-live-test2@qiyadon.com: step 1 — Pipeline continuity
[2026-05-12T15:00:03.608Z] [WARN] Supabase logActivity exception: supabaseKey is required.
[2026-05-12T15:00:03.608Z] [INFO] [DRY_RUN] Would send tester@qiyadon.com: step 1 — Pipeline continuity
[2026-05-12T15:00:03.608Z] [WARN] Supabase logActivity exception: supabaseKey is required.
[2026-05-12T15:00:03.608Z] [INFO] ══════════════════════════════════════════
[2026-05-12T15:00:03.608Z] [INFO] Follow-Up Engine complete
[2026-05-12T15:00:03.608Z] [INFO] Sent: 0 | Skipped: 7 | Escalated: 0 | Errors: 0
[2026-05-12T15:00:03.608Z] [INFO] ══════════════════════════════════════════
[2026-05-12T15:00:03.948Z] [INFO] ══════════════════════════════════════════
[2026-05-12T15:00:03.949Z] [INFO] Follow-Up Engine starting
[2026-05-12T15:00:03.949Z] [INFO] Time: 2026-05-12T15:00:03.949Z
[2026-05-12T15:00:03.949Z] [INFO] DRY_RUN=true | GLOBAL_ENABLED=false | SEND_EMAILS=false
[2026-05-12T15:00:03.949Z] [INFO] LIVE_TEST_ALLOWED_EMAIL=(not set) | LIVE_TEST_MAX_SENDS=0
[2026-05-12T15:00:03.970Z] [WARN] Supabase client check failed: supabaseKey is required. — proceeding with caution (graceful degradation)
[2026-05-12T15:00:04.540Z] [INFO] Fetched 7 leads from HubSpot
[2026-05-12T15:00:04.540Z] [INFO] [DRY_RUN] Would send emailmaria@hubspot.com: step 1 — Pipeline continuity
[2026-05-12T15:00:04.541Z] [WARN] Supabase logActivity exception: supabaseKey is required.
[2026-05-12T15:00:04.541Z] [INFO] [DRY_RUN] Would send bh@hubspot.com: step 1 — Pipeline continuity
[2026-05-12T15:00:04.541Z] [WARN] Supabase logActivity exception: supabaseKey is required.
[2026-05-12T15:00:04.541Z] [INFO] [DRY_RUN] Would send test-contact-2026-05-02@example.com: step 1 — Pipeline continuity
[2026-05-12T15:00:04.541Z] [WARN] Supabase logActivity exception: supabaseKey is required.
[2026-05-12T15:00:04.541Z] [INFO] [DRY_RUN] Would send hubspot-test@qiyadon.com: step 1 — Pipeline continuity
[2026-05-12T15:00:04.542Z] [WARN] Supabase logActivity exception: supabaseKey is required.
[2026-05-12T15:00:04.542Z] [INFO] [DRY_RUN] Would send ahmad.salim@qiyadon.com: step 3 — Follow-up gaps in growing pipelines
[2026-05-12T15:00:04.542Z] [WARN] Supabase logActivity exception: supabaseKey is required.
[2026-05-12T15:00:04.542Z] [INFO] [DRY_RUN] Would send hubspot-live-test2@qiyadon.com: step 1 — Pipeline continuity
[2026-05-12T15:00:04.542Z] [WARN] Supabase logActivity exception: supabaseKey is required.
[2026-05-12T15:00:04.542Z] [INFO] [DRY_RUN] Would send tester@qiyadon.com: step 1 — Pipeline continuity
[2026-05-12T15:00:04.542Z] [WARN] Supabase logActivity exception: supabaseKey is required.
[2026-05-12T15:00:04.542Z] [INFO] ══════════════════════════════════════════
[2026-05-12T15:00:04.542Z] [INFO] Follow-Up Engine complete
[2026-05-12T15:00:04.542Z] [INFO] Sent: 0 | Skipped: 7 | Escalated: 0 | Errors: 0
[2026-05-12T15:00:04.542Z] [INFO] ══════════════════════════════════════════
[2026-05-12T15:00:04.990Z] [INFO] ══════════════════════════════════════════
[2026-05-12T15:00:04.991Z] [INFO] Follow-Up Engine starting
[2026-05-12T15:00:04.991Z] [INFO] Time: 2026-05-12T15:00:04.991Z
[2026-05-12T15:00:04.991Z] [INFO] DRY_RUN=true | GLOBAL_ENABLED=false | SEND_EMAILS=false
[2026-05-12T15:00:04.991Z] [INFO] LIVE_TEST_ALLOWED_EMAIL=(not set) | LIVE_TEST_MAX_SENDS=0
[2026-05-12T15:00:05.012Z] [WARN] Supabase client check failed: supabaseKey is required. — proceeding with caution (graceful degradation)
[2026-05-12T15:00:05.407Z] [INFO] Fetched 7 leads from HubSpot
[2026-05-12T15:00:05.409Z] [INFO] [DRY_RUN] Would send emailmaria@hubspot.com: step 1 — Pipeline continuity
[2026-05-12T15:00:05.410Z] [WARN] Supabase logActivity exception: supabaseKey is required.
[2026-05-12T15:00:05.411Z] [INFO] [DRY_RUN] Would send bh@hubspot.com: step 1 — Pipeline continuity
[2026-05-12T15:00:05.412Z] [WARN] Supabase logActivity exception: supabaseKey is required.
[2026-05-12T15:00:05.412Z] [INFO] [DRY_RUN] Would send test-contact-2026-05-02@example.com: step 1 — Pipeline continuity
[2026-05-12T15:00:05.413Z] [WARN] Supabase logActivity exception: supabaseKey is required.
[2026-05-12T15:00:05.413Z] [INFO] [DRY_RUN] Would send hubspot-test@qiyadon.com: step 1 — Pipeline continuity
[2026-05-12T15:00:05.414Z] [WARN] Supabase logActivity exception: supabaseKey is required.
[2026-05-12T15:00:05.414Z] [INFO] [DRY_RUN] Would send ahmad.salim@qiyadon.com: step 3 — Follow-up gaps in growing pipelines
[2026-05-12T15:00:05.415Z] [WARN] Supabase logActivity exception: supabaseKey is required.
[2026-05-12T15:00:05.415Z] [INFO] [DRY_RUN] Would send hubspot-live-test2@qiyadon.com: step 1 — Pipeline continuity
[2026-05-12T15:00:05.416Z] [WARN] Supabase logActivity exception: supabaseKey is required.
[2026-05-12T15:00:05.416Z] [INFO] [DRY_RUN] Would send tester@qiyadon.com: step 1 — Pipeline continuity
[2026-05-12T15:00:05.416Z] [WARN] Supabase logActivity exception: supabaseKey is required.
[2026-05-12T15:00:05.417Z] [INFO] ══════════════════════════════════════════
[2026-05-12T15:00:05.417Z] [INFO] Follow-Up Engine complete
[2026-05-12T15:00:05.417Z] [INFO] Sent: 0 | Skipped: 7 | Escalated: 0 | Errors: 0
[2026-05-12T15:00:05.417Z] [INFO] ══════════════════════════════════════════
[2026-05-12T15:00:06.044Z] [INFO] ══════════════════════════════════════════
[2026-05-12T15:00:06.045Z] [INFO] Follow-Up Engine starting
[2026-05-12T15:00:06.045Z] [INFO] Time: 2026-05-12T15:00:06.045Z
[2026-05-12T15:00:06.045Z] [INFO] DRY_RUN=true | GLOBAL_ENABLED=false | SEND_EMAILS=false
[2026-05-12T15:00:06.045Z] [INFO] LIVE_TEST_ALLOWED_EMAIL=(not set) | LIVE_TEST_MAX_SENDS=0
[2026-05-12T15:00:06.067Z] [WARN] Supabase client check failed: supabaseKey is required. — proceeding with caution (graceful degradation)
[2026-05-12T15:00:06.488Z] [INFO] Fetched 7 leads from HubSpot
[2026-05-12T15:00:06.488Z] [INFO] [DRY_RUN] Would send emailmaria@hubspot.com: step 1 — Pipeline continuity
[2026-05-12T15:00:06.489Z] [WARN] Supabase logActivity exception: supabaseKey is required.
[2026-05-12T15:00:06.489Z] [INFO] [DRY_RUN] Would send bh@hubspot.com: step 1 — Pipeline continuity
[2026-05-12T15:00:06.489Z] [WARN] Supabase logActivity exception: supabaseKey is required.
[2026-05-12T15:00:06.489Z] [INFO] [DRY_RUN] Would send test-contact-2026-05-02@example.com: step 1 — Pipeline continuity
[2026-05-12T15:00:06.489Z] [WARN] Supabase logActivity exception: supabaseKey is required.
[2026-05-12T15:00:06.489Z] [INFO] [DRY_RUN] Would send hubspot-test@qiyadon.com: step 1 — Pipeline continuity
[2026-05-12T15:00:06.490Z] [WARN] Supabase logActivity exception: supabaseKey is required.
[2026-05-12T15:00:06.490Z] [INFO] [DRY_RUN] Would send ahmad.salim@qiyadon.com: step 3 — Follow-up gaps in growing pipelines
[2026-05-12T15:00:06.490Z] [WARN] Supabase logActivity exception: supabaseKey is required.
[2026-05-12T15:00:06.490Z] [INFO] [DRY_RUN] Would send hubspot-live-test2@qiyadon.com: step 1 — Pipeline continuity
[2026-05-12T15:00:06.490Z] [WARN] Supabase logActivity exception: supabaseKey is required.
[2026-05-12T15:00:06.490Z] [INFO] [DRY_RUN] Would send tester@qiyadon.com: step 1 — Pipeline continuity
[2026-05-12T15:00:06.490Z] [WARN] Supabase logActivity exception: supabaseKey is required.
[2026-05-12T15:00:06.490Z] [INFO] ══════════════════════════════════════════
[2026-05-12T15:00:06.490Z] [INFO] Follow-Up Engine complete
[2026-05-12T15:00:06.490Z] [INFO] Sent: 0 | Skipped: 7 | Escalated: 0 | Errors: 0
[2026-05-12T15:00:06.490Z] [INFO] ══════════════════════════════════════════
[2026-05-12T15:00:07.360Z] [INFO] ══════════════════════════════════════════
[2026-05-12T15:00:07.361Z] [INFO] Follow-Up Engine starting
[2026-05-12T15:00:07.361Z] [INFO] Time: 2026-05-12T15:00:07.361Z
[2026-05-12T15:00:07.361Z] [INFO] DRY_RUN=true | GLOBAL_ENABLED=false | SEND_EMAILS=false
[2026-05-12T15:00:07.361Z] [INFO] LIVE_TEST_ALLOWED_EMAIL=(not set) | LIVE_TEST_MAX_SENDS=0
[2026-05-12T15:00:07.382Z] [WARN] Supabase client check failed: supabaseKey is required. — proceeding with caution (graceful degradation)
[2026-05-12T15:00:07.882Z] [INFO] Fetched 7 leads from HubSpot
[2026-05-12T15:00:07.883Z] [INFO] [DRY_RUN] Would send emailmaria@hubspot.com: step 1 — Pipeline continuity
[2026-05-12T15:00:07.883Z] [WARN] Supabase logActivity exception: supabaseKey is required.
[2026-05-12T15:00:07.883Z] [INFO] [DRY_RUN] Would send bh@hubspot.com: step 1 — Pipeline continuity
[2026-05-12T15:00:07.883Z] [WARN] Supabase logActivity exception: supabaseKey is required.
[2026-05-12T15:00:07.884Z] [INFO] [DRY_RUN] Would send test-contact-2026-05-02@example.com: step 1 — Pipeline continuity
[2026-05-12T15:00:07.884Z] [WARN] Supabase logActivity exception: supabaseKey is required.
[2026-05-12T15:00:07.884Z] [INFO] [DRY_RUN] Would send hubspot-test@qiyadon.com: step 1 — Pipeline continuity
[2026-05-12T15:00:07.884Z] [WARN] Supabase logActivity exception: supabaseKey is required.
[2026-05-12T15:00:07.884Z] [INFO] [DRY_RUN] Would send ahmad.salim@qiyadon.com: step 3 — Follow-up gaps in growing pipelines
[2026-05-12T15:00:07.884Z] [WARN] Supabase logActivity exception: supabaseKey is required.
[2026-05-12T15:00:07.884Z] [INFO] [DRY_RUN] Would send hubspot-live-test2@qiyadon.com: step 1 — Pipeline continuity
[2026-05-12T15:00:07.885Z] [WARN] Supabase logActivity exception: supabaseKey is required.
[2026-05-12T15:00:07.885Z] [INFO] [DRY_RUN] Would send tester@qiyadon.com: step 1 — Pipeline continuity
[2026-05-12T15:00:07.885Z] [WARN] Supabase logActivity exception: supabaseKey is required.
[2026-05-12T15:00:07.885Z] [INFO] ══════════════════════════════════════════
[2026-05-12T15:00:07.885Z] [INFO] Follow-Up Engine complete
[2026-05-12T15:00:07.885Z] [INFO] Sent: 0 | Skipped: 7 | Escalated: 0 | Errors: 0
[2026-05-12T15:00:07.885Z] [INFO] ══════════════════════════════════════════
[2026-05-12T15:00:09.131Z] [INFO] ══════════════════════════════════════════
[2026-05-12T15:00:09.132Z] [INFO] Follow-Up Engine starting
[2026-05-12T15:00:09.132Z] [INFO] Time: 2026-05-12T15:00:09.132Z
[2026-05-12T15:00:09.132Z] [INFO] DRY_RUN=true | GLOBAL_ENABLED=false | SEND_EMAILS=false
[2026-05-12T15:00:09.132Z] [INFO] LIVE_TEST_ALLOWED_EMAIL=(not set) | LIVE_TEST_MAX_SENDS=0
[2026-05-12T15:00:09.153Z] [WARN] Supabase client check failed: supabaseKey is required. — proceeding with caution (graceful degradation)
[2026-05-12T15:00:09.786Z] [INFO] Fetched 7 leads from HubSpot
[2026-05-12T15:00:09.787Z] [INFO] [DRY_RUN] Would send emailmaria@hubspot.com: step 1 — Pipeline continuity
[2026-05-12T15:00:09.787Z] [WARN] Supabase logActivity exception: supabaseKey is required.
[2026-05-12T15:00:09.787Z] [INFO] [DRY_RUN] Would send bh@hubspot.com: step 1 — Pipeline continuity
[2026-05-12T15:00:09.787Z] [WARN] Supabase logActivity exception: supabaseKey is required.
[2026-05-12T15:00:09.787Z] [INFO] [DRY_RUN] Would send test-contact-2026-05-02@example.com: step 1 — Pipeline continuity
[2026-05-12T15:00:09.787Z] [WARN] Supabase logActivity exception: supabaseKey is required.
[2026-05-12T15:00:09.787Z] [INFO] [DRY_RUN] Would send hubspot-test@qiyadon.com: step 1 — Pipeline continuity
[2026-05-12T15:00:09.788Z] [WARN] Supabase logActivity exception: supabaseKey is required.
[2026-05-12T15:00:09.788Z] [INFO] [DRY_RUN] Would send ahmad.salim@qiyadon.com: step 3 — Follow-up gaps in growing pipelines
[2026-05-12T15:00:09.788Z] [WARN] Supabase logActivity exception: supabaseKey is required.
[2026-05-12T15:00:09.788Z] [INFO] [DRY_RUN] Would send hubspot-live-test2@qiyadon.com: step 1 — Pipeline continuity
[2026-05-12T15:00:09.788Z] [WARN] Supabase logActivity exception: supabaseKey is required.
[2026-05-12T15:00:09.788Z] [INFO] [DRY_RUN] Would send tester@qiyadon.com: step 1 — Pipeline continuity
[2026-05-12T15:00:09.788Z] [WARN] Supabase logActivity exception: supabaseKey is required.
[2026-05-12T15:00:09.788Z] [INFO] ══════════════════════════════════════════
[2026-05-12T15:00:09.788Z] [INFO] Follow-Up Engine complete
[2026-05-12T15:00:09.788Z] [INFO] Sent: 0 | Skipped: 7 | Escalated: 0 | Errors: 0
[2026-05-12T15:00:09.788Z] [INFO] ══════════════════════════════════════════
[2026-05-12T15:00:11.603Z] [INFO] ══════════════════════════════════════════
[2026-05-12T15:00:11.603Z] [INFO] Follow-Up Engine starting
[2026-05-12T15:00:11.604Z] [INFO] Time: 2026-05-12T15:00:11.604Z
[2026-05-12T15:00:11.604Z] [INFO] DRY_RUN=true | GLOBAL_ENABLED=false | SEND_EMAILS=false
[2026-05-12T15:00:11.604Z] [INFO] LIVE_TEST_ALLOWED_EMAIL=(not set) | LIVE_TEST_MAX_SENDS=0
[2026-05-12T15:00:11.625Z] [WARN] Supabase client check failed: supabaseKey is required. — proceeding with caution (graceful degradation)
[2026-05-12T15:00:12.214Z] [INFO] Fetched 7 leads from HubSpot
[2026-05-12T15:00:12.215Z] [INFO] [DRY_RUN] Would send emailmaria@hubspot.com: step 1 — Pipeline continuity
[2026-05-12T15:00:12.215Z] [WARN] Supabase logActivity exception: supabaseKey is required.
[2026-05-12T15:00:12.215Z] [INFO] [DRY_RUN] Would send bh@hubspot.com: step 1 — Pipeline continuity
[2026-05-12T15:00:12.215Z] [WARN] Supabase logActivity exception: supabaseKey is required.
[2026-05-12T15:00:12.215Z] [INFO] [DRY_RUN] Would send test-contact-2026-05-02@example.com: step 1 — Pipeline continuity
[2026-05-12T15:00:12.215Z] [WARN] Supabase logActivity exception: supabaseKey is required.
[2026-05-12T15:00:12.215Z] [INFO] [DRY_RUN] Would send hubspot-test@qiyadon.com: step 1 — Pipeline continuity
[2026-05-12T15:00:12.216Z] [WARN] Supabase logActivity exception: supabaseKey is required.
[2026-05-12T15:00:12.216Z] [INFO] [DRY_RUN] Would send ahmad.salim@qiyadon.com: step 3 — Follow-up gaps in growing pipelines
[2026-05-12T15:00:12.216Z] [WARN] Supabase logActivity exception: supabaseKey is required.
[2026-05-12T15:00:12.216Z] [INFO] [DRY_RUN] Would send hubspot-live-test2@qiyadon.com: step 1 — Pipeline continuity
[2026-05-12T15:00:12.216Z] [WARN] Supabase logActivity exception: supabaseKey is required.
[2026-05-12T15:00:12.216Z] [INFO] [DRY_RUN] Would send tester@qiyadon.com: step 1 — Pipeline continuity
[2026-05-12T15:00:12.216Z] [WARN] Supabase logActivity exception: supabaseKey is required.
[2026-05-12T15:00:12.216Z] [INFO] ══════════════════════════════════════════
[2026-05-12T15:00:12.216Z] [INFO] Follow-Up Engine complete
[2026-05-12T15:00:12.216Z] [INFO] Sent: 0 | Skipped: 7 | Escalated: 0 | Errors: 0
[2026-05-12T15:00:12.216Z] [INFO] ══════════════════════════════════════════
[2026-05-12T15:00:14.883Z] [INFO] ══════════════════════════════════════════
[2026-05-12T15:00:14.884Z] [INFO] Follow-Up Engine starting
[2026-05-12T15:00:14.884Z] [INFO] Time: 2026-05-12T15:00:14.884Z
[2026-05-12T15:00:14.884Z] [INFO] DRY_RUN=true | GLOBAL_ENABLED=false | SEND_EMAILS=false
[2026-05-12T15:00:14.885Z] [INFO] LIVE_TEST_ALLOWED_EMAIL=(not set) | LIVE_TEST_MAX_SENDS=0
[2026-05-12T15:00:14.906Z] [WARN] Supabase client check failed: supabaseKey is required. — proceeding with caution (graceful degradation)
[2026-05-12T15:00:15.504Z] [INFO] Fetched 7 leads from HubSpot
[2026-05-12T15:00:15.505Z] [INFO] [DRY_RUN] Would send emailmaria@hubspot.com: step 1 — Pipeline continuity
[2026-05-12T15:00:15.505Z] [WARN] Supabase logActivity exception: supabaseKey is required.
[2026-05-12T15:00:15.505Z] [INFO] [DRY_RUN] Would send bh@hubspot.com: step 1 — Pipeline continuity
[2026-05-12T15:00:15.505Z] [WARN] Supabase logActivity exception: supabaseKey is required.
[2026-05-12T15:00:15.506Z] [INFO] [DRY_RUN] Would send test-contact-2026-05-02@example.com: step 1 — Pipeline continuity
[2026-05-12T15:00:15.506Z] [WARN] Supabase logActivity exception: supabaseKey is required.
[2026-05-12T15:00:15.506Z] [INFO] [DRY_RUN] Would send hubspot-test@qiyadon.com: step 1 — Pipeline continuity
[2026-05-12T15:00:15.506Z] [WARN] Supabase logActivity exception: supabaseKey is required.
[2026-05-12T15:00:15.506Z] [INFO] [DRY_RUN] Would send ahmad.salim@qiyadon.com: step 3 — Follow-up gaps in growing pipelines
[2026-05-12T15:00:15.507Z] [WARN] Supabase logActivity exception: supabaseKey is required.
[2026-05-12T15:00:15.507Z] [INFO] [DRY_RUN] Would send hubspot-live-test2@qiyadon.com: step 1 — Pipeline continuity
[2026-05-12T15:00:15.507Z] [WARN] Supabase logActivity exception: supabaseKey is required.
[2026-05-12T15:00:15.507Z] [INFO] [DRY_RUN] Would send tester@qiyadon.com: step 1 — Pipeline continuity
[2026-05-12T15:00:15.507Z] [WARN] Supabase logActivity exception: supabaseKey is required.
[2026-05-12T15:00:15.507Z] [INFO] ══════════════════════════════════════════
[2026-05-12T15:00:15.507Z] [INFO] Follow-Up Engine complete
[2026-05-12T15:00:15.507Z] [INFO] Sent: 0 | Skipped: 7 | Escalated: 0 | Errors: 0
[2026-05-12T15:00:15.507Z] [INFO] ══════════════════════════════════════════
[2026-05-12T16:00:00.108Z] [INFO] ══════════════════════════════════════════
[2026-05-12T16:00:00.109Z] [INFO] Follow-Up Engine starting
[2026-05-12T16:00:00.109Z] [INFO] Time: 2026-05-12T16:00:00.109Z
[2026-05-12T16:00:00.109Z] [INFO] DRY_RUN=true | GLOBAL_ENABLED=false | SEND_EMAILS=false
[2026-05-12T16:00:00.109Z] [INFO] LIVE_TEST_ALLOWED_EMAIL=(not set) | LIVE_TEST_MAX_SENDS=0
[2026-05-12T16:00:00.131Z] [WARN] Supabase client check failed: supabaseKey is required. — proceeding with caution (graceful degradation)
[2026-05-12T16:00:00.689Z] [INFO] Fetched 7 leads from HubSpot
[2026-05-12T16:00:00.689Z] [INFO] [DRY_RUN] Would send emailmaria@hubspot.com: step 1 — Pipeline continuity
[2026-05-12T16:00:00.690Z] [WARN] Supabase logActivity exception: supabaseKey is required.
[2026-05-12T16:00:00.690Z] [INFO] [DRY_RUN] Would send bh@hubspot.com: step 1 — Pipeline continuity
[2026-05-12T16:00:00.690Z] [WARN] Supabase logActivity exception: supabaseKey is required.
[2026-05-12T16:00:00.690Z] [INFO] [DRY_RUN] Would send test-contact-2026-05-02@example.com: step 1 — Pipeline continuity
[2026-05-12T16:00:00.690Z] [WARN] Supabase logActivity exception: supabaseKey is required.
[2026-05-12T16:00:00.690Z] [INFO] [DRY_RUN] Would send hubspot-test@qiyadon.com: step 1 — Pipeline continuity
[2026-05-12T16:00:00.690Z] [WARN] Supabase logActivity exception: supabaseKey is required.
[2026-05-12T16:00:00.691Z] [INFO] [DRY_RUN] Would send ahmad.salim@qiyadon.com: step 3 — Follow-up gaps in growing pipelines
[2026-05-12T16:00:00.691Z] [WARN] Supabase logActivity exception: supabaseKey is required.
[2026-05-12T16:00:00.691Z] [INFO] [DRY_RUN] Would send hubspot-live-test2@qiyadon.com: step 1 — Pipeline continuity
[2026-05-12T16:00:00.691Z] [WARN] Supabase logActivity exception: supabaseKey is required.
[2026-05-12T16:00:00.691Z] [INFO] [DRY_RUN] Would send tester@qiyadon.com: step 1 — Pipeline continuity
[2026-05-12T16:00:00.691Z] [WARN] Supabase logActivity exception: supabaseKey is required.
[2026-05-12T16:00:00.691Z] [INFO] ══════════════════════════════════════════
[2026-05-12T16:00:00.691Z] [INFO] Follow-Up Engine complete
[2026-05-12T16:00:00.691Z] [INFO] Sent: 0 | Skipped: 7 | Escalated: 0 | Errors: 0
[2026-05-12T16:00:00.691Z] [INFO] ══════════════════════════════════════════
[2026-05-12T16:00:00.940Z] [INFO] ══════════════════════════════════════════
[2026-05-12T16:00:00.941Z] [INFO] Follow-Up Engine starting
[2026-05-12T16:00:00.941Z] [INFO] Time: 2026-05-12T16:00:00.941Z
[2026-05-12T16:00:00.941Z] [INFO] DRY_RUN=true | GLOBAL_ENABLED=false | SEND_EMAILS=false
[2026-05-12T16:00:00.941Z] [INFO] LIVE_TEST_ALLOWED_EMAIL=(not set) | LIVE_TEST_MAX_SENDS=0
[2026-05-12T16:00:00.962Z] [WARN] Supabase client check failed: supabaseKey is required. — proceeding with caution (graceful degradation)
[2026-05-12T16:00:01.968Z] [INFO] Fetched 7 leads from HubSpot
[2026-05-12T16:00:01.968Z] [INFO] [DRY_RUN] Would send emailmaria@hubspot.com: step 1 — Pipeline continuity
[2026-05-12T16:00:01.969Z] [WARN] Supabase logActivity exception: supabaseKey is required.
[2026-05-12T16:00:01.969Z] [INFO] [DRY_RUN] Would send bh@hubspot.com: step 1 — Pipeline continuity
[2026-05-12T16:00:01.969Z] [WARN] Supabase logActivity exception: supabaseKey is required.
[2026-05-12T16:00:01.969Z] [INFO] [DRY_RUN] Would send test-contact-2026-05-02@example.com: step 1 — Pipeline continuity
[2026-05-12T16:00:01.969Z] [WARN] Supabase logActivity exception: supabaseKey is required.
[2026-05-12T16:00:01.969Z] [INFO] [DRY_RUN] Would send hubspot-test@qiyadon.com: step 1 — Pipeline continuity
[2026-05-12T16:00:01.970Z] [WARN] Supabase logActivity exception: supabaseKey is required.
[2026-05-12T16:00:01.970Z] [INFO] [DRY_RUN] Would send ahmad.salim@qiyadon.com: step 3 — Follow-up gaps in growing pipelines
[2026-05-12T16:00:01.970Z] [WARN] Supabase logActivity exception: supabaseKey is required.
[2026-05-12T16:00:01.970Z] [INFO] [DRY_RUN] Would send hubspot-live-test2@qiyadon.com: step 1 — Pipeline continuity
[2026-05-12T16:00:01.970Z] [WARN] Supabase logActivity exception: supabaseKey is required.
[2026-05-12T16:00:01.970Z] [INFO] [DRY_RUN] Would send tester@qiyadon.com: step 1 — Pipeline continuity
[2026-05-12T16:00:01.970Z] [WARN] Supabase logActivity exception: supabaseKey is required.
[2026-05-12T16:00:01.970Z] [INFO] ══════════════════════════════════════════
[2026-05-12T16:00:01.970Z] [INFO] Follow-Up Engine complete
[2026-05-12T16:00:01.970Z] [INFO] Sent: 0 | Skipped: 7 | Escalated: 0 | Errors: 0
[2026-05-12T16:00:01.970Z] [INFO] ══════════════════════════════════════════
[2026-05-12T16:00:02.265Z] [INFO] ══════════════════════════════════════════
[2026-05-12T16:00:02.266Z] [INFO] Follow-Up Engine starting
[2026-05-12T16:00:02.266Z] [INFO] Time: 2026-05-12T16:00:02.266Z
[2026-05-12T16:00:02.267Z] [INFO] DRY_RUN=true | GLOBAL_ENABLED=false | SEND_EMAILS=false
[2026-05-12T16:00:02.267Z] [INFO] LIVE_TEST_ALLOWED_EMAIL=(not set) | LIVE_TEST_MAX_SENDS=0
[2026-05-12T16:00:02.288Z] [WARN] Supabase client check failed: supabaseKey is required. — proceeding with caution (graceful degradation)
[2026-05-12T16:00:02.883Z] [INFO] Fetched 7 leads from HubSpot
[2026-05-12T16:00:02.883Z] [INFO] [DRY_RUN] Would send emailmaria@hubspot.com: step 1 — Pipeline continuity
[2026-05-12T16:00:02.884Z] [WARN] Supabase logActivity exception: supabaseKey is required.
[2026-05-12T16:00:02.884Z] [INFO] [DRY_RUN] Would send bh@hubspot.com: step 1 — Pipeline continuity
[2026-05-12T16:00:02.884Z] [WARN] Supabase logActivity exception: supabaseKey is required.
[2026-05-12T16:00:02.884Z] [INFO] [DRY_RUN] Would send test-contact-2026-05-02@example.com: step 1 — Pipeline continuity
[2026-05-12T16:00:02.884Z] [WARN] Supabase logActivity exception: supabaseKey is required.
[2026-05-12T16:00:02.884Z] [INFO] [DRY_RUN] Would send hubspot-test@qiyadon.com: step 1 — Pipeline continuity
[2026-05-12T16:00:02.884Z] [WARN] Supabase logActivity exception: supabaseKey is required.
[2026-05-12T16:00:02.885Z] [INFO] [DRY_RUN] Would send ahmad.salim@qiyadon.com: step 3 — Follow-up gaps in growing pipelines
[2026-05-12T16:00:02.885Z] [WARN] Supabase logActivity exception: supabaseKey is required.
[2026-05-12T16:00:02.885Z] [INFO] [DRY_RUN] Would send hubspot-live-test2@qiyadon.com: step 1 — Pipeline continuity
[2026-05-12T16:00:02.885Z] [WARN] Supabase logActivity exception: supabaseKey is required.
[2026-05-12T16:00:02.885Z] [INFO] [DRY_RUN] Would send tester@qiyadon.com: step 1 — Pipeline continuity
[2026-05-12T16:00:02.885Z] [WARN] Supabase logActivity exception: supabaseKey is required.
[2026-05-12T16:00:02.885Z] [INFO] ══════════════════════════════════════════
[2026-05-12T16:00:02.885Z] [INFO] Follow-Up Engine complete
[2026-05-12T16:00:02.885Z] [INFO] Sent: 0 | Skipped: 7 | Escalated: 0 | Errors: 0
[2026-05-12T16:00:02.885Z] [INFO] ══════════════════════════════════════════
[2026-05-12T16:00:03.222Z] [INFO] ══════════════════════════════════════════
[2026-05-12T16:00:03.223Z] [INFO] Follow-Up Engine starting
[2026-05-12T16:00:03.223Z] [INFO] Time: 2026-05-12T16:00:03.223Z
[2026-05-12T16:00:03.223Z] [INFO] DRY_RUN=true | GLOBAL_ENABLED=false | SEND_EMAILS=false
[2026-05-12T16:00:03.223Z] [INFO] LIVE_TEST_ALLOWED_EMAIL=(not set) | LIVE_TEST_MAX_SENDS=0
[2026-05-12T16:00:03.244Z] [WARN] Supabase client check failed: supabaseKey is required. — proceeding with caution (graceful degradation)
[2026-05-12T16:00:03.864Z] [INFO] Fetched 7 leads from HubSpot
[2026-05-12T16:00:03.864Z] [INFO] [DRY_RUN] Would send emailmaria@hubspot.com: step 1 — Pipeline continuity
[2026-05-12T16:00:03.865Z] [WARN] Supabase logActivity exception: supabaseKey is required.
[2026-05-12T16:00:03.865Z] [INFO] [DRY_RUN] Would send bh@hubspot.com: step 1 — Pipeline continuity
[2026-05-12T16:00:03.865Z] [WARN] Supabase logActivity exception: supabaseKey is required.
[2026-05-12T16:00:03.865Z] [INFO] [DRY_RUN] Would send test-contact-2026-05-02@example.com: step 1 — Pipeline continuity
[2026-05-12T16:00:03.865Z] [WARN] Supabase logActivity exception: supabaseKey is required.
[2026-05-12T16:00:03.865Z] [INFO] [DRY_RUN] Would send hubspot-test@qiyadon.com: step 1 — Pipeline continuity
[2026-05-12T16:00:03.865Z] [WARN] Supabase logActivity exception: supabaseKey is required.
[2026-05-12T16:00:03.865Z] [INFO] [DRY_RUN] Would send ahmad.salim@qiyadon.com: step 3 — Follow-up gaps in growing pipelines
[2026-05-12T16:00:03.866Z] [WARN] Supabase logActivity exception: supabaseKey is required.
[2026-05-12T16:00:03.866Z] [INFO] [DRY_RUN] Would send hubspot-live-test2@qiyadon.com: step 1 — Pipeline continuity
[2026-05-12T16:00:03.866Z] [WARN] Supabase logActivity exception: supabaseKey is required.
[2026-05-12T16:00:03.866Z] [INFO] [DRY_RUN] Would send tester@qiyadon.com: step 1 — Pipeline continuity
[2026-05-12T16:00:03.866Z] [WARN] Supabase logActivity exception: supabaseKey is required.
[2026-05-12T16:00:03.866Z] [INFO] ══════════════════════════════════════════
[2026-05-12T16:00:03.866Z] [INFO] Follow-Up Engine complete
[2026-05-12T16:00:03.866Z] [INFO] Sent: 0 | Skipped: 7 | Escalated: 0 | Errors: 0
[2026-05-12T16:00:03.866Z] [INFO] ══════════════════════════════════════════
[2026-05-12T16:00:04.316Z] [INFO] ══════════════════════════════════════════
[2026-05-12T16:00:04.317Z] [INFO] Follow-Up Engine starting
[2026-05-12T16:00:04.317Z] [INFO] Time: 2026-05-12T16:00:04.317Z
[2026-05-12T16:00:04.317Z] [INFO] DRY_RUN=true | GLOBAL_ENABLED=false | SEND_EMAILS=false
[2026-05-12T16:00:04.317Z] [INFO] LIVE_TEST_ALLOWED_EMAIL=(not set) | LIVE_TEST_MAX_SENDS=0
[2026-05-12T16:00:04.339Z] [WARN] Supabase client check failed: supabaseKey is required. — proceeding with caution (graceful degradation)
[2026-05-12T16:00:04.990Z] [INFO] Fetched 7 leads from HubSpot
[2026-05-12T16:00:04.990Z] [INFO] [DRY_RUN] Would send emailmaria@hubspot.com: step 1 — Pipeline continuity
[2026-05-12T16:00:04.991Z] [WARN] Supabase logActivity exception: supabaseKey is required.
[2026-05-12T16:00:04.991Z] [INFO] [DRY_RUN] Would send bh@hubspot.com: step 1 — Pipeline continuity
[2026-05-12T16:00:04.991Z] [WARN] Supabase logActivity exception: supabaseKey is required.
[2026-05-12T16:00:04.991Z] [INFO] [DRY_RUN] Would send test-contact-2026-05-02@example.com: step 1 — Pipeline continuity
[2026-05-12T16:00:04.991Z] [WARN] Supabase logActivity exception: supabaseKey is required.
[2026-05-12T16:00:04.991Z] [INFO] [DRY_RUN] Would send hubspot-test@qiyadon.com: step 1 — Pipeline continuity
[2026-05-12T16:00:04.991Z] [WARN] Supabase logActivity exception: supabaseKey is required.
[2026-05-12T16:00:04.992Z] [INFO] [DRY_RUN] Would send ahmad.salim@qiyadon.com: step 3 — Follow-up gaps in growing pipelines
[2026-05-12T16:00:04.992Z] [WARN] Supabase logActivity exception: supabaseKey is required.
[2026-05-12T16:00:04.992Z] [INFO] [DRY_RUN] Would send hubspot-live-test2@qiyadon.com: step 1 — Pipeline continuity
[2026-05-12T16:00:04.992Z] [WARN] Supabase logActivity exception: supabaseKey is required.
[2026-05-12T16:00:04.992Z] [INFO] [DRY_RUN] Would send tester@qiyadon.com: step 1 — Pipeline continuity
[2026-05-12T16:00:04.992Z] [WARN] Supabase logActivity exception: supabaseKey is required.
[2026-05-12T16:00:04.992Z] [INFO] ══════════════════════════════════════════
[2026-05-12T16:00:04.992Z] [INFO] Follow-Up Engine complete
[2026-05-12T16:00:04.992Z] [INFO] Sent: 0 | Skipped: 7 | Escalated: 0 | Errors: 0
[2026-05-12T16:00:04.992Z] [INFO] ══════════════════════════════════════════
[2026-05-12T16:00:05.612Z] [INFO] ══════════════════════════════════════════
[2026-05-12T16:00:05.613Z] [INFO] Follow-Up Engine starting
[2026-05-12T16:00:05.613Z] [INFO] Time: 2026-05-12T16:00:05.613Z
[2026-05-12T16:00:05.613Z] [INFO] DRY_RUN=true | GLOBAL_ENABLED=false | SEND_EMAILS=false
[2026-05-12T16:00:05.613Z] [INFO] LIVE_TEST_ALLOWED_EMAIL=(not set) | LIVE_TEST_MAX_SENDS=0
[2026-05-12T16:00:05.634Z] [WARN] Supabase client check failed: supabaseKey is required. — proceeding with caution (graceful degradation)
[2026-05-12T16:00:06.029Z] [INFO] Fetched 7 leads from HubSpot
[2026-05-12T16:00:06.031Z] [INFO] [DRY_RUN] Would send emailmaria@hubspot.com: step 1 — Pipeline continuity
[2026-05-12T16:00:06.033Z] [WARN] Supabase logActivity exception: supabaseKey is required.
[2026-05-12T16:00:06.033Z] [INFO] [DRY_RUN] Would send bh@hubspot.com: step 1 — Pipeline continuity
[2026-05-12T16:00:06.034Z] [WARN] Supabase logActivity exception: supabaseKey is required.
[2026-05-12T16:00:06.034Z] [INFO] [DRY_RUN] Would send test-contact-2026-05-02@example.com: step 1 — Pipeline continuity
[2026-05-12T16:00:06.035Z] [WARN] Supabase logActivity exception: supabaseKey is required.
[2026-05-12T16:00:06.035Z] [INFO] [DRY_RUN] Would send hubspot-test@qiyadon.com: step 1 — Pipeline continuity
[2026-05-12T16:00:06.036Z] [WARN] Supabase logActivity exception: supabaseKey is required.
[2026-05-12T16:00:06.037Z] [INFO] [DRY_RUN] Would send ahmad.salim@qiyadon.com: step 3 — Follow-up gaps in growing pipelines
[2026-05-12T16:00:06.037Z] [WARN] Supabase logActivity exception: supabaseKey is required.
[2026-05-12T16:00:06.038Z] [INFO] [DRY_RUN] Would send hubspot-live-test2@qiyadon.com: step 1 — Pipeline continuity
[2026-05-12T16:00:06.038Z] [WARN] Supabase logActivity exception: supabaseKey is required.
[2026-05-12T16:00:06.038Z] [INFO] [DRY_RUN] Would send tester@qiyadon.com: step 1 — Pipeline continuity
[2026-05-12T16:00:06.039Z] [WARN] Supabase logActivity exception: supabaseKey is required.
[2026-05-12T16:00:06.039Z] [INFO] ══════════════════════════════════════════
[2026-05-12T16:00:06.039Z] [INFO] Follow-Up Engine complete
[2026-05-12T16:00:06.040Z] [INFO] Sent: 0 | Skipped: 7 | Escalated: 0 | Errors: 0
[2026-05-12T16:00:06.040Z] [INFO] ══════════════════════════════════════════
[2026-05-12T16:00:06.922Z] [INFO] ══════════════════════════════════════════
[2026-05-12T16:00:06.923Z] [INFO] Follow-Up Engine starting
[2026-05-12T16:00:06.923Z] [INFO] Time: 2026-05-12T16:00:06.923Z
[2026-05-12T16:00:06.923Z] [INFO] DRY_RUN=true | GLOBAL_ENABLED=false | SEND_EMAILS=false
[2026-05-12T16:00:06.923Z] [INFO] LIVE_TEST_ALLOWED_EMAIL=(not set) | LIVE_TEST_MAX_SENDS=0
[2026-05-12T16:00:06.944Z] [WARN] Supabase client check failed: supabaseKey is required. — proceeding with caution (graceful degradation)
[2026-05-12T16:00:07.366Z] [INFO] Fetched 7 leads from HubSpot
[2026-05-12T16:00:07.366Z] [INFO] [DRY_RUN] Would send emailmaria@hubspot.com: step 1 — Pipeline continuity
[2026-05-12T16:00:07.367Z] [WARN] Supabase logActivity exception: supabaseKey is required.
[2026-05-12T16:00:07.367Z] [INFO] [DRY_RUN] Would send bh@hubspot.com: step 1 — Pipeline continuity
[2026-05-12T16:00:07.367Z] [WARN] Supabase logActivity exception: supabaseKey is required.
[2026-05-12T16:00:07.367Z] [INFO] [DRY_RUN] Would send test-contact-2026-05-02@example.com: step 1 — Pipeline continuity
[2026-05-12T16:00:07.367Z] [WARN] Supabase logActivity exception: supabaseKey is required.
[2026-05-12T16:00:07.367Z] [INFO] [DRY_RUN] Would send hubspot-test@qiyadon.com: step 1 — Pipeline continuity
[2026-05-12T16:00:07.368Z] [WARN] Supabase logActivity exception: supabaseKey is required.
[2026-05-12T16:00:07.368Z] [INFO] [DRY_RUN] Would send ahmad.salim@qiyadon.com: step 3 — Follow-up gaps in growing pipelines
[2026-05-12T16:00:07.368Z] [WARN] Supabase logActivity exception: supabaseKey is required.
[2026-05-12T16:00:07.368Z] [INFO] [DRY_RUN] Would send hubspot-live-test2@qiyadon.com: step 1 — Pipeline continuity
[2026-05-12T16:00:07.368Z] [WARN] Supabase logActivity exception: supabaseKey is required.
[2026-05-12T16:00:07.368Z] [INFO] [DRY_RUN] Would send tester@qiyadon.com: step 1 — Pipeline continuity
[2026-05-12T16:00:07.368Z] [WARN] Supabase logActivity exception: supabaseKey is required.
[2026-05-12T16:00:07.368Z] [INFO] ══════════════════════════════════════════
[2026-05-12T16:00:07.368Z] [INFO] Follow-Up Engine complete
[2026-05-12T16:00:07.368Z] [INFO] Sent: 0 | Skipped: 7 | Escalated: 0 | Errors: 0
[2026-05-12T16:00:07.368Z] [INFO] ══════════════════════════════════════════
[2026-05-12T16:00:08.620Z] [INFO] ══════════════════════════════════════════
[2026-05-12T16:00:08.621Z] [INFO] Follow-Up Engine starting
[2026-05-12T16:00:08.621Z] [INFO] Time: 2026-05-12T16:00:08.621Z
[2026-05-12T16:00:08.621Z] [INFO] DRY_RUN=true | GLOBAL_ENABLED=false | SEND_EMAILS=false
[2026-05-12T16:00:08.621Z] [INFO] LIVE_TEST_ALLOWED_EMAIL=(not set) | LIVE_TEST_MAX_SENDS=0
[2026-05-12T16:00:08.642Z] [WARN] Supabase client check failed: supabaseKey is required. — proceeding with caution (graceful degradation)
[2026-05-12T16:00:09.071Z] [INFO] Fetched 7 leads from HubSpot
[2026-05-12T16:00:09.071Z] [INFO] [DRY_RUN] Would send emailmaria@hubspot.com: step 1 — Pipeline continuity
[2026-05-12T16:00:09.072Z] [WARN] Supabase logActivity exception: supabaseKey is required.
[2026-05-12T16:00:09.072Z] [INFO] [DRY_RUN] Would send bh@hubspot.com: step 1 — Pipeline continuity
[2026-05-12T16:00:09.072Z] [WARN] Supabase logActivity exception: supabaseKey is required.
[2026-05-12T16:00:09.072Z] [INFO] [DRY_RUN] Would send test-contact-2026-05-02@example.com: step 1 — Pipeline continuity
[2026-05-12T16:00:09.072Z] [WARN] Supabase logActivity exception: supabaseKey is required.
[2026-05-12T16:00:09.072Z] [INFO] [DRY_RUN] Would send hubspot-test@qiyadon.com: step 1 — Pipeline continuity
[2026-05-12T16:00:09.072Z] [WARN] Supabase logActivity exception: supabaseKey is required.
[2026-05-12T16:00:09.073Z] [INFO] [DRY_RUN] Would send ahmad.salim@qiyadon.com: step 3 — Follow-up gaps in growing pipelines
[2026-05-12T16:00:09.073Z] [WARN] Supabase logActivity exception: supabaseKey is required.
[2026-05-12T16:00:09.073Z] [INFO] [DRY_RUN] Would send hubspot-live-test2@qiyadon.com: step 1 — Pipeline continuity
[2026-05-12T16:00:09.073Z] [WARN] Supabase logActivity exception: supabaseKey is required.
[2026-05-12T16:00:09.073Z] [INFO] [DRY_RUN] Would send tester@qiyadon.com: step 1 — Pipeline continuity
[2026-05-12T16:00:09.073Z] [WARN] Supabase logActivity exception: supabaseKey is required.
[2026-05-12T16:00:09.073Z] [INFO] ══════════════════════════════════════════
[2026-05-12T16:00:09.073Z] [INFO] Follow-Up Engine complete
[2026-05-12T16:00:09.073Z] [INFO] Sent: 0 | Skipped: 7 | Escalated: 0 | Errors: 0
[2026-05-12T16:00:09.073Z] [INFO] ══════════════════════════════════════════
[2026-05-12T16:00:10.889Z] [INFO] ══════════════════════════════════════════
[2026-05-12T16:00:10.889Z] [INFO] Follow-Up Engine starting
[2026-05-12T16:00:10.890Z] [INFO] Time: 2026-05-12T16:00:10.890Z
[2026-05-12T16:00:10.890Z] [INFO] DRY_RUN=true | GLOBAL_ENABLED=false | SEND_EMAILS=false
[2026-05-12T16:00:10.890Z] [INFO] LIVE_TEST_ALLOWED_EMAIL=(not set) | LIVE_TEST_MAX_SENDS=0
[2026-05-12T16:00:10.911Z] [WARN] Supabase client check failed: supabaseKey is required. — proceeding with caution (graceful degradation)
[2026-05-12T16:00:11.606Z] [INFO] Fetched 7 leads from HubSpot
[2026-05-12T16:00:11.606Z] [INFO] [DRY_RUN] Would send emailmaria@hubspot.com: step 1 — Pipeline continuity
[2026-05-12T16:00:11.607Z] [WARN] Supabase logActivity exception: supabaseKey is required.
[2026-05-12T16:00:11.607Z] [INFO] [DRY_RUN] Would send bh@hubspot.com: step 1 — Pipeline continuity
[2026-05-12T16:00:11.607Z] [WARN] Supabase logActivity exception: supabaseKey is required.
[2026-05-12T16:00:11.607Z] [INFO] [DRY_RUN] Would send test-contact-2026-05-02@example.com: step 1 — Pipeline continuity
[2026-05-12T16:00:11.607Z] [WARN] Supabase logActivity exception: supabaseKey is required.
[2026-05-12T16:00:11.607Z] [INFO] [DRY_RUN] Would send hubspot-test@qiyadon.com: step 1 — Pipeline continuity
[2026-05-12T16:00:11.607Z] [WARN] Supabase logActivity exception: supabaseKey is required.
[2026-05-12T16:00:11.608Z] [INFO] [DRY_RUN] Would send ahmad.salim@qiyadon.com: step 3 — Follow-up gaps in growing pipelines
[2026-05-12T16:00:11.608Z] [WARN] Supabase logActivity exception: supabaseKey is required.
[2026-05-12T16:00:11.608Z] [INFO] [DRY_RUN] Would send hubspot-live-test2@qiyadon.com: step 1 — Pipeline continuity
[2026-05-12T16:00:11.608Z] [WARN] Supabase logActivity exception: supabaseKey is required.
[2026-05-12T16:00:11.608Z] [INFO] [DRY_RUN] Would send tester@qiyadon.com: step 1 — Pipeline continuity
[2026-05-12T16:00:11.608Z] [WARN] Supabase logActivity exception: supabaseKey is required.
[2026-05-12T16:00:11.608Z] [INFO] ══════════════════════════════════════════
[2026-05-12T16:00:11.608Z] [INFO] Follow-Up Engine complete
[2026-05-12T16:00:11.608Z] [INFO] Sent: 0 | Skipped: 7 | Escalated: 0 | Errors: 0
[2026-05-12T16:00:11.608Z] [INFO] ══════════════════════════════════════════
[2026-05-12T16:00:14.276Z] [INFO] ══════════════════════════════════════════
[2026-05-12T16:00:14.277Z] [INFO] Follow-Up Engine starting
[2026-05-12T16:00:14.277Z] [INFO] Time: 2026-05-12T16:00:14.277Z
[2026-05-12T16:00:14.277Z] [INFO] DRY_RUN=true | GLOBAL_ENABLED=false | SEND_EMAILS=false
[2026-05-12T16:00:14.278Z] [INFO] LIVE_TEST_ALLOWED_EMAIL=(not set) | LIVE_TEST_MAX_SENDS=0
[2026-05-12T16:00:14.298Z] [WARN] Supabase client check failed: supabaseKey is required. — proceeding with caution (graceful degradation)
[2026-05-12T16:00:14.788Z] [INFO] Fetched 7 leads from HubSpot
[2026-05-12T16:00:14.788Z] [INFO] [DRY_RUN] Would send emailmaria@hubspot.com: step 1 — Pipeline continuity
[2026-05-12T16:00:14.789Z] [WARN] Supabase logActivity exception: supabaseKey is required.
[2026-05-12T16:00:14.789Z] [INFO] [DRY_RUN] Would send bh@hubspot.com: step 1 — Pipeline continuity
[2026-05-12T16:00:14.789Z] [WARN] Supabase logActivity exception: supabaseKey is required.
[2026-05-12T16:00:14.789Z] [INFO] [DRY_RUN] Would send test-contact-2026-05-02@example.com: step 1 — Pipeline continuity
[2026-05-12T16:00:14.789Z] [WARN] Supabase logActivity exception: supabaseKey is required.
[2026-05-12T16:00:14.789Z] [INFO] [DRY_RUN] Would send hubspot-test@qiyadon.com: step 1 — Pipeline continuity
[2026-05-12T16:00:14.789Z] [WARN] Supabase logActivity exception: supabaseKey is required.
[2026-05-12T16:00:14.790Z] [INFO] [DRY_RUN] Would send ahmad.salim@qiyadon.com: step 3 — Follow-up gaps in growing pipelines
[2026-05-12T16:00:14.790Z] [WARN] Supabase logActivity exception: supabaseKey is required.
[2026-05-12T16:00:14.790Z] [INFO] [DRY_RUN] Would send hubspot-live-test2@qiyadon.com: step 1 — Pipeline continuity
[2026-05-12T16:00:14.790Z] [WARN] Supabase logActivity exception: supabaseKey is required.
[2026-05-12T16:00:14.790Z] [INFO] [DRY_RUN] Would send tester@qiyadon.com: step 1 — Pipeline continuity
[2026-05-12T16:00:14.790Z] [WARN] Supabase logActivity exception: supabaseKey is required.
[2026-05-12T16:00:14.790Z] [INFO] ══════════════════════════════════════════
[2026-05-12T16:00:14.790Z] [INFO] Follow-Up Engine complete
[2026-05-12T16:00:14.790Z] [INFO] Sent: 0 | Skipped: 7 | Escalated: 0 | Errors: 0
[2026-05-12T16:00:14.790Z] [INFO] ══════════════════════════════════════════
[2026-05-12T17:00:00.112Z] [INFO] ══════════════════════════════════════════
[2026-05-12T17:00:00.113Z] [INFO] Follow-Up Engine starting
[2026-05-12T17:00:00.113Z] [INFO] Time: 2026-05-12T17:00:00.113Z
[2026-05-12T17:00:00.113Z] [INFO] DRY_RUN=true | GLOBAL_ENABLED=false | SEND_EMAILS=false
[2026-05-12T17:00:00.113Z] [INFO] LIVE_TEST_ALLOWED_EMAIL=(not set) | LIVE_TEST_MAX_SENDS=0
[2026-05-12T17:00:00.135Z] [WARN] Supabase client check failed: supabaseKey is required. — proceeding with caution (graceful degradation)
[2026-05-12T17:00:01.106Z] [INFO] Fetched 7 leads from HubSpot
[2026-05-12T17:00:01.106Z] [INFO] [DRY_RUN] Would send emailmaria@hubspot.com: step 1 — Pipeline continuity
[2026-05-12T17:00:01.107Z] [WARN] Supabase logActivity exception: supabaseKey is required.
[2026-05-12T17:00:01.107Z] [INFO] [DRY_RUN] Would send bh@hubspot.com: step 1 — Pipeline continuity
[2026-05-12T17:00:01.107Z] [WARN] Supabase logActivity exception: supabaseKey is required.
[2026-05-12T17:00:01.107Z] [INFO] [DRY_RUN] Would send test-contact-2026-05-02@example.com: step 1 — Pipeline continuity
[2026-05-12T17:00:01.107Z] [WARN] Supabase logActivity exception: supabaseKey is required.
[2026-05-12T17:00:01.108Z] [INFO] [DRY_RUN] Would send hubspot-test@qiyadon.com: step 1 — Pipeline continuity
[2026-05-12T17:00:01.108Z] [WARN] Supabase logActivity exception: supabaseKey is required.
[2026-05-12T17:00:01.108Z] [INFO] [DRY_RUN] Would send ahmad.salim@qiyadon.com: step 3 — Follow-up gaps in growing pipelines
[2026-05-12T17:00:01.108Z] [WARN] Supabase logActivity exception: supabaseKey is required.
[2026-05-12T17:00:01.108Z] [INFO] [DRY_RUN] Would send hubspot-live-test2@qiyadon.com: step 1 — Pipeline continuity
[2026-05-12T17:00:01.108Z] [WARN] Supabase logActivity exception: supabaseKey is required.
[2026-05-12T17:00:01.108Z] [INFO] [DRY_RUN] Would send tester@qiyadon.com: step 1 — Pipeline continuity
[2026-05-12T17:00:01.108Z] [WARN] Supabase logActivity exception: supabaseKey is required.
[2026-05-12T17:00:01.108Z] [INFO] ══════════════════════════════════════════
[2026-05-12T17:00:01.109Z] [INFO] Follow-Up Engine complete
[2026-05-12T17:00:01.109Z] [INFO] Sent: 0 | Skipped: 7 | Escalated: 0 | Errors: 0
[2026-05-12T17:00:01.109Z] [INFO] ══════════════════════════════════════════
[2026-05-12T17:00:01.314Z] [INFO] ══════════════════════════════════════════
[2026-05-12T17:00:01.315Z] [INFO] Follow-Up Engine starting
[2026-05-12T17:00:01.315Z] [INFO] Time: 2026-05-12T17:00:01.315Z
[2026-05-12T17:00:01.316Z] [INFO] DRY_RUN=true | GLOBAL_ENABLED=false | SEND_EMAILS=false
[2026-05-12T17:00:01.316Z] [INFO] LIVE_TEST_ALLOWED_EMAIL=(not set) | LIVE_TEST_MAX_SENDS=0
[2026-05-12T17:00:01.337Z] [WARN] Supabase client check failed: supabaseKey is required. — proceeding with caution (graceful degradation)
[2026-05-12T17:00:01.725Z] [INFO] Fetched 7 leads from HubSpot
[2026-05-12T17:00:01.727Z] [INFO] [DRY_RUN] Would send emailmaria@hubspot.com: step 1 — Pipeline continuity
[2026-05-12T17:00:01.729Z] [WARN] Supabase logActivity exception: supabaseKey is required.
[2026-05-12T17:00:01.730Z] [INFO] [DRY_RUN] Would send bh@hubspot.com: step 1 — Pipeline continuity
[2026-05-12T17:00:01.730Z] [WARN] Supabase logActivity exception: supabaseKey is required.
[2026-05-12T17:00:01.731Z] [INFO] [DRY_RUN] Would send test-contact-2026-05-02@example.com: step 1 — Pipeline continuity
[2026-05-12T17:00:01.732Z] [WARN] Supabase logActivity exception: supabaseKey is required.
[2026-05-12T17:00:01.732Z] [INFO] [DRY_RUN] Would send hubspot-test@qiyadon.com: step 1 — Pipeline continuity
[2026-05-12T17:00:01.733Z] [WARN] Supabase logActivity exception: supabaseKey is required.
[2026-05-12T17:00:01.734Z] [INFO] [DRY_RUN] Would send ahmad.salim@qiyadon.com: step 3 — Follow-up gaps in growing pipelines
[2026-05-12T17:00:01.734Z] [WARN] Supabase logActivity exception: supabaseKey is required.
[2026-05-12T17:00:01.735Z] [INFO] [DRY_RUN] Would send hubspot-live-test2@qiyadon.com: step 1 — Pipeline continuity
[2026-05-12T17:00:01.735Z] [WARN] Supabase logActivity exception: supabaseKey is required.
[2026-05-12T17:00:01.736Z] [INFO] [DRY_RUN] Would send tester@qiyadon.com: step 1 — Pipeline continuity
[2026-05-12T17:00:01.737Z] [WARN] Supabase logActivity exception: supabaseKey is required.
[2026-05-12T17:00:01.737Z] [INFO] ══════════════════════════════════════════
[2026-05-12T17:00:01.737Z] [INFO] Follow-Up Engine complete
[2026-05-12T17:00:01.738Z] [INFO] Sent: 0 | Skipped: 7 | Escalated: 0 | Errors: 0
[2026-05-12T17:00:01.738Z] [INFO] ══════════════════════════════════════════
[2026-05-12T17:00:02.012Z] [INFO] ══════════════════════════════════════════
[2026-05-12T17:00:02.013Z] [INFO] Follow-Up Engine starting
[2026-05-12T17:00:02.013Z] [INFO] Time: 2026-05-12T17:00:02.013Z
[2026-05-12T17:00:02.013Z] [INFO] DRY_RUN=true | GLOBAL_ENABLED=false | SEND_EMAILS=false
[2026-05-12T17:00:02.014Z] [INFO] LIVE_TEST_ALLOWED_EMAIL=(not set) | LIVE_TEST_MAX_SENDS=0
[2026-05-12T17:00:02.035Z] [WARN] Supabase client check failed: supabaseKey is required. — proceeding with caution (graceful degradation)
[2026-05-12T17:00:02.441Z] [INFO] Fetched 7 leads from HubSpot
[2026-05-12T17:00:02.442Z] [INFO] [DRY_RUN] Would send emailmaria@hubspot.com: step 1 — Pipeline continuity
[2026-05-12T17:00:02.444Z] [WARN] Supabase logActivity exception: supabaseKey is required.
[2026-05-12T17:00:02.445Z] [INFO] [DRY_RUN] Would send bh@hubspot.com: step 1 — Pipeline continuity
[2026-05-12T17:00:02.446Z] [WARN] Supabase logActivity exception: supabaseKey is required.
[2026-05-12T17:00:02.446Z] [INFO] [DRY_RUN] Would send test-contact-2026-05-02@example.com: step 1 — Pipeline continuity
[2026-05-12T17:00:02.447Z] [WARN] Supabase logActivity exception: supabaseKey is required.
[2026-05-12T17:00:02.448Z] [INFO] [DRY_RUN] Would send hubspot-test@qiyadon.com: step 1 — Pipeline continuity
[2026-05-12T17:00:02.448Z] [WARN] Supabase logActivity exception: supabaseKey is required.
[2026-05-12T17:00:02.449Z] [INFO] [DRY_RUN] Would send ahmad.salim@qiyadon.com: step 3 — Follow-up gaps in growing pipelines
[2026-05-12T17:00:02.450Z] [WARN] Supabase logActivity exception: supabaseKey is required.
[2026-05-12T17:00:02.450Z] [INFO] [DRY_RUN] Would send hubspot-live-test2@qiyadon.com: step 1 — Pipeline continuity
[2026-05-12T17:00:02.451Z] [WARN] Supabase logActivity exception: supabaseKey is required.
[2026-05-12T17:00:02.451Z] [INFO] [DRY_RUN] Would send tester@qiyadon.com: step 1 — Pipeline continuity
[2026-05-12T17:00:02.452Z] [WARN] Supabase logActivity exception: supabaseKey is required.
[2026-05-12T17:00:02.452Z] [INFO] ══════════════════════════════════════════
[2026-05-12T17:00:02.453Z] [INFO] Follow-Up Engine complete
[2026-05-12T17:00:02.453Z] [INFO] Sent: 0 | Skipped: 7 | Escalated: 0 | Errors: 0
[2026-05-12T17:00:02.453Z] [INFO] ══════════════════════════════════════════
[2026-05-12T17:00:02.840Z] [INFO] ══════════════════════════════════════════
[2026-05-12T17:00:02.841Z] [INFO] Follow-Up Engine starting
[2026-05-12T17:00:02.841Z] [INFO] Time: 2026-05-12T17:00:02.841Z
[2026-05-12T17:00:02.841Z] [INFO] DRY_RUN=true | GLOBAL_ENABLED=false | SEND_EMAILS=false
[2026-05-12T17:00:02.841Z] [INFO] LIVE_TEST_ALLOWED_EMAIL=(not set) | LIVE_TEST_MAX_SENDS=0
[2026-05-12T17:00:02.862Z] [WARN] Supabase client check failed: supabaseKey is required. — proceeding with caution (graceful degradation)
[2026-05-12T17:00:03.332Z] [INFO] Fetched 7 leads from HubSpot
[2026-05-12T17:00:03.332Z] [INFO] [DRY_RUN] Would send emailmaria@hubspot.com: step 1 — Pipeline continuity
[2026-05-12T17:00:03.333Z] [WARN] Supabase logActivity exception: supabaseKey is required.
[2026-05-12T17:00:03.333Z] [INFO] [DRY_RUN] Would send bh@hubspot.com: step 1 — Pipeline continuity
[2026-05-12T17:00:03.333Z] [WARN] Supabase logActivity exception: supabaseKey is required.
[2026-05-12T17:00:03.333Z] [INFO] [DRY_RUN] Would send test-contact-2026-05-02@example.com: step 1 — Pipeline continuity
[2026-05-12T17:00:03.333Z] [WARN] Supabase logActivity exception: supabaseKey is required.
[2026-05-12T17:00:03.334Z] [INFO] [DRY_RUN] Would send hubspot-test@qiyadon.com: step 1 — Pipeline continuity
[2026-05-12T17:00:03.334Z] [WARN] Supabase logActivity exception: supabaseKey is required.
[2026-05-12T17:00:03.334Z] [INFO] [DRY_RUN] Would send ahmad.salim@qiyadon.com: step 3 — Follow-up gaps in growing pipelines
[2026-05-12T17:00:03.334Z] [WARN] Supabase logActivity exception: supabaseKey is required.
[2026-05-12T17:00:03.334Z] [INFO] [DRY_RUN] Would send hubspot-live-test2@qiyadon.com: step 1 — Pipeline continuity
[2026-05-12T17:00:03.335Z] [WARN] Supabase logActivity exception: supabaseKey is required.
[2026-05-12T17:00:03.335Z] [INFO] [DRY_RUN] Would send tester@qiyadon.com: step 1 — Pipeline continuity
[2026-05-12T17:00:03.335Z] [WARN] Supabase logActivity exception: supabaseKey is required.
[2026-05-12T17:00:03.335Z] [INFO] ══════════════════════════════════════════
[2026-05-12T17:00:03.335Z] [INFO] Follow-Up Engine complete
[2026-05-12T17:00:03.335Z] [INFO] Sent: 0 | Skipped: 7 | Escalated: 0 | Errors: 0
[2026-05-12T17:00:03.335Z] [INFO] ══════════════════════════════════════════
[2026-05-12T17:00:03.787Z] [INFO] ══════════════════════════════════════════
[2026-05-12T17:00:03.788Z] [INFO] Follow-Up Engine starting
[2026-05-12T17:00:03.789Z] [INFO] Time: 2026-05-12T17:00:03.789Z
[2026-05-12T17:00:03.789Z] [INFO] DRY_RUN=true | GLOBAL_ENABLED=false | SEND_EMAILS=false
[2026-05-12T17:00:03.789Z] [INFO] LIVE_TEST_ALLOWED_EMAIL=(not set) | LIVE_TEST_MAX_SENDS=0
[2026-05-12T17:00:03.810Z] [WARN] Supabase client check failed: supabaseKey is required. — proceeding with caution (graceful degradation)
[2026-05-12T17:00:04.221Z] [INFO] Fetched 7 leads from HubSpot
[2026-05-12T17:00:04.221Z] [INFO] [DRY_RUN] Would send emailmaria@hubspot.com: step 1 — Pipeline continuity
[2026-05-12T17:00:04.222Z] [WARN] Supabase logActivity exception: supabaseKey is required.
[2026-05-12T17:00:04.222Z] [INFO] [DRY_RUN] Would send bh@hubspot.com: step 1 — Pipeline continuity
[2026-05-12T17:00:04.222Z] [WARN] Supabase logActivity exception: supabaseKey is required.
[2026-05-12T17:00:04.222Z] [INFO] [DRY_RUN] Would send test-contact-2026-05-02@example.com: step 1 — Pipeline continuity
[2026-05-12T17:00:04.222Z] [WARN] Supabase logActivity exception: supabaseKey is required.
[2026-05-12T17:00:04.222Z] [INFO] [DRY_RUN] Would send hubspot-test@qiyadon.com: step 1 — Pipeline continuity
[2026-05-12T17:00:04.223Z] [WARN] Supabase logActivity exception: supabaseKey is required.
[2026-05-12T17:00:04.223Z] [INFO] [DRY_RUN] Would send ahmad.salim@qiyadon.com: step 3 — Follow-up gaps in growing pipelines
[2026-05-12T17:00:04.223Z] [WARN] Supabase logActivity exception: supabaseKey is required.
[2026-05-12T17:00:04.223Z] [INFO] [DRY_RUN] Would send hubspot-live-test2@qiyadon.com: step 1 — Pipeline continuity
[2026-05-12T17:00:04.223Z] [WARN] Supabase logActivity exception: supabaseKey is required.
[2026-05-12T17:00:04.223Z] [INFO] [DRY_RUN] Would send tester@qiyadon.com: step 1 — Pipeline continuity
[2026-05-12T17:00:04.224Z] [WARN] Supabase logActivity exception: supabaseKey is required.
[2026-05-12T17:00:04.224Z] [INFO] ══════════════════════════════════════════
[2026-05-12T17:00:04.224Z] [INFO] Follow-Up Engine complete
[2026-05-12T17:00:04.224Z] [INFO] Sent: 0 | Skipped: 7 | Escalated: 0 | Errors: 0
[2026-05-12T17:00:04.224Z] [INFO] ══════════════════════════════════════════
[2026-05-12T17:00:04.840Z] [INFO] ══════════════════════════════════════════
[2026-05-12T17:00:04.841Z] [INFO] Follow-Up Engine starting
[2026-05-12T17:00:04.841Z] [INFO] Time: 2026-05-12T17:00:04.841Z
[2026-05-12T17:00:04.841Z] [INFO] DRY_RUN=true | GLOBAL_ENABLED=false | SEND_EMAILS=false
[2026-05-12T17:00:04.841Z] [INFO] LIVE_TEST_ALLOWED_EMAIL=(not set) | LIVE_TEST_MAX_SENDS=0
[2026-05-12T17:00:04.863Z] [WARN] Supabase client check failed: supabaseKey is required. — proceeding with caution (graceful degradation)
[2026-05-12T17:00:05.279Z] [INFO] Fetched 7 leads from HubSpot
[2026-05-12T17:00:05.281Z] [INFO] [DRY_RUN] Would send emailmaria@hubspot.com: step 1 — Pipeline continuity
[2026-05-12T17:00:05.282Z] [WARN] Supabase logActivity exception: supabaseKey is required.
[2026-05-12T17:00:05.283Z] [INFO] [DRY_RUN] Would send bh@hubspot.com: step 1 — Pipeline continuity
[2026-05-12T17:00:05.284Z] [WARN] Supabase logActivity exception: supabaseKey is required.
[2026-05-12T17:00:05.285Z] [INFO] [DRY_RUN] Would send test-contact-2026-05-02@example.com: step 1 — Pipeline continuity
[2026-05-12T17:00:05.285Z] [WARN] Supabase logActivity exception: supabaseKey is required.
[2026-05-12T17:00:05.286Z] [INFO] [DRY_RUN] Would send hubspot-test@qiyadon.com: step 1 — Pipeline continuity
[2026-05-12T17:00:05.287Z] [WARN] Supabase logActivity exception: supabaseKey is required.
[2026-05-12T17:00:05.288Z] [INFO] [DRY_RUN] Would send ahmad.salim@qiyadon.com: step 3 — Follow-up gaps in growing pipelines
[2026-05-12T17:00:05.288Z] [WARN] Supabase logActivity exception: supabaseKey is required.
[2026-05-12T17:00:05.289Z] [INFO] [DRY_RUN] Would send hubspot-live-test2@qiyadon.com: step 1 — Pipeline continuity
[2026-05-12T17:00:05.289Z] [WARN] Supabase logActivity exception: supabaseKey is required.
[2026-05-12T17:00:05.290Z] [INFO] [DRY_RUN] Would send tester@qiyadon.com: step 1 — Pipeline continuity
[2026-05-12T17:00:05.290Z] [WARN] Supabase logActivity exception: supabaseKey is required.
[2026-05-12T17:00:05.290Z] [INFO] ══════════════════════════════════════════
[2026-05-12T17:00:05.290Z] [INFO] Follow-Up Engine complete
[2026-05-12T17:00:05.291Z] [INFO] Sent: 0 | Skipped: 7 | Escalated: 0 | Errors: 0
[2026-05-12T17:00:05.291Z] [INFO] ══════════════════════════════════════════
[2026-05-12T17:00:06.160Z] [INFO] ══════════════════════════════════════════
[2026-05-12T17:00:06.161Z] [INFO] Follow-Up Engine starting
[2026-05-12T17:00:06.161Z] [INFO] Time: 2026-05-12T17:00:06.161Z
[2026-05-12T17:00:06.161Z] [INFO] DRY_RUN=true | GLOBAL_ENABLED=false | SEND_EMAILS=false
[2026-05-12T17:00:06.161Z] [INFO] LIVE_TEST_ALLOWED_EMAIL=(not set) | LIVE_TEST_MAX_SENDS=0
[2026-05-12T17:00:06.182Z] [WARN] Supabase client check failed: supabaseKey is required. — proceeding with caution (graceful degradation)
[2026-05-12T17:00:06.645Z] [INFO] Fetched 7 leads from HubSpot
[2026-05-12T17:00:06.645Z] [INFO] [DRY_RUN] Would send emailmaria@hubspot.com: step 1 — Pipeline continuity
[2026-05-12T17:00:06.646Z] [WARN] Supabase logActivity exception: supabaseKey is required.
[2026-05-12T17:00:06.646Z] [INFO] [DRY_RUN] Would send bh@hubspot.com: step 1 — Pipeline continuity
[2026-05-12T17:00:06.646Z] [WARN] Supabase logActivity exception: supabaseKey is required.
[2026-05-12T17:00:06.646Z] [INFO] [DRY_RUN] Would send test-contact-2026-05-02@example.com: step 1 — Pipeline continuity
[2026-05-12T17:00:06.647Z] [WARN] Supabase logActivity exception: supabaseKey is required.
[2026-05-12T17:00:06.647Z] [INFO] [DRY_RUN] Would send hubspot-test@qiyadon.com: step 1 — Pipeline continuity
[2026-05-12T17:00:06.647Z] [WARN] Supabase logActivity exception: supabaseKey is required.
[2026-05-12T17:00:06.647Z] [INFO] [DRY_RUN] Would send ahmad.salim@qiyadon.com: step 3 — Follow-up gaps in growing pipelines
[2026-05-12T17:00:06.647Z] [WARN] Supabase logActivity exception: supabaseKey is required.
[2026-05-12T17:00:06.647Z] [INFO] [DRY_RUN] Would send hubspot-live-test2@qiyadon.com: step 1 — Pipeline continuity
[2026-05-12T17:00:06.647Z] [WARN] Supabase logActivity exception: supabaseKey is required.
[2026-05-12T17:00:06.647Z] [INFO] [DRY_RUN] Would send tester@qiyadon.com: step 1 — Pipeline continuity
[2026-05-12T17:00:06.648Z] [WARN] Supabase logActivity exception: supabaseKey is required.
[2026-05-12T17:00:06.648Z] [INFO] ══════════════════════════════════════════
[2026-05-12T17:00:06.648Z] [INFO] Follow-Up Engine complete
[2026-05-12T17:00:06.648Z] [INFO] Sent: 0 | Skipped: 7 | Escalated: 0 | Errors: 0
[2026-05-12T17:00:06.648Z] [INFO] ══════════════════════════════════════════
[2026-05-12T17:00:07.898Z] [INFO] ══════════════════════════════════════════
[2026-05-12T17:00:07.899Z] [INFO] Follow-Up Engine starting
[2026-05-12T17:00:07.899Z] [INFO] Time: 2026-05-12T17:00:07.899Z
[2026-05-12T17:00:07.900Z] [INFO] DRY_RUN=true | GLOBAL_ENABLED=false | SEND_EMAILS=false
[2026-05-12T17:00:07.900Z] [INFO] LIVE_TEST_ALLOWED_EMAIL=(not set) | LIVE_TEST_MAX_SENDS=0
[2026-05-12T17:00:07.921Z] [WARN] Supabase client check failed: supabaseKey is required. — proceeding with caution (graceful degradation)
[2026-05-12T17:00:08.563Z] [INFO] Fetched 7 leads from HubSpot
[2026-05-12T17:00:08.563Z] [INFO] [DRY_RUN] Would send emailmaria@hubspot.com: step 1 — Pipeline continuity
[2026-05-12T17:00:08.563Z] [WARN] Supabase logActivity exception: supabaseKey is required.
[2026-05-12T17:00:08.564Z] [INFO] [DRY_RUN] Would send bh@hubspot.com: step 1 — Pipeline continuity
[2026-05-12T17:00:08.564Z] [WARN] Supabase logActivity exception: supabaseKey is required.
[2026-05-12T17:00:08.564Z] [INFO] [DRY_RUN] Would send test-contact-2026-05-02@example.com: step 1 — Pipeline continuity
[2026-05-12T17:00:08.564Z] [WARN] Supabase logActivity exception: supabaseKey is required.
[2026-05-12T17:00:08.564Z] [INFO] [DRY_RUN] Would send hubspot-test@qiyadon.com: step 1 — Pipeline continuity
[2026-05-12T17:00:08.565Z] [WARN] Supabase logActivity exception: supabaseKey is required.
[2026-05-12T17:00:08.565Z] [INFO] [DRY_RUN] Would send ahmad.salim@qiyadon.com: step 3 — Follow-up gaps in growing pipelines
[2026-05-12T17:00:08.565Z] [WARN] Supabase logActivity exception: supabaseKey is required.
[2026-05-12T17:00:08.565Z] [INFO] [DRY_RUN] Would send hubspot-live-test2@qiyadon.com: step 1 — Pipeline continuity
[2026-05-12T17:00:08.565Z] [WARN] Supabase logActivity exception: supabaseKey is required.
[2026-05-12T17:00:08.565Z] [INFO] [DRY_RUN] Would send tester@qiyadon.com: step 1 — Pipeline continuity
[2026-05-12T17:00:08.565Z] [WARN] Supabase logActivity exception: supabaseKey is required.
[2026-05-12T17:00:08.566Z] [INFO] ══════════════════════════════════════════
[2026-05-12T17:00:08.566Z] [INFO] Follow-Up Engine complete
[2026-05-12T17:00:08.566Z] [INFO] Sent: 0 | Skipped: 7 | Escalated: 0 | Errors: 0
[2026-05-12T17:00:08.566Z] [INFO] ══════════════════════════════════════════
[2026-05-12T17:00:10.380Z] [INFO] ══════════════════════════════════════════
[2026-05-12T17:00:10.381Z] [INFO] Follow-Up Engine starting
[2026-05-12T17:00:10.381Z] [INFO] Time: 2026-05-12T17:00:10.381Z
[2026-05-12T17:00:10.381Z] [INFO] DRY_RUN=true | GLOBAL_ENABLED=false | SEND_EMAILS=false
[2026-05-12T17:00:10.381Z] [INFO] LIVE_TEST_ALLOWED_EMAIL=(not set) | LIVE_TEST_MAX_SENDS=0
[2026-05-12T17:00:10.402Z] [WARN] Supabase client check failed: supabaseKey is required. — proceeding with caution (graceful degradation)
[2026-05-12T17:00:10.855Z] [INFO] Fetched 7 leads from HubSpot
[2026-05-12T17:00:10.855Z] [INFO] [DRY_RUN] Would send emailmaria@hubspot.com: step 1 — Pipeline continuity
[2026-05-12T17:00:10.856Z] [WARN] Supabase logActivity exception: supabaseKey is required.
[2026-05-12T17:00:10.856Z] [INFO] [DRY_RUN] Would send bh@hubspot.com: step 1 — Pipeline continuity
[2026-05-12T17:00:10.856Z] [WARN] Supabase logActivity exception: supabaseKey is required.
[2026-05-12T17:00:10.856Z] [INFO] [DRY_RUN] Would send test-contact-2026-05-02@example.com: step 1 — Pipeline continuity
[2026-05-12T17:00:10.857Z] [WARN] Supabase logActivity exception: supabaseKey is required.
[2026-05-12T17:00:10.857Z] [INFO] [DRY_RUN] Would send hubspot-test@qiyadon.com: step 1 — Pipeline continuity
[2026-05-12T17:00:10.857Z] [WARN] Supabase logActivity exception: supabaseKey is required.
[2026-05-12T17:00:10.857Z] [INFO] [DRY_RUN] Would send ahmad.salim@qiyadon.com: step 3 — Follow-up gaps in growing pipelines
[2026-05-12T17:00:10.857Z] [WARN] Supabase logActivity exception: supabaseKey is required.
[2026-05-12T17:00:10.857Z] [INFO] [DRY_RUN] Would send hubspot-live-test2@qiyadon.com: step 1 — Pipeline continuity
[2026-05-12T17:00:10.858Z] [WARN] Supabase logActivity exception: supabaseKey is required.
[2026-05-12T17:00:10.858Z] [INFO] [DRY_RUN] Would send tester@qiyadon.com: step 1 — Pipeline continuity
[2026-05-12T17:00:10.858Z] [WARN] Supabase logActivity exception: supabaseKey is required.
[2026-05-12T17:00:10.858Z] [INFO] ══════════════════════════════════════════
[2026-05-12T17:00:10.858Z] [INFO] Follow-Up Engine complete
[2026-05-12T17:00:10.858Z] [INFO] Sent: 0 | Skipped: 7 | Escalated: 0 | Errors: 0
[2026-05-12T17:00:10.858Z] [INFO] ══════════════════════════════════════════
[2026-05-12T17:00:13.523Z] [INFO] ══════════════════════════════════════════
[2026-05-12T17:00:13.523Z] [INFO] Follow-Up Engine starting
[2026-05-12T17:00:13.524Z] [INFO] Time: 2026-05-12T17:00:13.524Z
[2026-05-12T17:00:13.524Z] [INFO] DRY_RUN=true | GLOBAL_ENABLED=false | SEND_EMAILS=false
[2026-05-12T17:00:13.524Z] [INFO] LIVE_TEST_ALLOWED_EMAIL=(not set) | LIVE_TEST_MAX_SENDS=0
[2026-05-12T17:00:13.545Z] [WARN] Supabase client check failed: supabaseKey is required. — proceeding with caution (graceful degradation)
[2026-05-12T17:00:14.201Z] [INFO] Fetched 7 leads from HubSpot
[2026-05-12T17:00:14.201Z] [INFO] [DRY_RUN] Would send emailmaria@hubspot.com: step 1 — Pipeline continuity
[2026-05-12T17:00:14.202Z] [WARN] Supabase logActivity exception: supabaseKey is required.
[2026-05-12T17:00:14.202Z] [INFO] [DRY_RUN] Would send bh@hubspot.com: step 1 — Pipeline continuity
[2026-05-12T17:00:14.202Z] [WARN] Supabase logActivity exception: supabaseKey is required.
[2026-05-12T17:00:14.202Z] [INFO] [DRY_RUN] Would send test-contact-2026-05-02@example.com: step 1 — Pipeline continuity
[2026-05-12T17:00:14.202Z] [WARN] Supabase logActivity exception: supabaseKey is required.
[2026-05-12T17:00:14.202Z] [INFO] [DRY_RUN] Would send hubspot-test@qiyadon.com: step 1 — Pipeline continuity
[2026-05-12T17:00:14.202Z] [WARN] Supabase logActivity exception: supabaseKey is required.
[2026-05-12T17:00:14.203Z] [INFO] [DRY_RUN] Would send ahmad.salim@qiyadon.com: step 3 — Follow-up gaps in growing pipelines
[2026-05-12T17:00:14.203Z] [WARN] Supabase logActivity exception: supabaseKey is required.
[2026-05-12T17:00:14.203Z] [INFO] [DRY_RUN] Would send hubspot-live-test2@qiyadon.com: step 1 — Pipeline continuity
[2026-05-12T17:00:14.203Z] [WARN] Supabase logActivity exception: supabaseKey is required.
[2026-05-12T17:00:14.203Z] [INFO] [DRY_RUN] Would send tester@qiyadon.com: step 1 — Pipeline continuity
[2026-05-12T17:00:14.203Z] [WARN] Supabase logActivity exception: supabaseKey is required.
[2026-05-12T17:00:14.203Z] [INFO] ══════════════════════════════════════════
[2026-05-12T17:00:14.203Z] [INFO] Follow-Up Engine complete
[2026-05-12T17:00:14.203Z] [INFO] Sent: 0 | Skipped: 7 | Escalated: 0 | Errors: 0
[2026-05-12T17:00:14.203Z] [INFO] ══════════════════════════════════════════
[2026-05-12T18:00:00.102Z] [INFO] ══════════════════════════════════════════
[2026-05-12T18:00:00.103Z] [INFO] Follow-Up Engine starting
[2026-05-12T18:00:00.103Z] [INFO] Time: 2026-05-12T18:00:00.103Z
[2026-05-12T18:00:00.103Z] [INFO] DRY_RUN=true | GLOBAL_ENABLED=false | SEND_EMAILS=false
[2026-05-12T18:00:00.103Z] [INFO] LIVE_TEST_ALLOWED_EMAIL=(not set) | LIVE_TEST_MAX_SENDS=0
[2026-05-12T18:00:00.124Z] [WARN] Supabase client check failed: supabaseKey is required. — proceeding with caution (graceful degradation)
[2026-05-12T18:00:00.752Z] [INFO] Fetched 7 leads from HubSpot
[2026-05-12T18:00:00.752Z] [INFO] [DRY_RUN] Would send emailmaria@hubspot.com: step 1 — Pipeline continuity
[2026-05-12T18:00:00.752Z] [WARN] Supabase logActivity exception: supabaseKey is required.
[2026-05-12T18:00:00.752Z] [INFO] [DRY_RUN] Would send bh@hubspot.com: step 1 — Pipeline continuity
[2026-05-12T18:00:00.753Z] [WARN] Supabase logActivity exception: supabaseKey is required.
[2026-05-12T18:00:00.753Z] [INFO] [DRY_RUN] Would send test-contact-2026-05-02@example.com: step 1 — Pipeline continuity
[2026-05-12T18:00:00.753Z] [WARN] Supabase logActivity exception: supabaseKey is required.
[2026-05-12T18:00:00.753Z] [INFO] [DRY_RUN] Would send hubspot-test@qiyadon.com: step 1 — Pipeline continuity
[2026-05-12T18:00:00.753Z] [WARN] Supabase logActivity exception: supabaseKey is required.
[2026-05-12T18:00:00.753Z] [INFO] [DRY_RUN] Would send ahmad.salim@qiyadon.com: step 3 — Follow-up gaps in growing pipelines
[2026-05-12T18:00:00.753Z] [WARN] Supabase logActivity exception: supabaseKey is required.
[2026-05-12T18:00:00.753Z] [INFO] [DRY_RUN] Would send hubspot-live-test2@qiyadon.com: step 1 — Pipeline continuity
[2026-05-12T18:00:00.753Z] [WARN] Supabase logActivity exception: supabaseKey is required.
[2026-05-12T18:00:00.753Z] [INFO] [DRY_RUN] Would send tester@qiyadon.com: step 1 — Pipeline continuity
[2026-05-12T18:00:00.753Z] [WARN] Supabase logActivity exception: supabaseKey is required.
[2026-05-12T18:00:00.754Z] [INFO] ══════════════════════════════════════════
[2026-05-12T18:00:00.754Z] [INFO] Follow-Up Engine complete
[2026-05-12T18:00:00.754Z] [INFO] Sent: 0 | Skipped: 7 | Escalated: 0 | Errors: 0
[2026-05-12T18:00:00.754Z] [INFO] ══════════════════════════════════════════
[2026-05-12T18:00:00.964Z] [INFO] ══════════════════════════════════════════
[2026-05-12T18:00:00.965Z] [INFO] Follow-Up Engine starting
[2026-05-12T18:00:00.965Z] [INFO] Time: 2026-05-12T18:00:00.965Z
[2026-05-12T18:00:00.965Z] [INFO] DRY_RUN=true | GLOBAL_ENABLED=false | SEND_EMAILS=false
[2026-05-12T18:00:00.965Z] [INFO] LIVE_TEST_ALLOWED_EMAIL=(not set) | LIVE_TEST_MAX_SENDS=0
[2026-05-12T18:00:00.986Z] [WARN] Supabase client check failed: supabaseKey is required. — proceeding with caution (graceful degradation)
[2026-05-12T18:00:03.068Z] [INFO] Fetched 7 leads from HubSpot
[2026-05-12T18:00:03.069Z] [INFO] [DRY_RUN] Would send emailmaria@hubspot.com: step 1 — Pipeline continuity
[2026-05-12T18:00:03.069Z] [WARN] Supabase logActivity exception: supabaseKey is required.
[2026-05-12T18:00:03.069Z] [INFO] [DRY_RUN] Would send bh@hubspot.com: step 1 — Pipeline continuity
[2026-05-12T18:00:03.070Z] [WARN] Supabase logActivity exception: supabaseKey is required.
[2026-05-12T18:00:03.070Z] [INFO] [DRY_RUN] Would send test-contact-2026-05-02@example.com: step 1 — Pipeline continuity
[2026-05-12T18:00:03.070Z] [WARN] Supabase logActivity exception: supabaseKey is required.
[2026-05-12T18:00:03.070Z] [INFO] [DRY_RUN] Would send hubspot-test@qiyadon.com: step 1 — Pipeline continuity
[2026-05-12T18:00:03.070Z] [WARN] Supabase logActivity exception: supabaseKey is required.
[2026-05-12T18:00:03.070Z] [INFO] [DRY_RUN] Would send ahmad.salim@qiyadon.com: step 3 — Follow-up gaps in growing pipelines
[2026-05-12T18:00:03.071Z] [WARN] Supabase logActivity exception: supabaseKey is required.
[2026-05-12T18:00:03.071Z] [INFO] [DRY_RUN] Would send hubspot-live-test2@qiyadon.com: step 1 — Pipeline continuity
[2026-05-12T18:00:03.071Z] [WARN] Supabase logActivity exception: supabaseKey is required.
[2026-05-12T18:00:03.071Z] [INFO] [DRY_RUN] Would send tester@qiyadon.com: step 1 — Pipeline continuity
[2026-05-12T18:00:03.071Z] [WARN] Supabase logActivity exception: supabaseKey is required.
[2026-05-12T18:00:03.071Z] [INFO] ══════════════════════════════════════════
[2026-05-12T18:00:03.072Z] [INFO] Follow-Up Engine complete
[2026-05-12T18:00:03.072Z] [INFO] Sent: 0 | Skipped: 7 | Escalated: 0 | Errors: 0
[2026-05-12T18:00:03.072Z] [INFO] ══════════════════════════════════════════
[2026-05-12T18:00:03.367Z] [INFO] ══════════════════════════════════════════
[2026-05-12T18:00:03.368Z] [INFO] Follow-Up Engine starting
[2026-05-12T18:00:03.368Z] [INFO] Time: 2026-05-12T18:00:03.368Z
[2026-05-12T18:00:03.368Z] [INFO] DRY_RUN=true | GLOBAL_ENABLED=false | SEND_EMAILS=false
[2026-05-12T18:00:03.368Z] [INFO] LIVE_TEST_ALLOWED_EMAIL=(not set) | LIVE_TEST_MAX_SENDS=0
[2026-05-12T18:00:03.389Z] [WARN] Supabase client check failed: supabaseKey is required. — proceeding with caution (graceful degradation)
[2026-05-12T18:00:03.820Z] [INFO] Fetched 7 leads from HubSpot
[2026-05-12T18:00:03.821Z] [INFO] [DRY_RUN] Would send emailmaria@hubspot.com: step 1 — Pipeline continuity
[2026-05-12T18:00:03.821Z] [WARN] Supabase logActivity exception: supabaseKey is required.
[2026-05-12T18:00:03.821Z] [INFO] [DRY_RUN] Would send bh@hubspot.com: step 1 — Pipeline continuity
[2026-05-12T18:00:03.821Z] [WARN] Supabase logActivity exception: supabaseKey is required.
[2026-05-12T18:00:03.821Z] [INFO] [DRY_RUN] Would send test-contact-2026-05-02@example.com: step 1 — Pipeline continuity
[2026-05-12T18:00:03.822Z] [WARN] Supabase logActivity exception: supabaseKey is required.
[2026-05-12T18:00:03.822Z] [INFO] [DRY_RUN] Would send hubspot-test@qiyadon.com: step 1 — Pipeline continuity
[2026-05-12T18:00:03.822Z] [WARN] Supabase logActivity exception: supabaseKey is required.
[2026-05-12T18:00:03.822Z] [INFO] [DRY_RUN] Would send ahmad.salim@qiyadon.com: step 3 — Follow-up gaps in growing pipelines
[2026-05-12T18:00:03.822Z] [WARN] Supabase logActivity exception: supabaseKey is required.
[2026-05-12T18:00:03.822Z] [INFO] [DRY_RUN] Would send hubspot-live-test2@qiyadon.com: step 1 — Pipeline continuity
[2026-05-12T18:00:03.822Z] [WARN] Supabase logActivity exception: supabaseKey is required.
[2026-05-12T18:00:03.822Z] [INFO] [DRY_RUN] Would send tester@qiyadon.com: step 1 — Pipeline continuity
[2026-05-12T18:00:03.822Z] [WARN] Supabase logActivity exception: supabaseKey is required.
[2026-05-12T18:00:03.822Z] [INFO] ══════════════════════════════════════════
[2026-05-12T18:00:03.822Z] [INFO] Follow-Up Engine complete
[2026-05-12T18:00:03.822Z] [INFO] Sent: 0 | Skipped: 7 | Escalated: 0 | Errors: 0
[2026-05-12T18:00:03.823Z] [INFO] ══════════════════════════════════════════
[2026-05-12T18:00:04.196Z] [INFO] ══════════════════════════════════════════
[2026-05-12T18:00:04.197Z] [INFO] Follow-Up Engine starting
[2026-05-12T18:00:04.197Z] [INFO] Time: 2026-05-12T18:00:04.197Z
[2026-05-12T18:00:04.197Z] [INFO] DRY_RUN=true | GLOBAL_ENABLED=false | SEND_EMAILS=false
[2026-05-12T18:00:04.197Z] [INFO] LIVE_TEST_ALLOWED_EMAIL=(not set) | LIVE_TEST_MAX_SENDS=0
[2026-05-12T18:00:04.218Z] [WARN] Supabase client check failed: supabaseKey is required. — proceeding with caution (graceful degradation)
[2026-05-12T18:00:04.807Z] [INFO] Fetched 7 leads from HubSpot
[2026-05-12T18:00:04.808Z] [INFO] [DRY_RUN] Would send emailmaria@hubspot.com: step 1 — Pipeline continuity
[2026-05-12T18:00:04.808Z] [WARN] Supabase logActivity exception: supabaseKey is required.
[2026-05-12T18:00:04.808Z] [INFO] [DRY_RUN] Would send bh@hubspot.com: step 1 — Pipeline continuity
[2026-05-12T18:00:04.809Z] [WARN] Supabase logActivity exception: supabaseKey is required.
[2026-05-12T18:00:04.809Z] [INFO] [DRY_RUN] Would send test-contact-2026-05-02@example.com: step 1 — Pipeline continuity
[2026-05-12T18:00:04.809Z] [WARN] Supabase logActivity exception: supabaseKey is required.
[2026-05-12T18:00:04.809Z] [INFO] [DRY_RUN] Would send hubspot-test@qiyadon.com: step 1 — Pipeline continuity
[2026-05-12T18:00:04.809Z] [WARN] Supabase logActivity exception: supabaseKey is required.
[2026-05-12T18:00:04.809Z] [INFO] [DRY_RUN] Would send ahmad.salim@qiyadon.com: step 3 — Follow-up gaps in growing pipelines
[2026-05-12T18:00:04.809Z] [WARN] Supabase logActivity exception: supabaseKey is required.
[2026-05-12T18:00:04.809Z] [INFO] [DRY_RUN] Would send hubspot-live-test2@qiyadon.com: step 1 — Pipeline continuity
[2026-05-12T18:00:04.809Z] [WARN] Supabase logActivity exception: supabaseKey is required.
[2026-05-12T18:00:04.809Z] [INFO] [DRY_RUN] Would send tester@qiyadon.com: step 1 — Pipeline continuity
[2026-05-12T18:00:04.809Z] [WARN] Supabase logActivity exception: supabaseKey is required.
[2026-05-12T18:00:04.809Z] [INFO] ══════════════════════════════════════════
[2026-05-12T18:00:04.810Z] [INFO] Follow-Up Engine complete
[2026-05-12T18:00:04.810Z] [INFO] Sent: 0 | Skipped: 7 | Escalated: 0 | Errors: 0
[2026-05-12T18:00:04.810Z] [INFO] ══════════════════════════════════════════
[2026-05-12T18:00:05.260Z] [INFO] ══════════════════════════════════════════
[2026-05-12T18:00:05.261Z] [INFO] Follow-Up Engine starting
[2026-05-12T18:00:05.261Z] [INFO] Time: 2026-05-12T18:00:05.261Z
[2026-05-12T18:00:05.261Z] [INFO] DRY_RUN=true | GLOBAL_ENABLED=false | SEND_EMAILS=false
[2026-05-12T18:00:05.261Z] [INFO] LIVE_TEST_ALLOWED_EMAIL=(not set) | LIVE_TEST_MAX_SENDS=0
[2026-05-12T18:00:05.283Z] [WARN] Supabase client check failed: supabaseKey is required. — proceeding with caution (graceful degradation)
[2026-05-12T18:00:05.715Z] [INFO] Fetched 7 leads from HubSpot
[2026-05-12T18:00:05.716Z] [INFO] [DRY_RUN] Would send emailmaria@hubspot.com: step 1 — Pipeline continuity
[2026-05-12T18:00:05.716Z] [WARN] Supabase logActivity exception: supabaseKey is required.
[2026-05-12T18:00:05.716Z] [INFO] [DRY_RUN] Would send bh@hubspot.com: step 1 — Pipeline continuity
[2026-05-12T18:00:05.717Z] [WARN] Supabase logActivity exception: supabaseKey is required.
[2026-05-12T18:00:05.717Z] [INFO] [DRY_RUN] Would send test-contact-2026-05-02@example.com: step 1 — Pipeline continuity
[2026-05-12T18:00:05.717Z] [WARN] Supabase logActivity exception: supabaseKey is required.
[2026-05-12T18:00:05.717Z] [INFO] [DRY_RUN] Would send hubspot-test@qiyadon.com: step 1 — Pipeline continuity
[2026-05-12T18:00:05.717Z] [WARN] Supabase logActivity exception: supabaseKey is required.
[2026-05-12T18:00:05.717Z] [INFO] [DRY_RUN] Would send ahmad.salim@qiyadon.com: step 3 — Follow-up gaps in growing pipelines
[2026-05-12T18:00:05.718Z] [WARN] Supabase logActivity exception: supabaseKey is required.
[2026-05-12T18:00:05.718Z] [INFO] [DRY_RUN] Would send hubspot-live-test2@qiyadon.com: step 1 — Pipeline continuity
[2026-05-12T18:00:05.718Z] [WARN] Supabase logActivity exception: supabaseKey is required.
[2026-05-12T18:00:05.718Z] [INFO] [DRY_RUN] Would send tester@qiyadon.com: step 1 — Pipeline continuity
[2026-05-12T18:00:05.718Z] [WARN] Supabase logActivity exception: supabaseKey is required.
[2026-05-12T18:00:05.718Z] [INFO] ══════════════════════════════════════════
[2026-05-12T18:00:05.718Z] [INFO] Follow-Up Engine complete
[2026-05-12T18:00:05.718Z] [INFO] Sent: 0 | Skipped: 7 | Escalated: 0 | Errors: 0
[2026-05-12T18:00:05.719Z] [INFO] ══════════════════════════════════════════
[2026-05-12T18:00:06.340Z] [INFO] ══════════════════════════════════════════
[2026-05-12T18:00:06.341Z] [INFO] Follow-Up Engine starting
[2026-05-12T18:00:06.341Z] [INFO] Time: 2026-05-12T18:00:06.341Z
[2026-05-12T18:00:06.342Z] [INFO] DRY_RUN=true | GLOBAL_ENABLED=false | SEND_EMAILS=false
[2026-05-12T18:00:06.342Z] [INFO] LIVE_TEST_ALLOWED_EMAIL=(not set) | LIVE_TEST_MAX_SENDS=0
[2026-05-12T18:00:06.362Z] [WARN] Supabase client check failed: supabaseKey is required. — proceeding with caution (graceful degradation)
[2026-05-12T18:00:06.864Z] [INFO] Fetched 7 leads from HubSpot
[2026-05-12T18:00:06.865Z] [INFO] [DRY_RUN] Would send emailmaria@hubspot.com: step 1 — Pipeline continuity
[2026-05-12T18:00:06.865Z] [WARN] Supabase logActivity exception: supabaseKey is required.
[2026-05-12T18:00:06.865Z] [INFO] [DRY_RUN] Would send bh@hubspot.com: step 1 — Pipeline continuity
[2026-05-12T18:00:06.865Z] [WARN] Supabase logActivity exception: supabaseKey is required.
[2026-05-12T18:00:06.865Z] [INFO] [DRY_RUN] Would send test-contact-2026-05-02@example.com: step 1 — Pipeline continuity
[2026-05-12T18:00:06.866Z] [WARN] Supabase logActivity exception: supabaseKey is required.
[2026-05-12T18:00:06.866Z] [INFO] [DRY_RUN] Would send hubspot-test@qiyadon.com: step 1 — Pipeline continuity
[2026-05-12T18:00:06.866Z] [WARN] Supabase logActivity exception: supabaseKey is required.
[2026-05-12T18:00:06.866Z] [INFO] [DRY_RUN] Would send ahmad.salim@qiyadon.com: step 3 — Follow-up gaps in growing pipelines
[2026-05-12T18:00:06.866Z] [WARN] Supabase logActivity exception: supabaseKey is required.
[2026-05-12T18:00:06.866Z] [INFO] [DRY_RUN] Would send hubspot-live-test2@qiyadon.com: step 1 — Pipeline continuity
[2026-05-12T18:00:06.866Z] [WARN] Supabase logActivity exception: supabaseKey is required.
[2026-05-12T18:00:06.866Z] [INFO] [DRY_RUN] Would send tester@qiyadon.com: step 1 — Pipeline continuity
[2026-05-12T18:00:06.866Z] [WARN] Supabase logActivity exception: supabaseKey is required.
[2026-05-12T18:00:06.866Z] [INFO] ══════════════════════════════════════════
[2026-05-12T18:00:06.866Z] [INFO] Follow-Up Engine complete
[2026-05-12T18:00:06.866Z] [INFO] Sent: 0 | Skipped: 7 | Escalated: 0 | Errors: 0
[2026-05-12T18:00:06.867Z] [INFO] ══════════════════════════════════════════
[2026-05-12T18:00:07.736Z] [INFO] ══════════════════════════════════════════
[2026-05-12T18:00:07.737Z] [INFO] Follow-Up Engine starting
[2026-05-12T18:00:07.737Z] [INFO] Time: 2026-05-12T18:00:07.737Z
[2026-05-12T18:00:07.737Z] [INFO] DRY_RUN=true | GLOBAL_ENABLED=false | SEND_EMAILS=false
[2026-05-12T18:00:07.737Z] [INFO] LIVE_TEST_ALLOWED_EMAIL=(not set) | LIVE_TEST_MAX_SENDS=0
[2026-05-12T18:00:07.758Z] [WARN] Supabase client check failed: supabaseKey is required. — proceeding with caution (graceful degradation)
[2026-05-12T18:00:08.274Z] [INFO] Fetched 7 leads from HubSpot
[2026-05-12T18:00:08.275Z] [INFO] [DRY_RUN] Would send emailmaria@hubspot.com: step 1 — Pipeline continuity
[2026-05-12T18:00:08.275Z] [WARN] Supabase logActivity exception: supabaseKey is required.
[2026-05-12T18:00:08.275Z] [INFO] [DRY_RUN] Would send bh@hubspot.com: step 1 — Pipeline continuity
[2026-05-12T18:00:08.275Z] [WARN] Supabase logActivity exception: supabaseKey is required.
[2026-05-12T18:00:08.276Z] [INFO] [DRY_RUN] Would send test-contact-2026-05-02@example.com: step 1 — Pipeline continuity
[2026-05-12T18:00:08.276Z] [WARN] Supabase logActivity exception: supabaseKey is required.
[2026-05-12T18:00:08.276Z] [INFO] [DRY_RUN] Would send hubspot-test@qiyadon.com: step 1 — Pipeline continuity
[2026-05-12T18:00:08.276Z] [WARN] Supabase logActivity exception: supabaseKey is required.
[2026-05-12T18:00:08.276Z] [INFO] [DRY_RUN] Would send ahmad.salim@qiyadon.com: step 3 — Follow-up gaps in growing pipelines
[2026-05-12T18:00:08.276Z] [WARN] Supabase logActivity exception: supabaseKey is required.
[2026-05-12T18:00:08.276Z] [INFO] [DRY_RUN] Would send hubspot-live-test2@qiyadon.com: step 1 — Pipeline continuity
[2026-05-12T18:00:08.276Z] [WARN] Supabase logActivity exception: supabaseKey is required.
[2026-05-12T18:00:08.276Z] [INFO] [DRY_RUN] Would send tester@qiyadon.com: step 1 — Pipeline continuity
[2026-05-12T18:00:08.276Z] [WARN] Supabase logActivity exception: supabaseKey is required.
[2026-05-12T18:00:08.276Z] [INFO] ══════════════════════════════════════════
[2026-05-12T18:00:08.277Z] [INFO] Follow-Up Engine complete
[2026-05-12T18:00:08.277Z] [INFO] Sent: 0 | Skipped: 7 | Escalated: 0 | Errors: 0
[2026-05-12T18:00:08.277Z] [INFO] ══════════════════════════════════════════
[2026-05-12T18:00:09.526Z] [INFO] ══════════════════════════════════════════
[2026-05-12T18:00:09.527Z] [INFO] Follow-Up Engine starting
[2026-05-12T18:00:09.527Z] [INFO] Time: 2026-05-12T18:00:09.527Z
[2026-05-12T18:00:09.527Z] [INFO] DRY_RUN=true | GLOBAL_ENABLED=false | SEND_EMAILS=false
[2026-05-12T18:00:09.527Z] [INFO] LIVE_TEST_ALLOWED_EMAIL=(not set) | LIVE_TEST_MAX_SENDS=0
[2026-05-12T18:00:09.548Z] [WARN] Supabase client check failed: supabaseKey is required. — proceeding with caution (graceful degradation)
[2026-05-12T18:00:10.007Z] [INFO] Fetched 7 leads from HubSpot
[2026-05-12T18:00:10.008Z] [INFO] [DRY_RUN] Would send emailmaria@hubspot.com: step 1 — Pipeline continuity
[2026-05-12T18:00:10.008Z] [WARN] Supabase logActivity exception: supabaseKey is required.
[2026-05-12T18:00:10.008Z] [INFO] [DRY_RUN] Would send bh@hubspot.com: step 1 — Pipeline continuity
[2026-05-12T18:00:10.008Z] [WARN] Supabase logActivity exception: supabaseKey is required.
[2026-05-12T18:00:10.008Z] [INFO] [DRY_RUN] Would send test-contact-2026-05-02@example.com: step 1 — Pipeline continuity
[2026-05-12T18:00:10.009Z] [WARN] Supabase logActivity exception: supabaseKey is required.
[2026-05-12T18:00:10.009Z] [INFO] [DRY_RUN] Would send hubspot-test@qiyadon.com: step 1 — Pipeline continuity
[2026-05-12T18:00:10.009Z] [WARN] Supabase logActivity exception: supabaseKey is required.
[2026-05-12T18:00:10.009Z] [INFO] [DRY_RUN] Would send ahmad.salim@qiyadon.com: step 3 — Follow-up gaps in growing pipelines
[2026-05-12T18:00:10.009Z] [WARN] Supabase logActivity exception: supabaseKey is required.
[2026-05-12T18:00:10.009Z] [INFO] [DRY_RUN] Would send hubspot-live-test2@qiyadon.com: step 1 — Pipeline continuity
[2026-05-12T18:00:10.009Z] [WARN] Supabase logActivity exception: supabaseKey is required.
[2026-05-12T18:00:10.009Z] [INFO] [DRY_RUN] Would send tester@qiyadon.com: step 1 — Pipeline continuity
[2026-05-12T18:00:10.009Z] [WARN] Supabase logActivity exception: supabaseKey is required.
[2026-05-12T18:00:10.009Z] [INFO] ══════════════════════════════════════════
[2026-05-12T18:00:10.009Z] [INFO] Follow-Up Engine complete
[2026-05-12T18:00:10.010Z] [INFO] Sent: 0 | Skipped: 7 | Escalated: 0 | Errors: 0
[2026-05-12T18:00:10.010Z] [INFO] ══════════════════════════════════════════
[2026-05-12T18:00:11.827Z] [INFO] ══════════════════════════════════════════
[2026-05-12T18:00:11.828Z] [INFO] Follow-Up Engine starting
[2026-05-12T18:00:11.829Z] [INFO] Time: 2026-05-12T18:00:11.828Z
[2026-05-12T18:00:11.829Z] [INFO] DRY_RUN=true | GLOBAL_ENABLED=false | SEND_EMAILS=false
[2026-05-12T18:00:11.829Z] [INFO] LIVE_TEST_ALLOWED_EMAIL=(not set) | LIVE_TEST_MAX_SENDS=0
[2026-05-12T18:00:11.850Z] [WARN] Supabase client check failed: supabaseKey is required. — proceeding with caution (graceful degradation)
[2026-05-12T18:00:12.273Z] [INFO] Fetched 7 leads from HubSpot
[2026-05-12T18:00:12.274Z] [INFO] [DRY_RUN] Would send emailmaria@hubspot.com: step 1 — Pipeline continuity
[2026-05-12T18:00:12.274Z] [WARN] Supabase logActivity exception: supabaseKey is required.
[2026-05-12T18:00:12.274Z] [INFO] [DRY_RUN] Would send bh@hubspot.com: step 1 — Pipeline continuity
[2026-05-12T18:00:12.274Z] [WARN] Supabase logActivity exception: supabaseKey is required.
[2026-05-12T18:00:12.274Z] [INFO] [DRY_RUN] Would send test-contact-2026-05-02@example.com: step 1 — Pipeline continuity
[2026-05-12T18:00:12.275Z] [WARN] Supabase logActivity exception: supabaseKey is required.
[2026-05-12T18:00:12.275Z] [INFO] [DRY_RUN] Would send hubspot-test@qiyadon.com: step 1 — Pipeline continuity
[2026-05-12T18:00:12.275Z] [WARN] Supabase logActivity exception: supabaseKey is required.
[2026-05-12T18:00:12.275Z] [INFO] [DRY_RUN] Would send ahmad.salim@qiyadon.com: step 3 — Follow-up gaps in growing pipelines
[2026-05-12T18:00:12.275Z] [WARN] Supabase logActivity exception: supabaseKey is required.
[2026-05-12T18:00:12.275Z] [INFO] [DRY_RUN] Would send hubspot-live-test2@qiyadon.com: step 1 — Pipeline continuity
[2026-05-12T18:00:12.275Z] [WARN] Supabase logActivity exception: supabaseKey is required.
[2026-05-12T18:00:12.275Z] [INFO] [DRY_RUN] Would send tester@qiyadon.com: step 1 — Pipeline continuity
[2026-05-12T18:00:12.275Z] [WARN] Supabase logActivity exception: supabaseKey is required.
[2026-05-12T18:00:12.275Z] [INFO] ══════════════════════════════════════════
[2026-05-12T18:00:12.275Z] [INFO] Follow-Up Engine complete
[2026-05-12T18:00:12.275Z] [INFO] Sent: 0 | Skipped: 7 | Escalated: 0 | Errors: 0
[2026-05-12T18:00:12.276Z] [INFO] ══════════════════════════════════════════
[2026-05-12T18:00:14.948Z] [INFO] ══════════════════════════════════════════
[2026-05-12T18:00:14.949Z] [INFO] Follow-Up Engine starting
[2026-05-12T18:00:14.949Z] [INFO] Time: 2026-05-12T18:00:14.949Z
[2026-05-12T18:00:14.949Z] [INFO] DRY_RUN=true | GLOBAL_ENABLED=false | SEND_EMAILS=false
[2026-05-12T18:00:14.949Z] [INFO] LIVE_TEST_ALLOWED_EMAIL=(not set) | LIVE_TEST_MAX_SENDS=0
[2026-05-12T18:00:14.970Z] [WARN] Supabase client check failed: supabaseKey is required. — proceeding with caution (graceful degradation)
[2026-05-12T18:00:15.250Z] [INFO] Fetched 7 leads from HubSpot
[2026-05-12T18:00:15.252Z] [INFO] [DRY_RUN] Would send emailmaria@hubspot.com: step 1 — Pipeline continuity
[2026-05-12T18:00:15.253Z] [WARN] Supabase logActivity exception: supabaseKey is required.
[2026-05-12T18:00:15.254Z] [INFO] [DRY_RUN] Would send bh@hubspot.com: step 1 — Pipeline continuity
[2026-05-12T18:00:15.255Z] [WARN] Supabase logActivity exception: supabaseKey is required.
[2026-05-12T18:00:15.255Z] [INFO] [DRY_RUN] Would send test-contact-2026-05-02@example.com: step 1 — Pipeline continuity
[2026-05-12T18:00:15.256Z] [WARN] Supabase logActivity exception: supabaseKey is required.
[2026-05-12T18:00:15.256Z] [INFO] [DRY_RUN] Would send hubspot-test@qiyadon.com: step 1 — Pipeline continuity
[2026-05-12T18:00:15.257Z] [WARN] Supabase logActivity exception: supabaseKey is required.
[2026-05-12T18:00:15.257Z] [INFO] [DRY_RUN] Would send ahmad.salim@qiyadon.com: step 3 — Follow-up gaps in growing pipelines
[2026-05-12T18:00:15.258Z] [WARN] Supabase logActivity exception: supabaseKey is required.
[2026-05-12T18:00:15.258Z] [INFO] [DRY_RUN] Would send hubspot-live-test2@qiyadon.com: step 1 — Pipeline continuity
[2026-05-12T18:00:15.259Z] [WARN] Supabase logActivity exception: supabaseKey is required.
[2026-05-12T18:00:15.259Z] [INFO] [DRY_RUN] Would send tester@qiyadon.com: step 1 — Pipeline continuity
[2026-05-12T18:00:15.259Z] [WARN] Supabase logActivity exception: supabaseKey is required.
[2026-05-12T18:00:15.260Z] [INFO] ══════════════════════════════════════════
[2026-05-12T18:00:15.260Z] [INFO] Follow-Up Engine complete
[2026-05-12T18:00:15.260Z] [INFO] Sent: 0 | Skipped: 7 | Escalated: 0 | Errors: 0
[2026-05-12T18:00:15.261Z] [INFO] ══════════════════════════════════════════
